#dP2022 08 29 07 53  0.00000000   86400 ORBIT IGS14 HLM  IGS
## 2225  86400.00000000     0.00000000 59820 0.3287037037037
+  177   G01G02G03G04G05G06G07G08G09G10G11G12G13G14G15G16G17
+        G18G19G20G21G22G23G24G25G26G27G28G29G30G31G32R01R02
+        R03R04R05R06R07R08R09R10R11R12R13R14R15R16R17R18R19
+        R20R21R22R23R24R25R26E01E02E03E04E05E06E07E08E09E10
+        E11E12E13E14E15E16E17E18E19E20E21E22E23E24E25E26E27
+        E28E29E30E31E32E33E34E35E36C01C02C03C04C05C06C07C08
+        C09C10C11C12C13C14C15C16C17C18C19C20C21C22C23C24C25
+        C26C27C28C29C30C31C32C33C34C35C36C37C38C39C40C41C42
+        C43C44C45C46C47C48C49C50C51C52C53C54C55C56C57C58C59
+        C60C61C62C63J01J02J03J04I01I02I03I04I05I06I07S20S24
+        S27S28S29S33S35S37S38  0  0  0  0  0  0  0  0  0  0
++         0  0  0  0  0  0  0  0  0  0  0  0  0  0  0  0  0
++         0  0  0  0  0  0  0  0  0  0  0  0  0  0  0  0  0
++         0  0  0  0  0  0  0  0  0  0  0  0  0  0  0  0  0
++         0  0  0  0  0  0  0  0  0  0  0  0  0  0  0  0  0
++         0  0  0  0  0  0  0  0  0  0  0  0  0  0  0  0  0
++         0  0  0  0  0  0  0  0  0  0  0  0  0  0  0  0  0
++         0  0  0  0  0  0  0  0  0  0  0  0  0  0  0  0  0
++         0  0  0  0  0  0  0  0  0  0  0  0  0  0  0  0  0
++         0  0  0  0  0  0  0  0  0  0  0  0  0  0  0  0  0
++         0  0  0  0  0  0  0  0  0  0  0  0  0  0  0  0  0
++         0  0  0  0  0  0  0  0  0  0  0  0  0  0  0  0  0
%c M  cc GPS ccc cccc cccc cccc cccc ccccc ccccc ccccc ccccc
%c cc cc ccc ccc cccc cccc cccc cccc ccccc ccccc ccccc ccccc
%f  0.0000000  0.000000000  0.00000000000  0.000000000000000
%f  0.0000000  0.000000000  0.00000000000  0.000000000000000
%i    0    0    0    0      0      0      0      0         0
%i    0    0    0    0      0      0      0      0         0
/*                                                          
/*                                                          
/*                                                          
/*                                                          
*  2022 08 29 08 00 00.00000000
PE02  16931.983936  10360.957475 -21955.003381    321.347565
PE03  21640.631498  20174.922170    626.920611   -594.346195
PE04 -23879.248144  -6013.084387  16431.934425  -1103.793664
PE05   6619.113441  22784.549620  17696.224969   -149.067826
PE07  11994.254927 -12112.004654 -24196.717805   -700.759381
PE08  23792.786320   5902.291362 -16583.222151   -589.485351
PE09 -11955.151788  11956.447700  24296.396882   -639.602734
PE11 -13473.513156  22917.337931 -13036.192490   2444.788185
PE12 -16676.666513   2589.660414 -24326.343387   -140.341645
PE13  13680.403415 -22389.791448  13702.646897    430.427149
PE15  16570.536840  -2413.823211  24408.619418    723.862925
PE19 -20268.846704 -21346.395315  -3107.876556  -4678.616807
PE21   2996.055732 -17787.148350  23476.602241   -754.582690
PE24 -23193.932031  14968.929854 -10662.417464   -807.077145
PE25  -3333.824395  17825.641577 -23380.223190   -586.056542
PE26   2236.084761 -28947.256154  -5798.371560  -1550.329790
PE27  22423.600786 -15471.208253  11595.017277   -379.425021
PE30  28368.269622  -3326.653954  -7791.682450   -793.052223
PE31 -28470.881404   4052.235661   7026.201005   -502.520288
PE33  -9667.633812 -18873.567408 -20654.244968   -453.620236
PE36  -2797.546013  29049.647994   4936.364152   -423.620033
PG01  13641.005031 -20102.080404  10010.844223    293.440761
PG02 -15442.930043  10456.849238 -18359.936234   -647.757173
PG03  20746.837985 -12284.856835 -11137.831970   -341.352340
PG05 -25952.298805   5869.090628  -1393.606000    -94.647899
PG06  -8932.713927 -15035.825778 -19905.997150    442.352642
PG07   4621.302157 -25511.933510   4789.762700    311.553627
PG08  17033.338506  -2592.523515  20265.924103    -82.401330
PG09   -530.601934 -19322.257624 -18274.977411   -302.661578
PG11 -14963.291367  -3093.754815 -21724.355225    -13.162758
PG12 -22326.961995  10324.233596 -10148.854693   -269.798051
PG13 -19127.859527  -7428.536728  16801.354843    377.106795
PG14  -7420.524672 -14082.897820  21281.566945   -106.936203
PG15 -16939.394912   4745.310785  19547.882565    -33.409931
PG16  25938.442611   1460.496416  -6858.033438   -522.355479
PG17 -11850.314346 -22687.131619   7410.432386    653.542753
PG18  -4917.692672  25511.163787   5160.451125     66.430968
PG19 -17425.439782 -19992.479771  -3294.506818    203.515291
PG20 -22565.618316  -1746.378608 -13706.326468    490.862023
PG21  15692.717077 -11909.253287  18079.520284    160.046318
PG22  18466.063922  18507.708916  -4766.500941    318.237811
PG23  -2075.304610  15612.066597  21356.857371    -38.333409
PG24 -14259.199957  17329.134941  13562.464183    153.456102
PG25 -11158.357971  15840.692485 -18332.279411    366.134351
PG26  21347.188766   5542.000994 -15112.251532    226.027793
PG27  21037.144395   9695.582713  13126.548063    216.403254
PG29  -1273.139360  18775.540633 -18756.164913   -546.946740
PG30  -3391.425312 -22288.633797  13932.208125   -536.477299
PG31  10785.262558  13133.722296 -20432.857975   -191.395316
PG32  15335.943817  21340.955591   4656.939309   -217.442030
PR01   6034.577423  13134.302600  21011.101721     13.901932
PR02  21331.781518  12411.692613   6617.977936    528.248999
PR03  22819.633987   3967.402501 -10711.817910     62.726989
PR04  11495.621136  -6241.951645 -21877.507497    155.627232
PR05  -5994.513347 -13174.601524 -20990.003231     98.733717
PR07 -22489.245234  -3447.356655  11516.856836     40.131458
PR08 -11344.116092   6524.155952  21941.805634    -66.923215
PR09 -11188.856852  -5207.049579  22356.076082     73.791265
PR12  -5405.853984  15855.717412 -19198.518685     20.574039
PR13   9741.262540   6210.529631 -22748.891885    -26.225011
PR14  20544.082725  -8365.168349 -12558.285435     24.386442
PR15  18442.479080 -17035.213186   4520.196903     93.994383
PR17  10627.551962    140.341590  23191.321780    556.548909
PR18   6184.164614 -16853.656391  18113.279140     39.816960
PR19   -178.929112 -25073.708933   4720.979877   -201.712719
PR20  -8369.215376 -18799.078189 -15048.412620    -77.389190
PR21 -10362.609792   1451.673474 -23266.533813   -329.408383
PR24   9381.624719  17998.464952  15447.372717    111.568664
*  2022 08 29 08 00 10.00000000
PE02  16910.847473  10367.223112 -21968.316720    321.347591
PE03  21640.454390  20174.150348    656.927863   -594.346238
PE04 -23891.688629  -6023.867464  16409.884762  -1103.793736
PE05   6606.153540  22772.407331  17716.688229   -149.067789
PE07  12012.260827 -12095.734871 -24195.915202   -700.759415
PE08  23805.457910   5913.059128 -16561.173210   -589.485405
PE09 -11973.288932  11940.177390  24295.480570   -639.602915
PE11 -13469.470855  22904.812257 -13062.383576   2444.786657
PE12 -16671.318054   2565.825000 -24332.529800   -140.341777
PE13  13676.202091 -22376.584907  13728.381946    430.427156
PE15  16565.222620  -2389.872806  24414.578386    723.862899
PE19 -20266.948865 -21343.820509  -3137.756498  -4678.615797
PE21   3018.396246 -17794.551315  23468.126727   -754.582788
PE24 -23203.901171  14972.837823 -10635.179494   -807.077356
PE25  -3356.110616  17833.033395 -23371.399992   -586.056513
PE26   2235.845168 -28953.239536  -5768.513216  -1550.330188
PE27  22434.413748 -15475.494007  11568.333161   -379.425072
PE30  28360.565715  -3325.054513  -7820.348026   -793.052499
PE31 -28463.908859   4050.902828   7055.221191   -502.520294
PE33  -9664.349295 -18894.071510 -20637.028327   -453.620303
PE36  -2796.916109  29054.834336   4906.124940   -423.620086
PG01  13638.776043 -20088.845503  10039.854761    293.440700
PG02 -15438.800211  10432.602198 -18376.464836   -647.757159
PG03  20760.917772 -12285.802058 -11110.105751   -341.352405
PG05 -25951.463620   5866.115428  -1425.228451    -94.648078
PG06  -8924.049874 -15059.670268 -19891.826596    442.352782
PG07   4626.299738 -25516.250600   4758.698170    311.553725
PG08  17050.487975  -2573.342161  20254.315626    -82.401353
PG09   -513.515764 -19306.635669 -18292.073683   -302.661526
PG11 -14953.812689  -3119.651762 -21727.210034    -13.162727
PG12 -22339.674692  10323.749688 -10120.493645   -269.798068
PG13 -19138.809612  -7447.153480  16781.010050    377.106909
PG14  -7394.021653 -14088.232969  21287.154784   -106.936178
PG15 -16958.261766   4727.680164  19536.352590    -33.409872
PG16  25930.516848   1463.580027  -6888.060680   -522.355494
PG17 -11843.124338 -22681.566316   7440.737075    653.542771
PG18  -4922.162287  25516.577620   5129.254329     66.430845
PG19 -17426.047577 -19996.778778  -3262.915682    203.515332
PG20 -22550.297150  -1755.387233 -13730.585989    490.861987
PG21  15689.619063 -11887.370177  18097.930725    160.046299
PG22  18467.977685  18514.479359  -4735.591474    318.237880
PG23  -2101.778876  15618.048348  21349.778961    -38.333417
PG24 -14258.291708  17310.884163  13586.576879    153.455972
PG25 -11180.968657  15844.111800 -18315.004092    366.134390
PG26  21329.543483   5549.394108 -15134.248429    226.027756
PG27  21047.208401   9709.198034  13101.133613    216.403237
PG29  -1288.699824  18757.613367 -18773.153371   -546.946801
PG30  -3383.098803 -22304.504196  13908.406526   -536.477289
PG31  10775.751640  13157.709604 -20421.914556   -191.395325
PG32  15330.124629  21338.555588   4687.795061   -217.442148
PR01   6007.941008  13123.371972  21025.567134     13.901907
PR02  21324.167696  12406.551429   6652.202735    528.249038
PR03  22833.794706   3971.616224 -10680.206023     62.727020
PR04  11523.529943  -6230.877911 -21866.003003    155.627189
PR05  -5968.306409 -13162.660977 -21004.974692     98.733641
PR07 -22504.306479  -3452.047394  11485.854261     40.131505
PR08 -11371.936927   6513.170132  21930.612637    -66.923225
PR09 -11164.921922  -5225.985118  22363.557749     73.791226
PR12  -5426.144479  15872.551240 -19178.895529     20.574061
PR13   9716.772777   6229.740404 -22754.115417    -26.225033
PR14  20529.828198  -8355.389856 -12588.043509     24.386550
PR15  18446.433975 -17040.112481   4485.252185     93.994456
PR17  10631.671766    171.852181  23189.176485    556.548961
PR18   6185.596201 -16828.805355  18135.931835     39.816989
PR19   -180.864162 -25067.000777   4756.355459   -201.712749
PR20  -8373.009585 -18819.468610 -15020.771187    -77.389235
PR21 -10366.444230   1420.011766 -23266.812299   -329.408451
PR24   9385.444356  18019.286430  15420.711813    111.568630
*  2022 08 29 08 00 20.00000000
PE02  16889.703163  10373.509158 -21981.596288    321.347612
PE03  21640.254361  20173.358498    686.934105   -594.346280
PE04 -23904.120822  -6034.626353  16387.809883  -1103.793819
PE05   6593.169287  22760.261068  17737.124255   -149.067756
PE07  12030.278370 -12079.479197 -24195.075403   -700.759446
PE08  23818.121245   5923.802473 -16539.098802   -589.485467
PE09 -11991.437763  11923.921542  24294.526920   -639.603045
PE11 -13465.433322  22892.257698 -13088.554601   2444.785130
PE12 -16665.987630   2541.979223 -24338.678843   -140.341987
PE13  13672.006303 -22363.349753  13754.095895    430.427156
PE15  16559.926692  -2365.912262  24420.499832    723.862877
PE19 -20265.026882 -21341.227032  -3167.631616  -4678.614770
PE21   3040.722923 -17801.968986  23459.615166   -754.582806
PE24 -23213.841259  14976.745241 -10607.925163   -807.077566
PE25  -3378.382667  17840.439753 -23362.540832   -586.056522
PE26   2235.594624 -28959.193485  -5738.646009  -1550.330631
PE27  22445.197933 -15479.779971  11541.631276   -379.425160
PE30  28352.835669  -3323.440478  -7849.001588   -793.052808
PE31 -28456.909670   4049.555737   7084.230535   -502.520301
PE33  -9661.084962 -18914.561405 -20619.779973   -453.620299
PE36  -2796.275850  29059.990537   4875.878185   -423.620139
PG01  13636.543665 -20075.573887  10068.843232    293.440650
PG02 -15434.679639  10408.331492 -18392.952568   -647.757172
PG03  20774.963048 -12286.748182 -11082.355889   -341.352471
PG05 -25950.591889   5863.129740  -1456.847899    -94.648123
PG06  -8915.406217 -15083.503127 -19877.613424    442.352925
PG07   4631.283444 -25520.533037   4727.623288    311.553715
PG08  17067.638367  -2554.181738  20242.664255    -82.401349
PG09   -496.405991 -19291.008037 -18309.131218   -302.661477
PG11 -14944.347931  -3145.557547 -21730.018620    -13.162739
PG12 -22352.352709  10323.267943 -10092.111182   -269.798119
PG13 -19149.756112  -7465.742315  16760.629395    377.106963
PG14  -7367.514660 -14093.584355  21292.697420   -106.936144
PG15 -16977.126177   4710.069212  19524.779798    -33.409830
PG16  25922.556095   1466.672994  -6918.073765   -522.355525
PG17 -11835.907542 -22675.975797   7471.026086    653.542763
PG18  -4926.616092  25521.956798   5098.046528     66.430727
PG19 -17426.634488 -20001.045781  -3231.317729    203.515353
PG20 -22534.952610  -1764.415377 -13754.815962    490.861963
PG21  15686.528617 -11865.464094  18116.303433    160.046281
PG22  18469.871896  18521.217550  -4704.671948    318.237982
PG23  -2128.241044  15624.043696  21342.655008    -38.333419
PG24 -14257.386157  17292.602996  13610.659530    153.455851
PG25 -11203.556816  15847.539226 -18297.690303    366.134442
PG26  21311.875851   5556.804349 -15156.213755    226.027784
PG27  21057.258986   9722.783347  13075.691491    216.403217
PG29  -1304.284386  18739.678930 -18790.101932   -546.946838
PG30  -3374.789978 -22320.350827  13884.575141   -536.477279
PG31  10766.258552  13181.689832 -20410.927771   -191.395384
PG32  15324.277929  21336.130698   4718.640982   -217.442241
PR01   5981.277419  13112.455626  21039.981983     13.901864
PR02  21316.506721  12401.398318   6686.411626    528.248884
PR03  22847.918899   3975.801892 -10648.568487     62.727055
PR04  11551.433279  -6219.833151 -21854.445882    155.627188
PR05  -5942.070853 -13150.733950 -21019.895576     98.733675
PR07 -22519.332371  -3456.709723  11454.824049     40.131522
PR08 -11399.752625   6502.212784  21919.367205    -66.923308
PR09 -11140.993867  -5244.945870  22370.985889     73.791269
PR12  -5446.400272  15889.384819 -19159.226214     20.574090
PR13   9692.292916   6248.975247 -22759.284346    -26.225060
PR14  20515.549545  -8345.574868 -12617.771282     24.386535
PR15  18450.347308 -17044.985619   4450.296724     93.994543
PR17  10635.817682    203.356413  23186.975621    556.548987
PR18   6187.052497 -16803.924944  18158.541016     39.817010
PR19   -182.789102 -25060.242957   4791.719656   -201.712763
PR20  -8376.817825 -18839.818228 -14993.093625    -77.389115
PR21 -10370.305480   1388.353031 -23267.034987   -329.408483
PR24   9389.276798  18040.068643  15394.013880    111.568647
*  2022 08 29 08 00 30.00000000
PE02  16868.551056  10379.815620 -21994.842064    321.347637
PE03  21640.031384  20172.546654    716.939290   -594.346315
PE04 -23916.544675  -6045.361055  16365.709824  -1103.793902
PE05   6580.160688  22748.110881  17757.533014   -149.067722
PE07  12048.307516 -12063.237667 -24194.198411   -700.759479
PE08  23830.776275   5934.521398 -16516.998962   -589.485538
PE09 -12009.598241  11907.680191  24293.535934   -639.603184
PE11 -13461.400602  22879.674275 -13114.705523   2444.783602
PE12 -16660.675261   2518.123133 -24344.790507   -140.342191
PE13  13667.816096 -22350.086009  13779.788702    430.427153
PE15  16554.649074  -2341.941631  24426.383747    723.862850
PE19 -20263.080730 -21338.614921  -3197.501865  -4678.613720
PE21   3063.035717 -17809.401334  23451.067569   -754.582826
PE24 -23223.752285  14980.652062 -10580.654513   -807.077776
PE25  -3400.640504  17847.860623 -23353.645725   -586.056529
PE26   2235.333173 -28965.117980  -5708.769987  -1550.331065
PE27  22455.953331 -15484.066100  11514.911662   -379.425249
PE30  28345.079513  -3321.811813  -7877.643092   -793.053116
PE31 -28449.883865   4048.194350   7113.228993   -502.520306
PE33  -9657.840794 -18935.037042 -20602.499931   -453.620297
PE36  -2795.625282  29065.116577   4845.623933   -423.620188
PG01  13634.307955 -20062.265572  10097.809572    293.440468
PG02 -15430.568367  10384.037173 -18409.399392   -647.757295
PG03  20788.973788 -12287.695157 -11054.582443   -341.352653
PG05 -25949.683630   5860.133516  -1488.464275    -94.648207
PG06  -8906.782953 -15107.324287 -19863.357663    442.352958
PG07   4636.253318 -25524.780791   4696.538120    311.553585
PG08  17084.789625  -2535.042278  20230.970015    -82.401403
PG09   -479.272636 -19275.374790 -18326.149979   -302.661535
PG11 -14934.897120  -3171.472108 -21732.780977    -13.162865
PG12 -22364.996022  10322.788311 -10063.707363   -269.798282
PG13 -19160.698970  -7484.303205  16740.212923    377.106899
PG14  -7341.003760 -14098.951974  21298.194840   -106.936223
PG15 -16995.988087   4692.477955  19513.164218    -33.409912
PG16  25914.560378   1469.775363  -6948.072632   -522.355642
PG17 -11828.663936 -22670.360112   7501.299355    653.542653
PG18  -4931.054129  25527.301290   5066.827791     66.430506
PG19 -17427.200467 -20005.280804  -3199.713027    203.515243
PG20 -22519.584747  -1773.463059 -13779.016334    490.861832
PG21  15683.445781 -11843.535088  18134.638372    160.046175
PG22  18471.746509  18527.923510  -4673.742429    318.237970
PG23  -2154.691051  15630.052614  21335.485527    -38.333528
PG24 -14256.483350  17274.291475  13634.712085    153.455648
PG25 -11226.122398  15850.974723 -18280.338079    366.134375
PG26  21294.185921   5564.231738 -15178.147464    226.027696
PG27  21067.296092   9736.338649  13050.221751    216.403079
PG29  -1319.893032  18721.737386 -18807.010560   -546.946984
PG30  -3366.498815 -22336.173638  13860.714019   -536.477392
PG31  10756.783298  13205.662914 -20399.897641   -191.395560
PG32  15318.403692  21333.680963   4749.477008   -217.442455
PR01   5954.586730  13101.553656  21054.346272     13.901933
PR02  21308.798622  12396.233376   6720.604537    528.248953
PR03  22862.006523   3979.959566 -10616.905404     62.727109
PR04  11579.331050  -6208.817425 -21842.836166    155.627297
PR05  -5915.806785 -13138.820582 -21034.765913     98.733707
PR07 -22534.322886  -3461.343694  11423.766296     40.131546
PR08 -11427.563102   6491.283919  21908.069380    -66.923199
PR09 -11117.072746  -5263.931752  22378.360484     73.791437
PR12  -5466.621290  15906.218082 -19139.510731     20.574128
PR13   9667.823025   6268.234115 -22764.398661    -26.225029
PR14  20501.246768  -8335.723390 -12647.468683     24.386591
PR15  18454.219058 -17049.832568   4415.330575     93.994603
PR17  10639.989669    234.854198  23184.719095    556.549015
PR18   6188.533524 -16779.015236  18181.106556     39.817093
PR19   -184.703808 -25053.435521   4827.072351   -201.712847
PR20  -8380.640016 -18860.126978 -14965.379987    -77.389011
PR21 -10374.193526   1356.697353 -23267.201823   -329.408488
PR24   9393.121963  18060.811522  15367.278964    111.568691
*  2022 08 29 08 00 40.00000000
PE02  16847.391205  10386.142501 -22008.054029    321.347657
PE03  21639.785428  20171.714849    746.943372   -594.346351
PE04 -23928.960140  -6056.071571  16343.584618  -1103.793988
PE05   6567.127753  22735.956815  17777.914475   -149.067689
PE07  12066.348228 -12047.010313 -24193.284227   -700.759511
PE08  23843.422953   5945.215904 -16494.873723   -589.485595
PE09 -12027.770328  11891.453368  24292.507613   -639.603318
PE11 -13457.372742  22867.062006 -13140.836304   2444.782059
PE12 -16655.380967   2494.256780 -24350.864782   -140.342384
PE13  13663.631518 -22336.793695  13805.460330    430.427157
PE15  16549.389789  -2317.960962  24432.230123    723.862829
PE19 -20261.110383 -21335.984215  -3227.367198  -4678.612683
PE21   3085.334585 -17816.848334  23442.483951   -754.582847
PE24 -23233.634240  14984.558240 -10553.367585   -807.077988
PE25  -3422.884085  17855.295976 -23344.714683   -586.056543
PE26   2235.060859 -28971.012998  -5678.885195  -1550.331504
PE27  22466.679932 -15488.352348  11488.174362   -379.425336
PE30  28337.297275  -3320.168481  -7906.272494   -793.053427
PE31 -28442.831472   4046.818629   7142.216520   -502.520312
PE33  -9654.616774 -18955.498371 -20585.188229   -453.620283
PE36  -2794.964448  29070.212435   4815.362230   -423.620248
PG01  13632.068968 -20048.920574  10126.753717    293.440399
PG02 -15426.466434  10359.719295 -18425.805270   -647.757301
PG03  20802.949967 -12288.642930 -11026.785472   -341.352723
PG05 -25948.738862   5857.126706  -1520.077515    -94.648187
PG06  -8898.180078 -15131.133680 -19849.059343    442.353088
PG07   4641.209402 -25528.993830   4665.442734    311.553510
PG08  17101.941694  -2515.923813  20219.232933    -82.401403
PG09   -462.115717 -19259.735985 -18343.129931   -302.661478
PG11 -14925.460286  -3197.395383 -21735.497099    -13.162887
PG12 -22377.604605  10322.310742 -10035.282248   -269.798312
PG13 -19171.638127  -7502.836129  16719.760677    377.106977
PG14  -7314.489018 -14104.335823  21303.647032   -106.936209
PG15 -17014.847438   4674.906418  19501.505876    -33.409870
PG16  25906.529725   1472.887180  -6978.057220   -522.355651
PG17 -11821.393494 -22664.719312   7531.556819    653.542718
PG18  -4935.476443  25532.611064   5035.598184     66.430371
PG19 -17427.745464 -20009.483870  -3168.101639    203.515271
PG20 -22504.193618  -1782.530299 -13803.187055    490.861830
PG21  15680.370596 -11821.583204  18152.935508    160.046161
PG22  18473.601475  18534.597258  -4642.802983    318.238043
PG23  -2181.128834  15636.075074  21328.270532    -38.333534
PG24 -14255.583332  17255.949634  13658.734489    153.455502
PG25 -11248.665355  15854.418253 -18262.947455    366.134417
PG26  21276.473744   5571.676297 -15200.049509    226.027713
PG27  21077.319661   9749.863941  13024.724448    216.403059
PG29  -1335.525746  18703.788799 -18823.879219   -546.947012
PG30  -3358.225292 -22351.972576  13836.823211   -536.477398
PG31  10747.325881  13229.628783 -20388.824186   -191.395610
PG32  15312.501892  21331.206429   4780.303073   -217.442571
PR01   5927.869012  13090.666123  21068.659967     13.902011
PR02  21301.043395  12391.056682   6754.781387    528.249149
PR03  22876.057512   3984.089292 -10585.216852     62.727288
PR04  11607.223163  -6197.830743 -21831.173883    155.627459
PR05  -5889.514275 -13126.920938 -21049.585668     98.733868
PR07 -22549.277954  -3465.949348  11392.681077     40.131667
PR08 -11455.368264   6480.383548  21896.719189    -66.923117
PR09 -11093.158640  -5282.942719  22385.681515     73.791555
PR12  -5486.807494  15923.050948 -19119.749126     20.574322
PR13   9643.363185   6287.516957 -22769.458349    -26.224916
PR14  20486.919948  -8325.835408 -12677.135639     24.386712
PR15  18458.049256 -17054.653258   4380.353820     93.994763
PR17  10644.187708    266.345441  23182.406911    556.549227
PR18   6190.039322 -16754.076312  18203.628402     39.817262
PR19   -186.608204 -25046.578497   4862.413459   -201.712734
PR20  -8384.476092 -18880.394802 -14937.630339    -77.388886
PR21 -10378.108356   1325.044830 -23267.312808   -329.408339
PR24   9396.979783  18081.515006  15340.507130    111.568938
*  2022 08 29 08 00 50.00000000
PE02  16826.223658  10392.489808 -22021.232161    321.347681
PE03  21639.516466  20170.863119    776.946306   -594.346384
PE04 -23941.367170  -6066.757903  16321.434299  -1103.794077
PE05   6554.070487  22723.798921  17798.268607   -149.067654
PE07  12084.400465 -12030.797168 -24192.332852   -700.759542
PE08  23856.061229   5955.885994 -16472.723119   -589.485656
PE09 -12045.953984  11875.241107  24291.441959   -639.603452
PE11 -13453.349788  22854.420913 -13166.946902   2444.780531
PE12 -16650.104769   2470.380216 -24356.901658   -140.342578
PE13  13659.452614 -22323.472832  13831.110737    430.427156
PE15  16544.148854  -2293.970307  24438.038950    723.862810
PE19 -20259.115817 -21333.334950  -3257.227569  -4678.611653
PE21   3107.619485 -17824.309955  23433.864323   -754.582874
PE24 -23243.487116  14988.463727 -10526.064421   -807.078196
PE25  -3445.113366  17862.745786 -23335.747721   -586.056553
PE26   2234.777723 -28976.878517  -5648.991679  -1550.331947
PE27  22477.377723 -15492.638668  11461.419415   -379.425424
PE30  28329.488985  -3318.510445  -7934.889750   -793.053734
PE31 -28435.752518   4045.428538   7171.193071   -502.520321
PE33  -9651.412885 -18975.945341 -20567.844893   -453.620291
PE36  -2794.293394  29075.278091   4785.093125   -423.620305
PG01  13629.826761 -20035.538909  10155.675603    293.440343
PG02 -15422.373880  10335.377910 -18442.170161   -647.757267
PG03  20816.891561 -12289.591447 -10998.965034   -341.352807
PG05 -25947.757602   5854.109264  -1551.687550    -94.648184
PG06  -8889.597589 -15154.931238 -19834.718494    442.353213
PG07   4646.151737 -25533.172124   4634.337196    311.553416
PG08  17119.094516  -2496.826375  20207.453035    -82.401404
PG09   -444.935254 -19244.091683 -18360.071038   -302.661438
PG11 -14916.037455  -3223.327311 -21738.166981    -13.162907
PG12 -22390.178435  10321.835184 -10006.835895   -269.798348
PG13 -19182.573528  -7521.341062  16699.272703    377.107029
PG14  -7287.970499 -14109.735899  21309.053984   -106.936185
PG15 -17033.704172   4657.354628  19489.804801    -33.409836
PG16  25898.464162   1476.008492  -7008.027467   -522.355691
PG17 -11814.096193 -22659.053448   7561.798417    653.542782
PG18  -4939.883076  25537.886089   5004.357773     66.430252
PG19 -17428.269433 -20013.655000  -3136.483633    203.515310
PG20 -22488.779275  -1791.617115 -13827.328073    490.861812
PG21  15677.303104 -11799.608491  18171.194807    160.046149
PG22  18475.436748  18541.238816  -4611.853677    318.238081
PG23  -2207.554332  15642.111047  21321.010039    -38.333539
PG24 -14254.686149  17237.577508  13682.726690    153.455390
PG25 -11271.185640  15857.869774 -18245.518465    366.134467
PG26  21258.739375   5579.138045 -15221.919845    226.027748
PG27  21087.329636   9763.359222  12999.199637    216.403043
PG29  -1351.182515  18685.833234 -18840.707873   -546.947029
PG30  -3349.969388 -22367.747589  13812.902767   -536.477407
PG31  10737.886305  13253.587375 -20377.707429   -191.395651
PG32  15306.572500  21328.707141   4811.119113   -217.442668
PR01   5901.124336  13079.793087  21082.923033     13.902004
PR02  21293.241039  12385.868314   6788.942092    528.249154
PR03  22890.071800   3988.191114 -10553.502904     62.727448
PR04  11635.109522  -6186.873120 -21819.459062    155.627420
PR05  -5863.193392 -13115.035081 -21064.354805     98.733816
PR07 -22564.197506  -3470.526729  11361.568467     40.131633
PR08 -11483.168018   6469.511684  21885.316658    -66.923142
PR09 -11069.251631  -5301.978723  22392.948964     73.791532
PR12  -5506.958849  15939.883334 -19099.941448     20.574371
PR13   9618.913476   6306.823724 -22774.463397    -26.224899
PR14  20472.569164  -8315.910903 -12706.772080     24.386740
PR15  18461.837934 -17059.447618   4345.366544     93.994731
PR17  10648.411782    297.830045  23180.039074    556.549241
PR18   6191.569931 -16729.108256  18226.106500     39.817262
PR19   -188.502215 -25039.671913   4897.742895   -201.712722
PR20  -8388.325984 -18900.621642 -14909.844750    -77.388837
PR21 -10382.049957   1293.395562 -23267.367941   -329.408428
PR24   9400.850195  18102.179041  15313.698443    111.568975
*  2022 08 29 08 01 00.00000000
PE02  16805.048476  10398.857544 -22034.376437    321.347702
PE03  21639.224471  20169.991501    806.948035   -594.346420
PE04 -23953.765716  -6077.420051  16299.258905  -1103.794153
PE05   6540.988902  22711.637245  17818.595377   -149.067619
PE07  12102.464192 -12014.598266 -24191.344285   -700.759581
PE08  23868.691052   5966.531666 -16450.547189   -589.485723
PE09 -12064.149169  11859.043442  24290.338975   -639.603587
PE11 -13449.331787  22841.751018 -13193.037272   2444.779018
PE12 -16644.846688   2446.493498 -24362.901122   -140.342781
PE13  13655.279429 -22310.123448  13856.739879    430.427153
PE15  16538.926290  -2269.969719  24443.810219    723.862780
PE19 -20257.097005 -21330.667168  -3287.082929  -4678.610583
PE21   3129.890364 -17831.786167  23425.208707   -754.582901
PE24 -23253.310897  14992.368478 -10498.745067   -807.078413
PE25  -3467.328295  17870.210021 -23326.744854   -586.056562
PE26   2234.483810 -28982.714516  -5619.089487  -1550.332393
PE27  22488.046694 -15496.925012  11434.646867   -379.425522
PE30  28321.654672  -3316.837669  -7963.494805   -793.054043
PE31 -28428.647035   4044.024041   7200.158595   -502.520331
PE33  -9648.229105 -18996.377904 -20550.469947   -453.620288
PE36  -2793.612166  29080.313526   4754.816669   -423.620359
PG01  13627.581389 -20022.120527  10184.575181    293.440262
PG02 -15418.290716  10311.013016 -18458.494021   -647.757220
PG03  20830.798561 -12290.540648 -10971.121188   -341.352870
PG05 -25946.739866   5851.081102  -1583.294354    -94.648194
PG06  -8881.035473 -15178.716926 -19820.335163    442.353350
PG07   4651.080333 -25537.315680   4603.221623    311.553316
PG08  17136.248040  -2477.750015  20195.630375    -82.401360
PG09   -427.731254 -19228.441922 -18376.973278   -302.661384
PG11 -14906.628636  -3249.267861 -21740.790605    -13.162915
PG12 -22402.717444  10321.361612  -9978.368424   -269.798436
PG13 -19193.505113  -7539.818003  16678.749030    377.107118
PG14  -7261.448321 -14115.152191  21314.415692   -106.936167
PG15 -17052.558285   4639.822540  19478.060965    -33.409801
PG16  25890.363739   1479.139308  -7037.983238   -522.355726
PG17 -11806.772021 -22653.362580   7592.024073    653.542833
PG18  -4944.274110  25543.126337   4973.106585     66.430131
PG19 -17428.772361 -20017.794197  -3104.859158    203.515372
PG20 -22473.341751  -1800.723555 -13851.439352    490.861798
PG21  15674.243375 -11777.610958  18189.416262    160.046152
PG22  18477.252253  18547.848210  -4580.894531    318.238108
PG23  -2233.967567  15648.160508  21313.704048    -38.333549
PG24 -14253.791833  17219.175138  13706.688617    153.455256
PG25 -11293.683145  15861.329244 -18228.051187    366.134505
PG26  21240.982920   5586.616951 -15243.758364    226.027776
PG27  21097.325961   9776.824467  12973.647407    216.403010
PG29  -1366.863327  18667.870776 -18857.496490   -546.947057
PG30  -3341.731118 -22383.498630  13788.952794   -536.477409
PG31  10728.464613  13277.538544 -20366.547418   -191.395690
PG32  15300.615466  21326.183134   4841.925070   -217.442773
PR01   5874.352779  13068.934684  21097.135482     13.902014
PR02  21285.391570  12380.668380   6823.086552    528.249137
PR03  22904.049362   3992.265107 -10521.763712     62.727446
PR04  11662.990031  -6175.944656 -21807.691739    155.627449
PR05  -5836.844304 -13103.163222 -21079.073419     98.733876
PR07 -22579.081553  -3475.075890  11330.428611     40.131689
PR08 -11510.962266   6458.668338  21873.861844    -66.923174
PR09 -11045.351766  -5321.039650  22400.162792     73.791541
PR12  -5527.075234  15956.715189 -19080.087627     20.574356
PR13   9594.473963   6326.154363 -22779.413813    -26.224892
PR14  20458.194335  -8305.949897 -12736.377916     24.386724
PR15  18465.585007 -17064.215639   4310.368787     93.994761
PR17  10652.661805    329.307950  23177.615439    556.549302
PR18   6193.125351 -16704.111143  18248.540662     39.817290
PR19   -190.385671 -25032.715839   4933.060489   -201.712780
PR20  -8392.189611 -18920.807399 -14882.023258    -77.388834
PR21 -10386.018314   1261.749621 -23267.367109   -329.408496
PR24   9404.733085  18122.803550  15286.852957    111.568961
*  2022 08 29 08 01 10.00000000
PE02  16783.865696  10405.245715 -22047.486844    321.347701
PE03  21638.909409  20169.100024    836.948532   -594.346481
PE04 -23966.155732  -6088.058019  16277.058463  -1103.794251
PE05   6527.882999  22699.471834  17838.894757   -149.067611
PE07  12120.539364 -11998.413640 -24190.318533   -700.759637
PE08  23881.312381   5977.152925 -16428.345959   -589.485816
PE09 -12082.355843  11842.860406  24289.198660   -639.603742
PE11 -13445.318782  22829.052333 -13219.107386   2444.777460
PE12 -16639.606741   2422.596660 -24368.863175   -140.342994
PE13  13651.112010 -22296.745554  13882.347729    430.427125
PE15  16533.722118  -2245.959245  24449.543922    723.862733
PE19 -20255.053925 -21327.980901  -3316.933240  -4678.609557
PE21   3152.147193 -17839.276949  23416.517102   -754.582949
PE24 -23263.105587  14996.272447 -10471.409558   -807.078648
PE25  -3489.528844  17877.688657 -23317.706093   -586.056604
PE26   2234.179163 -28988.520974  -5589.178662  -1550.332855
PE27  22498.686836 -15501.211339  11407.856750   -379.425631
PE30  28313.794365  -3315.150118  -7992.087637   -793.054382
PE31 -28421.515046   4042.605097   7229.113061   -502.520364
PE33  -9645.065423 -19016.796009 -20533.063422   -453.620314
PE36  -2792.920805  29085.318719   4724.532895   -423.620440
PG01  13625.332911 -20008.665580  10213.452357    293.440200
PG02 -15414.217035  10286.624780 -18474.776825   -647.757214
PG03  20844.670913 -12291.490499 -10943.253993   -341.352947
PG05 -25945.685678   5848.042248  -1614.897782    -94.648201
PG06  -8872.493745 -15202.490609 -19805.909350    442.353496
PG07   4655.995298 -25541.424394   4572.095981    311.553230
PG08  17153.402199  -2458.694725  20183.764923    -82.401280
PG09   -410.503760 -19212.786804 -18393.836588   -302.661341
PG11 -14897.233896  -3275.216907 -21743.367990    -13.162932
PG12 -22415.221692  10320.889924  -9949.879775   -269.798507
PG13 -19204.432829  -7558.266882  16658.189734    377.107206
PG14  -7234.922446 -14120.584710  21319.732130   -106.936142
PG15 -17071.409609   4622.310321  19466.274505    -33.409803
PG16  25882.228440   1482.279747  -7067.924620   -522.355758
PG17 -11799.420932 -22647.646740   7622.233747    653.542899
PG18  -4948.649513  25548.331769   4941.844770     66.430004
PG19 -17429.254125 -20021.901527  -3073.228112    203.515433
PG20 -22457.881144  -1809.849582 -13875.520808    490.861794
PG21  15671.191392 -11755.590732  18207.599784    160.046147
PG22  18479.047995  18554.425447  -4549.925702    318.238119
PG23  -2260.368308  15654.223426  21306.352603    -38.333565
PG24 -14252.900456  17200.742545  13730.620250    153.455143
PG25 -11316.157941  15864.796630 -18210.545571    366.134553
PG26  21223.204319   5594.113141 -15265.565142    226.027782
PG27  21107.308575   9790.259725  12948.067747    216.402986
PG29  -1382.568160  18649.901446 -18874.245030   -546.947101
PG30  -3333.510386 -22399.225637  13764.973230   -536.477401
PG31  10719.060728  13301.482386 -20355.344121   -191.395715
PG32  15294.630815  21323.634473   4872.720867   -217.442888
PR01   5847.554402  13058.090818  21111.297189     13.902047
PR02  21277.494950  12375.456901   6857.214727    528.249210
PR03  22917.990048   3996.311263 -10489.999206     62.727468
PR04  11690.864597  -6165.045185 -21795.871926    155.627450
PR05  -5810.466886 -13091.305129 -21093.741213     98.733804
PR07 -22593.929865  -3479.596855  11299.261444     40.131615
PR08 -11538.750923   6447.853524  21862.354715    -66.923106
PR09 -11021.459191  -5340.125593  22407.323025     73.791589
PR12  -5547.156775  15973.546366 -19060.187946     20.574394
PR13   9570.044760   6345.508825 -22784.309548    -26.224881
PR14  20443.795863  -8295.952298 -12765.953109     24.386739
PR15  18469.290736 -17068.957132   4275.360722     93.994810
PR17  10656.937896    360.778986  23175.136314    556.549308
PR18   6194.705701 -16679.085070  18270.931103     39.817312
PR19   -192.258685 -25025.710219   4968.366327   -201.712818
PR20  -8396.066937 -18940.952095 -14854.165984    -77.388893
PR21 -10390.013424   1230.107153 -23267.310539   -329.408530
PR24   9408.628486  18143.388513  15259.970754    111.568920
*  2022 08 29 08 01 20.00000000
PE02  16762.675374  10411.654325 -22060.563358    321.347726
PE03  21638.571254  20168.188725    866.947741   -594.346526
PE04 -23978.537169  -6098.671808  16254.833010  -1103.794340
PE05   6514.752789  22687.302737  17859.166715   -149.067578
PE07  12138.625946 -11982.243323 -24189.255594   -700.759676
PE08  23893.925165   5987.749773 -16406.119466   -589.485882
PE09 -12100.573968  11826.692031  24288.021017   -639.603885
PE11 -13441.310822  22816.324883 -13245.157198   2444.775917
PE12 -16634.384951   2398.689762 -24374.787802   -140.343209
PE13  13646.950403 -22283.339179  13907.934241    430.427125
PE15  16528.536356  -2221.938937  24455.240049    723.862702
PE19 -20252.986551 -21325.276191  -3346.778452  -4678.608480
PE21   3174.389922 -17846.782270  23407.789529   -754.582977
PE24 -23272.871170  15000.175587 -10444.057940   -807.078861
PE25  -3511.714962  17885.181663 -23308.631453   -586.056614
PE26   2233.863826 -28994.297869  -5559.259249  -1550.333300
PE27  22509.298137 -15505.497598  11381.049111   -379.425718
PE30  28305.908094  -3313.447755  -8020.668189   -793.054694
PE31 -28414.356581   4041.171670   7258.056419   -502.520371
PE33  -9641.921817 -19037.199607 -20515.625344   -453.620321
PE36  -2792.219358  29090.293651   4694.241858   -423.620499
PG01  13623.081383 -19995.174017  10242.307082    293.440131
PG02 -15410.152851  10262.213199 -18491.018527   -647.757215
PG03  20858.508609 -12292.440938 -10915.363506   -341.353006
PG05 -25944.595054   5844.992617  -1646.497806    -94.648196
PG06  -8863.972391 -15226.252253 -19791.441102    442.353632
PG07   4660.896640 -25545.498271   4540.960390    311.553160
PG08  17170.556941  -2439.660555  20171.856735    -82.401283
PG09   -393.252779 -19197.126367 -18410.660946   -302.661287
PG11 -14887.853241  -3301.174421 -21745.899118    -13.162945
PG12 -22427.691112  10320.420096  -9921.370067   -269.798571
PG13 -19215.356615  -7576.687700  16637.594844    377.107289
PG14  -7208.392991 -14126.033446  21325.003292   -106.936110
PG15 -17090.258140   4604.817924  19454.445394    -33.409872
PG16  25874.058313   1485.429819  -7097.851479   -522.355761
PG17 -11792.042915 -22641.905990   7652.427366    653.542953
PG18  -4953.009367  25553.502358   4910.572353     66.429888
PG19 -17429.714715 -20025.976992  -3041.590646    203.515520
PG20 -22442.397488  -1818.995243 -13899.572407    490.861673
PG21  15668.147225 -11733.547821  18225.745367    160.046171
PG22  18480.823901  18560.970554  -4518.947211    318.238160
PG23  -2286.756577  15660.299774  21298.955704    -38.333569
PG24 -14252.012050  17182.279771  13754.521520    153.455022
PG25 -11338.609921  15868.271888 -18193.001695    366.134602
PG26  21205.403680   5601.626582 -15287.340074    226.027817
PG27  21117.277421   9803.664971  12922.460745    216.402959
PG29  -1398.297002  18631.925330 -18890.953460   -546.947131
PG30  -3325.307207 -22414.928563  13740.964182   -536.477400
PG31  10709.674694  13325.418754 -20344.097586   -191.395678
PG32  15288.618496  21321.061192   4903.506448   -217.442995
PR01   5820.729282  13047.261627  21125.408166     13.902120
PR02  21269.551195  12370.233984   6891.326514    528.249090
PR03  22931.893834   4000.329655 -10458.209536     62.727405
PR04  11718.733127  -6154.174807 -21783.999660    155.627465
PR05  -5784.061304 -13079.461015 -21108.358284     98.733865
PR07 -22608.742451  -3484.089678  11268.067110     40.131659
PR08 -11566.533892   6437.067253  21850.795327    -66.923096
PR09 -10997.573955  -5359.236437  22414.429624     73.791597
PR12  -5567.203355  15990.376816 -19040.242335     20.574405
PR13   9545.625931   6364.887057 -22789.150608    -26.224873
PR14  20429.373667  -8285.918130 -12795.497573     24.386778
PR15  18472.955039 -17073.672087   4240.342388     93.994772
PR17  10661.239968    392.243092  23172.601552    556.549350
PR18   6196.310981 -16654.030114  18293.277635     39.817300
PR19   -194.121086 -25018.655125   5003.660238   -201.712851
PR20  -8399.957879 -18961.055632 -14826.272969    -77.388948
PR21 -10394.035269   1198.468233 -23267.198119   -329.408567
PR24   9412.536284  18163.933854  15233.051889    111.569038
*  2022 08 29 08 01 30.00000000
PE02  16741.477563  10418.083379 -22073.605959    321.347753
PE03  21638.209977  20167.257638    896.945617   -594.346565
PE04 -23990.909980  -6109.261419  16232.582581  -1103.794421
PE05   6501.598280  22675.130001  17879.411218   -149.067546
PE07  12156.723898 -11966.087347 -24188.155471   -700.759707
PE08  23906.529354   5998.322210 -16383.867745   -589.485952
PE09 -12118.803503  11810.538351  24286.806048   -639.604019
PE11 -13437.307952  22803.568688 -13271.186667   2444.774380
PE12 -16629.181337   2374.772854 -24380.674994   -140.343414
PE13  13642.794652 -22269.904342  13933.499376    430.427124
PE15  16523.369024  -2197.908846  24460.898592    723.862675
PE19 -20250.894858 -21322.553075  -3376.618519  -4678.607429
PE21   3196.618507 -17854.302100  23399.026000   -754.583000
PE24 -23282.607638  15004.077851 -10416.690254   -807.079068
PE25  -3533.886606  17892.689011 -23299.520949   -586.056624
PE26   2233.537842 -29000.045179  -5529.331297  -1550.333732
PE27  22519.880586 -15509.783744  11354.223989   -379.425804
PE30  28297.995889  -3311.730543  -8049.236420   -793.054998
PE31 -28407.171669   4039.723724   7286.988623   -502.520368
PE33  -9638.798270 -19057.588648 -20498.155738   -453.620320
PE36  -2791.507869  29095.238302   4663.943603   -423.620553
PG01  13620.826861 -19981.645855  10271.139292    293.440077
PG02 -15406.098200  10237.778327 -18507.219088   -647.757231
PG03  20872.311623 -12293.391911 -10887.449788   -341.353083
PG05 -25943.468012   5841.932161  -1678.094361    -94.648164
PG06  -8855.471408 -15250.001789 -19776.930448    442.353769
PG07   4665.784401 -25549.537282   4509.814915    311.553117
PG08  17187.712209  -2420.647537  20159.905837    -82.401243
PG09   -375.978332 -19181.460670 -18427.446318   -302.661242
PG11 -14878.486701  -3327.140339 -21748.383984    -13.162962
PG12 -22440.125681  10319.952076  -9892.839359   -269.798607
PG13 -19226.276415  -7595.080432  16616.964405    377.107352
PG14  -7181.860023 -14131.498394  21330.229167   -106.936083
PG15 -17109.103820   4587.345377  19442.573661    -33.409889
PG16  25865.853387   1488.589571  -7127.763751   -522.355775
PG17 -11784.637945 -22636.140379   7682.604867    653.543005
PG18  -4957.353715  25558.638072   4879.289401     66.429759
PG19 -17430.154082 -20030.020614  -3009.946824    203.515611
PG20 -22426.890834  -1828.160557 -13923.594096    490.861592
PG21  15665.110915 -11711.482273  18243.852977    160.046155
PG22  18482.579923  18567.483552  -4487.959125    318.238232
PG23  -2313.132313  15666.389523  21291.513368    -38.333581
PG24 -14251.126661  17163.786852  13778.392374    153.454906
PG25 -11361.039037  15871.754978 -18175.419594    366.134646
PG26  21187.581057   5609.157294 -15309.083112    226.027827
PG27  21127.232443   9817.040204  12896.826457    216.402933
PG29  -1414.049839  18613.942491 -18907.621745   -546.947195
PG30  -3317.121559 -22430.607356  13716.925701   -536.477403
PG31  10700.306513  13349.347583 -20332.807835   -191.395706
PG32  15282.578482  21318.463337   4934.281746   -217.443100
PR01   5793.877489  13036.447170  21139.468379     13.902121
PR02  21261.560302  12364.999707   6925.421831    528.248925
PR03  22945.760653   4004.320328 -10426.394776     62.727440
PR04  11746.595524  -6143.333535 -21772.074970    155.627505
PR05  -5757.627628 -13067.630941 -21122.924595     98.733866
PR07 -22623.519244  -3488.554401  11236.845683     40.131665
PR08 -11594.311079   6426.309537  21839.183708    -66.923070
PR09 -10973.696137  -5378.372134  22421.482571     73.791645
PR12  -5587.214938  16007.206456 -19020.250842     20.574427
PR13   9521.217554   6384.289009 -22793.936983    -26.224858
PR14  20414.927829  -8275.847375 -12825.011237     24.386775
PR15  18476.577947 -17078.360434   4205.313869     93.994762
PR17  10665.568003    423.700172  23170.011162    556.549386
PR18   6197.941229 -16628.946359  18315.580203     39.817342
PR19   -195.972800 -25011.550583   5038.942139   -201.712917
PR20  -8403.862369 -18981.117955 -14798.344279    -77.388966
PR21 -10398.083836   1166.832960 -23267.029847   -329.408563
PR24   9416.456413  18184.439516  15206.096429    111.569092
*  2022 08 29 08 01 40.00000000
PE02  16720.272312  10424.532881 -22086.614626    321.347776
PE03  21637.825551  20166.306799    926.942113   -594.346607
PE04 -24003.274117  -6119.826856  16210.307210  -1103.794510
PE05   6488.419480  22662.953674  17899.628237   -149.067508
PE07  12174.833181 -11949.945745 -24187.018164   -700.759737
PE08  23919.124900   6008.870239 -16361.590830   -589.486015
PE09 -12137.044409  11794.399398  24285.553755   -639.604154
PE11 -13433.310217  22790.783769 -13297.195754   2444.772854
PE12 -16623.995918   2350.845985 -24386.524742   -140.343611
PE13  13638.644804 -22256.441067  13959.043094    430.427131
PE15  16518.220141  -2173.869024  24466.519543    723.862655
PE19 -20248.778821 -21319.811591  -3406.453395  -4678.606387
PE21   3218.832905 -17861.836413  23390.226530   -754.583021
PE24 -23292.314982  15007.979193 -10389.306543   -807.079277
PE25  -3556.043733  17900.210671 -23290.374593   -586.056642
PE26   2233.201254 -29005.762884  -5499.394851  -1550.334178
PE27  22530.434174 -15514.069730  11327.381427   -379.425896
PE30  28290.057779  -3309.998448  -8077.792285   -793.055311
PE31 -28399.960338   4038.261221   7315.909630   -502.520378
PE33  -9635.694764 -19077.963082 -20480.654632   -453.620315
PE36  -2790.786384  29100.152652   4633.638177   -423.620611
PG01  13618.569402 -19968.081112  10299.948922    293.440009
PG02 -15402.053123  10213.320218 -18523.378470   -647.757213
PG03  20886.079933 -12294.343367 -10859.512898   -341.353162
PG05 -25942.304571   5838.860831  -1709.687379    -94.648128
PG06  -8846.990792 -15273.739150 -19762.377420    442.353898
PG07   4670.658624 -25553.541396   4478.659624    311.553068
PG08  17204.867946  -2401.655702  20147.912254    -82.401244
PG09   -358.680437 -19165.789774 -18444.192668   -302.661202
PG11 -14869.134301  -3353.114601 -21750.822584    -13.162990
PG12 -22452.525374  10319.485814  -9864.287712   -269.798641
PG13 -19237.192172  -7613.445056  16596.298462    377.107432
PG14  -7155.323607 -14136.979551  21335.409743   -106.936062
PG15 -17127.946590   4569.892704  19430.659334    -33.409839
PG16  25857.613690   1491.759047  -7157.661377   -522.355798
PG17 -11777.205999 -22630.349958   7712.766187    653.543116
PG18  -4961.682601  25563.738880   4847.995981     66.429628
PG19 -17430.572177 -20034.032417  -2978.296714    203.515666
PG20 -22411.361239  -1837.345543 -13947.585825    490.861549
PG21  15662.082504 -11689.394136  18261.922579    160.046151
PG22  18484.316015  18573.964464  -4456.961511    318.238313
PG23  -2339.495455  15672.492646  21284.025609    -38.333597
PG24 -14250.244333  17145.263823  13802.232758    153.454765
PG25 -11383.445241  15875.245859 -18157.799303    366.134679
PG26  21169.736501   5616.705298 -15330.794211    226.027835
PG27  21137.173583   9830.385424  12871.164937    216.402902
PG29  -1429.826654  18595.952994 -18924.249850   -546.947272
PG30  -3308.953420 -22446.261964  13692.857837   -536.477415
PG31  10690.956189  13373.268807 -20321.474891   -191.395747
PG32  15276.510747  21315.840953   4965.046697   -217.443220
PR01   5766.999096  13025.647506  21153.477793     13.902110
PR02  21253.522271  12359.754149   6959.500598    528.248921
PR03  22959.590441   4008.283330 -10394.555005     62.727447
PR04  11774.451695  -6132.521378 -21760.097884    155.627488
PR05  -5731.165928 -13055.814971 -21137.440112     98.733865
PR07 -22638.260174  -3492.991068  11205.597238     40.131706
PR08 -11622.082392   6415.580387  21827.519885    -66.923046
PR09 -10949.825818  -5397.532638  22428.481849     73.791684
PR12  -5607.191487  16024.035203 -19000.213516     20.574470
PR13   9496.819711   6403.714628 -22798.668660    -26.224842
PR14  20400.458427  -8265.740019 -12854.494028     24.386773
PR15  18480.159491 -17083.022104   4170.275248     93.994758
PR17  10669.921982    455.150129  23167.365147    556.549426
PR18   6199.596485 -16603.833889  18337.838756     39.817379
PR19   -197.813749 -25004.396624   5074.211944   -201.712964
PR20  -8407.780340 -19001.139003 -14770.379981    -77.389065
PR21 -10402.159114   1135.201431 -23266.805725   -329.408507
PR24   9420.388809  18204.905445  15179.104436    111.569044
*  2022 08 29 08 01 50.00000000
PE02  16699.059675  10431.002836 -22099.589341    321.347805
PE03  21637.417946  20165.336242    956.937183   -594.346644
PE04 -24015.629532  -6130.368118  16188.006931  -1103.794588
PE05   6475.216397  22650.773804  17919.817740   -149.067477
PE07  12192.953756 -11933.818549 -24185.843676   -700.759771
PE08  23931.711755   6019.393861 -16339.288755   -589.486080
PE09 -12155.296645  11778.275205  24284.264139   -639.604282
PE11 -13429.317665  22777.970145 -13323.184419   2444.771332
PE12 -16618.828714   2326.909208 -24392.337037   -140.343816
PE13  13634.500904 -22242.949375  13984.565357    430.427131
PE15  16513.089727  -2149.819522  24472.102891    723.862634
PE19 -20246.638416 -21317.051778  -3436.283034  -4678.605374
PE21   3241.033072 -17869.385180  23381.391131   -754.583051
PE24 -23301.993195  15011.879567 -10361.906848   -807.079486
PE25  -3578.186299  17907.746615 -23281.192401   -586.056648
PE26   2232.854106 -29011.450962  -5469.449956  -1550.334616
PE27  22540.958888 -15518.355511  11300.521466   -379.425985
PE30  28282.093794  -3308.251432  -8106.335740   -793.055616
PE31 -28392.722618   4036.784125   7344.819394   -502.520379
PE33  -9632.611280 -19098.322859 -20463.122052   -453.620313
PE36  -2790.054948  29105.036683   4603.325627   -423.620667
PG01  13616.309061 -19954.479803  10328.735910    293.439924
PG02 -15398.017658  10188.838926 -18539.496635   -647.757200
PG03  20899.813515 -12295.295253 -10831.552894   -341.353243
PG05 -25941.104751   5835.778579  -1741.276794    -94.648107
PG06  -8838.530538 -15297.464268 -19747.782050    442.354018
PG07   4675.519351 -25557.510585   4447.494584    311.553030
PG08  17222.024095  -2382.685081  20135.876015    -82.401198
PG09   -341.359116 -19150.113736 -18460.899961   -302.661164
PG11 -14859.796070  -3379.097143 -21753.214911    -13.163018
PG12 -22464.890167  10319.021259  -9835.715185   -269.798647
PG13 -19248.103827  -7631.781549  16575.597060    377.107469
PG14  -7128.783809 -14142.476912  21340.545010   -106.936049
PG15 -17146.786393   4552.459930  19418.702440    -33.409793
PG16  25849.339248   1494.938294  -7187.544295   -522.355862
PG17 -11769.747055 -22624.534780   7742.911264    653.543331
PG18  -4965.996069  25568.804752   4816.692161     66.429491
PG19 -17430.968954 -20038.012425  -2946.640380    203.515683
PG20 -22395.808757  -1846.550218 -13971.547542    490.861507
PG21  15659.062032 -11667.283458  18279.954139    160.046132
PG22  18486.032127  18580.413309  -4425.954433    318.238389
PG23  -2365.845939  15678.609113  21276.492443    -38.333614
PG24 -14249.365111  17126.710718  13826.042620    153.454636
PG25 -11405.828487  15878.744492 -18140.140859    366.134707
PG26  21151.870065   5624.270614 -15352.473326    226.027850
PG27  21147.100783   9843.700632  12845.476241    216.402859
PG29  -1445.627434  18577.956903 -18940.837740   -546.947328
PG30  -3300.802767 -22461.892334  13668.760642   -536.477431
PG31  10681.623724  13397.182361 -20310.098776   -191.395792
PG32  15270.415266  21313.194085   4995.801237   -217.443340
PR01   5740.094174  13014.862695  21167.436375     13.902091
PR02  21245.437100  12354.497389   6993.562732    528.249221
PR03  22973.383131   4012.218707 -10362.690298     62.727452
PR04  11802.301544  -6121.738350 -21748.068432    155.627512
PR05  -5704.676274 -13044.013169 -21151.904801     98.733980
PR07 -22652.965171  -3497.399723  11174.321851     40.131682
PR08 -11649.847735   6404.879814  21815.803887    -66.923081
PR09 -10925.963079  -5416.717903  22435.427441     73.791668
PR12  -5627.132966  16040.862975 -18980.130405     20.574473
PR13   9472.432481   6423.163864 -22803.345628    -26.224881
PR14  20385.965545  -8255.596046 -12883.945877     24.386820
PR15  18483.699705 -17087.657029   4135.226611     93.994681
PR17  10674.301887    486.592867  23164.663514    556.549432
PR18   6201.276787 -16578.692787  18360.053240     39.817409
PR19   -199.643859 -24997.193277   5109.469569   -201.713003
PR20  -8411.711725 -19021.118722 -14742.380143    -77.389111
PR21 -10406.261087   1103.573744 -23266.525755   -329.408598
PR24   9424.333405  18225.331583  15152.075976    111.568966
*  2022 08 29 08 02 00.00000000
PE02  16677.839707  10437.493243 -22112.530079    321.347820
PE03  21636.987136  20164.346003    986.930771   -594.346685
PE04 -24027.976178  -6140.885210  16165.681780  -1103.794675
PE05   6461.989042  22638.590437  17939.979696   -149.067438
PE07  12211.085583 -11917.705792 -24184.632008   -700.759801
PE08  23944.289867   6029.893077 -16316.961559   -589.486150
PE09 -12173.560173  11762.165807  24282.937204   -639.604420
PE11 -13425.330341  22765.127841 -13349.152617   2444.769800
PE12 -16613.679747   2302.962580 -24398.111865   -140.344012
PE13  13630.362996 -22229.429293  14010.066120    430.427133
PE15  16507.977801  -2125.760395  24477.648630    723.862607
PE19 -20244.473615 -21314.273676  -3466.107385  -4678.604320
PE21   3263.218957 -17876.948368  23372.519823   -754.583068
PE24 -23311.642262  15015.778924 -10334.491215   -807.079698
PE25  -3600.314256  17915.296813 -23271.974386   -586.056665
PE26   2232.496441 -29017.109389  -5439.496660  -1550.335057
PE27  22551.454717 -15522.641038  11273.644151   -379.426072
PE30  28274.103966  -3306.489460  -8134.866731   -793.055917
PE31 -28385.458539   4035.292400   7373.717864   -502.520393
PE33  -9629.547800 -19118.667930 -20445.558025   -453.620312
PE36  -2789.313607  29109.890375   4573.006008   -423.620724
PG01  13614.045894 -19940.841882  10357.500204    293.439836
PG02 -15393.991819  10164.334446 -18555.573540   -647.757203
PG03  20913.512359 -12296.247507 -10803.569835   -341.353327
PG05 -25939.868569   5832.685322  -1772.862577    -94.648106
PG06  -8830.090635 -15321.177106 -19733.144383    442.354149
PG07   4680.366593 -25561.444852   4416.319911    311.553035
PG08  17239.180603  -2363.735726  20123.797174    -82.401167
PG09   -324.014375 -19134.432596 -18477.568174   -302.661129
PG11 -14850.472014  -3405.087933 -21755.560949    -13.163046
PG12 -22477.220001  10318.558385  -9807.121894   -269.798636
PG13 -19259.011322  -7650.089911  16554.860230    377.107496
PG14  -7102.240743 -14147.990469  21345.634964   -106.936028
PG15 -17165.623222   4535.047012  19406.702958    -33.409754
PG16  25841.030115   1498.127323  -7217.412373   -522.355896
PG17 -11762.261100 -22618.694905   7773.040022    653.543399
PG18  -4970.294203  25573.835661   4785.377967     66.429359
PG19 -17431.344401 -20041.960640  -2914.977968    203.515735
PG20 -22380.233420  -1855.774628 -13995.479212    490.861479
PG21  15656.049568 -11645.150253  18297.947650    160.046122
PG22  18487.728189  18586.830118  -4394.937917    318.238462
PG23  -2392.183787  15684.738896  21268.913871    -38.333634
PG24 -14248.489029  17108.127580  13849.821891    153.454501
PG25 -11428.188669  15882.250832 -18122.444338    366.134748
PG26  21133.981857   5631.853209 -15374.120353    226.027867
PG27  21157.013988   9856.985805  12819.760455    216.402828
PG29  -1461.452162  18559.954300 -18957.385381   -546.947355
PG30  -3292.669613 -22477.498418  13644.634219   -536.477447
PG31  10672.309158  13421.088102 -20298.679538   -191.395822
PG32  15264.291990  21310.522769   5026.545302   -217.443460
PR01   5713.162807  13004.092871  21181.344136     13.902074
PR02  21237.304808  12349.229537   7027.608129    528.249314
PR03  22987.138702   4016.126538 -10330.800808     62.727413
PR04  11830.144972  -6110.984545 -21735.986649    155.627501
PR05  -5678.158840 -13032.225739 -21166.318754     98.733997
PR07 -22667.634253  -3501.780424  11143.019670     40.131658
PR08 -11677.607008   6394.207824  21804.035770    -66.923046
PR09 -10902.107974  -5435.927815  22442.319307     73.791693
PR12  -5647.039253  16057.689721 -18960.001444     20.574479
PR13   9448.055930   6442.636669 -22807.967891    -26.224906
PR14  20371.449099  -8245.415473 -12913.366692     24.386811
PR15  18487.198500 -17092.265195   4100.167999     93.994697
PR17  10678.707636    518.028332  23161.906116    556.549474
PR18   6202.982135 -16553.523121  18382.223464     39.817427
PR19   -201.462965 -24989.940609   5144.714843   -201.713041
PR20  -8415.656442 -19041.057012 -14714.344806    -77.389083
PR21 -10410.389742   1071.949970 -23266.189827   -329.408606
PR24   9428.290091  18245.717863  15125.011109    111.568929
*  2022 08 29 08 02 10.00000000
PE02  16656.612448  10444.004115 -22125.436827    321.347843
PE03  21636.533090  20163.336113   1016.922850   -594.346726
PE04 -24040.314007  -6151.378133  16143.331787  -1103.794755
PE05   6448.737416  22626.403622  17960.114072   -149.067408
PE07  12229.228624 -11901.607507 -24183.383162   -700.759837
PE08  23956.859195   6040.367892 -16294.609266   -589.486215
PE09 -12191.834952  11746.071232  24281.572949   -639.604554
PE11 -13421.348290  22752.256871 -13375.100318   2444.768281
PE12 -16608.549032   2279.006135 -24403.849227   -140.344214
PE13  13626.231129 -22215.880835  14035.545353    430.427127
PE15  16502.884382  -2101.691685  24483.156751    723.862582
PE19 -20242.284399 -21311.477320  -3495.926413  -4678.603259
PE21   3285.390533 -17884.525957  23363.612608   -754.583098
PE24 -23321.262186  15019.677222 -10307.059680   -807.079906
PE25  -3622.427574  17922.861239 -23262.720563   -586.056676
PE26   2232.128304 -29022.738151  -5409.535007  -1550.335499
PE27  22561.921656 -15526.926266  11246.749515   -379.426157
PE30  28266.088321  -3304.712496  -8163.385235   -793.056226
PE31 -28378.168124   4033.786005   7402.605011   -502.520403
PE33  -9626.504306 -19138.998246 -20427.962579   -453.620318
PE36  -2788.562402  29114.713708   4542.679349   -423.620767
PG01  13611.779960 -19927.167485  10386.241718    293.439768
PG02 -15389.975691  10139.806940 -18571.609152   -647.757157
PG03  20927.176416 -12297.200091 -10775.563779   -341.353410
PG05 -25938.596046   5829.581078  -1804.444592    -94.648105
PG06  -8821.671093 -15344.877537 -19718.464420    442.354274
PG07   4685.200450 -25565.344104   4385.135580    311.553044
PG08  17256.337407  -2344.807627  20111.675705    -82.401244
PG09   -306.646256 -19118.746450 -18494.197250   -302.661092
PG11 -14841.162197  -3431.086857 -21757.860715    -13.163075
PG12 -22489.514919  10318.097093  -9778.507795   -269.798617
PG13 -19269.914603  -7668.370076  16534.088041    377.107553
PG14  -7075.694387 -14153.520226  21350.679578   -106.936012
PG15 -17184.456921   4517.654102  19394.661005    -33.409721
PG16  25832.686274   1501.326243  -7247.265682   -522.355909
PG17 -11754.748090 -22612.830364   7803.152424    653.543481
PG18  -4974.576973  25578.831569   4754.053539     66.429226
PG19 -17431.698403 -20045.877127  -2883.309399    203.515795
PG20 -22364.635323  -1865.018744 -14019.380756    490.861461
PG21  15653.045102 -11622.994632  18315.903031    160.046108
PG22  18489.404199  18593.214895  -4363.912105    318.238523
PG23  -2418.508787  15690.881966  21261.289934    -38.333666
PG24 -14247.616154  17089.514433  13873.570548    153.454390
PG25 -11450.525846  15885.764846 -18104.709697    366.134774
PG26  21116.071826   5639.453200 -15395.735354    226.027876
PG27  21166.913137   9870.240985  12794.017577    216.402783
PG29  -1477.300822  18541.945215 -18973.892736   -546.947390
PG30  -3284.553871 -22493.080159  13620.478520   -536.477464
PG31  10663.012423  13444.986109 -20287.217152   -191.395852
PG32  15258.140933  21307.827067   5057.278834   -217.443576
PR01   5686.205047  12993.337951  21195.200967     13.902076
PR02  21229.125367  12343.950615   7061.636758    528.249088
PR03  23000.857008   4020.006814 -10298.886471     62.727414
PR04  11857.981894  -6100.259818 -21723.852552    155.627517
PR05  -5651.613505 -13020.452484 -21180.681703     98.734135
PR07 -22682.267198  -3506.133192  11111.690632     40.131634
PR08 -11705.360136   6383.564436  21792.215505    -66.923035
PR09 -10878.260632  -5455.162449  22449.157474     73.791718
PR12  -5666.910470  16074.515299 -18939.826889     20.574496
PR13   9423.690164   6462.132985 -22812.535407    -26.224920
PR14  20356.909465  -8235.198226 -12942.756442     24.386836
PR15  18490.656128 -17096.846430   4065.099571     93.994695
PR17  10683.139328    549.456348  23159.093232    556.549507
PR18   6204.712639 -16528.325000  18404.349625     39.817472
PR19   -203.271157 -24982.638577   5179.947842   -201.713060
PR20  -8419.614446 -19060.953899 -14686.274086    -77.389141
PR21 -10414.545070   1040.330254 -23265.798141   -329.408635
PR24   9432.258887  18266.064246  15097.909905    111.569055
*  2022 08 29 08 02 20.00000000
PE02  16635.377954  10450.535451 -22138.309563    321.347866
PE03  21636.055780  20162.306610   1046.913366   -594.346768
PE04 -24052.642971  -6161.846889  16120.956990  -1103.794844
PE05   6435.461532  22614.213408  17980.220840   -149.067371
PE07  12247.382838 -11885.523727 -24182.097141   -700.759877
PE08  23969.419686   6050.818308 -16272.231916   -589.486279
PE09 -12210.120942  11729.991515  24280.171379   -639.604684
PE11 -13417.371559  22739.357259 -13401.027477   2444.766758
PE12 -16603.436591   2255.039933 -24409.549109   -140.344424
PE13  13622.105347 -22202.304028  14061.003013    430.427125
PE15  16497.809488  -2077.613447  24488.627245    723.862554
PE19 -20240.070742 -21308.662750  -3525.740067  -4678.602179
PE21   3307.547747 -17892.117914  23354.669505   -754.583119
PE24 -23330.852953  15023.574412 -10279.612288   -807.080123
PE25  -3644.526202  17930.439862 -23253.430946   -586.056686
PE26   2231.749738 -29028.337222  -5379.565044  -1550.335944
PE27  22572.359692 -15531.211148  11219.837605   -379.426252
PE30  28258.046889  -3302.920504  -8191.891197   -793.056532
PE31 -28370.851406   4032.264905   7431.480781   -502.520406
PE33  -9623.480779 -19159.313757 -20410.335741   -453.620312
PE36  -2787.801381  29119.506663   4512.345706   -423.620826
PG01  13609.511314 -19913.456576  10414.960399    293.439691
PG02 -15385.969290  10115.256413 -18587.603433   -647.757132
PG03  20940.805676 -12298.152947 -10747.534787   -341.353488
PG05 -25937.287200   5826.465769  -1836.022806    -94.648215
PG06  -8813.271900 -15368.565520 -19703.742208    442.354412
PG07   4690.020938 -25569.208341   4353.941702    311.553021
PG08  17273.494453  -2325.900834  20099.511659    -82.401250
PG09   -289.254771 -19103.055342 -18510.787164   -302.661046
PG11 -14831.866628  -3457.093876 -21760.114195    -13.163096
PG12 -22501.774866  10317.637356  -9749.872994   -269.798637
PG13 -19280.813610  -7686.622040  16513.280529    377.107646
PG14  -7049.144845 -14159.066174  21355.678848   -106.936000
PG15 -17203.287477   4500.281166  19382.576571    -33.409716
PG16  25824.307774   1504.535071  -7277.104101   -522.355922
PG17 -11747.208012 -22606.941220   7833.248394    653.543543
PG18  -4978.844457  25583.792448   4722.718912     66.429084
PG19 -17432.030942 -20049.761889  -2851.634804    203.515844
PG20 -22349.014502  -1874.282606 -14043.252135    490.861462
PG21  15650.048696 -11600.816615  18333.820270    160.046094
PG22  18491.060089  18599.567669  -4332.877030    318.238621
PG23  -2444.820945  15697.038295  21253.620637    -38.333680
PG24 -14246.746520  17070.871318  13897.288525    153.454257
PG25 -11472.839922  15889.286489 -18086.937009    366.134826
PG26  21098.140072   5647.070563 -15417.318234    226.027899
PG27  21176.798174   9883.466154  12768.247689    216.402759
PG29  -1493.173398  18523.929727 -18990.359773   -546.947438
PG30  -3276.455547 -22508.637508  13596.293643   -536.477468
PG31  10653.733555  13468.876250 -20275.711661   -191.395856
PG32  15251.962053  21305.107018   5088.001763   -217.443689
PR01   5659.220975  12982.598059  21209.006865     13.902059
PR02  21220.898784  12338.660728   7095.648511    528.249216
PR03  23014.538021   4023.859607 -10266.947430     62.727406
PR04  11885.812211  -6089.564251 -21711.666175    155.627529
PR05  -5625.040429 -13008.693584 -21194.993719     98.734143
PR07 -22696.864005  -3510.458082  11080.334876     40.131648
PR08 -11733.107015   6372.949658  21780.343148    -66.923024
PR09 -10854.421110  -5474.421701  22455.941904     73.791684
PR12  -5686.746509  16091.339653 -18919.606694     20.574490
PR13   9399.335251   6481.652762 -22817.048181    -26.224939
PR14  20342.346591  -8224.944316 -12972.115037     24.386791
PR15  18494.072523 -17101.400712   4030.021379     93.994685
PR17  10687.596890    580.876857  23156.224749    556.549608
PR18   6206.468305 -16503.098498  18426.431557     39.817516
PR19   -205.068284 -24975.287245   5215.168407   -201.713078
PR20  -8423.585660 -19080.809284 -14658.168028    -77.389169
PR21 -10418.727054   1008.714675 -23265.350608   -329.408657
PR24   9436.239686  18286.370672  15070.772428    111.569015
*  2022 08 29 08 02 30.00000000
PE02  16614.136278  10457.087256 -22151.148266    321.347889
PE03  21635.555179  20161.257528   1076.902270   -594.346807
PE04 -24064.963023  -6172.291482  16098.557422  -1103.794926
PE05   6422.161398  22602.019840  18000.299968   -149.067330
PE07  12265.548188 -11869.454484 -24180.773946   -700.759906
PE08  23981.971294   6061.244327 -16249.829544   -589.486343
PE09 -12228.418104  11713.926689  24278.732495   -639.604818
PE11 -13413.400193  22726.429026 -13426.934055   2444.765228
PE12 -16598.342443   2231.064024 -24415.211503   -140.344624
PE13  13617.985695 -22188.698894  14086.439061    430.427125
PE15  16492.753140  -2053.525734  24494.060103    723.862526
PE19 -20237.832618 -21305.830004  -3555.548301  -4678.601162
PE21   3329.690558 -17899.724212  23345.690529   -754.583143
PE24 -23340.414556  15027.470447 -10252.149081   -807.080327
PE25  -3666.610098  17938.032653 -23244.105550   -586.056694
PE26   2231.360786 -29033.906583  -5349.586817  -1550.336388
PE27  22582.768815 -15535.495639  11192.908460   -379.426337
PE30  28249.979702  -3301.113448  -8220.384574   -793.056835
PE31 -28363.508412   4030.729064   7460.345133   -502.520416
PE33  -9620.477201 -19179.614413 -20392.677537   -453.620316
PE36  -2787.030589  29124.269220   4482.005125   -423.620875
PG01  13607.240013 -19899.709175  10443.656181    293.439616
PG02 -15381.972656  10090.682920 -18603.556344   -647.757133
PG03  20954.400115 -12299.106021 -10719.482918   -341.353561
PG05 -25935.942053   5823.339348  -1867.597150    -94.648235
PG06  -8804.893052 -15392.240988 -19688.977778    442.354536
PG07   4694.828100 -25573.037534   4322.738344    311.552988
PG08  17290.651682  -2307.015378  20087.305064    -82.401278
PG09   -271.839940 -19087.359329 -18527.337882   -302.661004
PG11 -14822.585335  -3483.108926 -21762.321383    -13.163112
PG12 -22513.999820  10317.179120  -9721.217553   -269.798671
PG13 -19291.708287  -7704.845782  16492.437739    377.107717
PG14  -7022.592184 -14164.628309  21360.632764   -106.935977
PG15 -17222.114830   4482.928229  19370.449683    -33.409681
PG16  25815.894643   1507.753854  -7306.927567   -522.356015
PG17 -11739.640846 -22601.027524   7863.327871    653.543607
PG18  -4983.096700  25588.718269   4691.374154     66.428957
PG19 -17432.341970 -20053.614952  -2819.954250    203.515888
PG20 -22333.371014  -1883.566230 -14067.093298    490.861456
PG21  15647.060393 -11578.616252  18351.699334    160.046099
PG22  18492.695813  18605.888463  -4301.832758    318.238752
PG23  -2471.120199  15703.207853  21245.905995    -38.333698
PG24 -14245.880174  17052.198271  13920.975769    153.454135
PG25 -11495.130851  15892.815722 -18069.126309    366.134860
PG26  21080.186649   5654.705317 -15438.868948    226.027913
PG27  21186.669042   9896.661312  12742.450847    216.402732
PG29  -1509.069874  18505.907902 -19006.786455   -546.947460
PG30  -3268.374620 -22524.170413  13572.079637   -536.477488
PG31  10644.472555  13492.758459 -20264.163088   -191.395854
PG32  15245.755325  21302.362667   5118.714023   -217.443801
PR01   5632.210664  12971.873254  21222.761799     13.902091
PR02  21212.625058  12333.359953   7129.643307    528.249069
PR03  23028.181675   4027.684963 -10234.983760     62.727468
PR04  11913.635828  -6078.897854 -21699.427548    155.627527
PR05  -5598.439681 -12996.949101 -21209.254768     98.734142
PR07 -22711.424606  -3514.755138  11048.952478     40.131652
PR08 -11760.847552   6362.363500  21768.418726    -66.923101
PR09 -10830.589490  -5493.705526  22462.672581     73.791703
PR12  -5706.547336  16108.162700 -18899.340909     20.574515
PR13   9374.991271   6501.195947 -22821.506203    -26.224920
PR14  20327.760557  -8214.653729 -13001.442405     24.386850
PR15  18497.447716 -17105.927972   3994.933507     93.994643
PR17  10692.080300    612.289760  23153.300673    556.549618
PR18   6208.249171 -16477.843699  18448.469207     39.817528
PR19   -206.854271 -24967.886642   5250.376453   -201.713105
PR20  -8427.570016 -19100.623112 -14630.026699    -77.389029
PR21 -10422.935681    977.103329 -23264.847231   -329.408700
PR24   9440.232424  18306.637083  15043.598744    111.569040
*  2022 08 29 08 02 40.00000000
PE02  16592.887469  10463.659532 -22163.952917    321.347911
PE03  21635.031259  20160.188902   1106.889518   -594.346846
PE04 -24077.274114  -6182.711913  16076.133117  -1103.795008
PE05   6408.837022  22589.822967  18020.351426   -149.067298
PE07  12283.724632 -11853.399809 -24179.413579   -700.759942
PE08  23994.513969   6071.645950 -16227.402184   -589.486409
PE09 -12246.726396  11697.876786  24277.256299   -639.604950
PE11 -13409.434238  22713.472192 -13452.820012   2444.763700
PE12 -16593.266607   2207.078460 -24420.836399   -140.344836
PE13  13613.872219 -22175.065456  14111.853457    430.427132
PE15  16487.715356  -2029.428597  24499.455317    723.862505
PE19 -20235.570004 -21302.979122  -3585.351069  -4678.600111
PE21   3351.818921 -17907.344820  23336.675692   -754.583158
PE24 -23349.946986  15031.365282 -10224.670102   -807.080541
PE25  -3688.679220  17945.639583 -23234.744387   -586.056710
PE26   2230.961492 -29039.446213  -5319.600371  -1550.336835
PE27  22593.149015 -15539.779691  11165.962122   -379.426427
PE30  28241.886790  -3299.291292  -8248.865322   -793.057140
PE31 -28356.139173   4029.178445   7489.198020   -502.520429
PE33  -9617.493552 -19199.900164 -20374.987995   -453.620301
PE36  -2786.250071  29129.001362   4451.657653   -423.620928
PG01  13604.966112 -19885.925297  10472.329002    293.439547
PG02 -15377.985826  10066.086517 -18619.467848   -647.757161
PG03  20967.959710 -12300.059261 -10691.408230   -341.353637
PG05 -25934.560622   5820.201766  -1899.167558    -94.648292
PG06  -8796.534543 -15415.903873 -19674.171162    442.354669
PG07   4699.621979 -25576.831653   4291.525574    311.552956
PG08  17307.809039  -2288.151288  20075.055947    -82.401375
PG09   -254.401783 -19071.658473 -18543.849368   -302.660958
PG11 -14813.318344  -3509.131946 -21764.482276    -13.163128
PG12 -22526.189756  10316.722336  -9692.541531   -269.798691
PG13 -19302.598574  -7723.041280  16471.559717    377.107842
PG14  -6996.036470 -14170.206627  21365.541314   -106.935951
PG15 -17240.938923   4465.595315  19358.280372    -33.409636
PG16  25807.446909   1510.982636  -7336.736020   -522.356049
PG17 -11732.046567 -22595.089326   7893.390793    653.543666
PG18  -4987.333746  25593.609001   4660.019331     66.428833
PG19 -17432.631438 -20057.436339  -2788.267803    203.515948
PG20 -22317.704911  -1892.869637 -14090.904194    490.861475
PG21  15644.080232 -11556.393592  18369.540188    160.046119
PG22  18494.311324  18612.177298  -4270.779355    318.238815
PG23  -2497.406489  15709.390611  21238.146026    -38.333705
PG24 -14245.017159  17033.495327  13944.632227    153.454014
PG25 -11517.398584  15896.352504 -18051.277633    366.134899
PG26  21062.211609   5662.357482 -15460.387450    226.027929
PG27  21196.525682   9909.826461  12716.627107    216.402705
PG29  -1524.990235  18487.879801 -19023.172749   -546.947505
PG30  -3260.311066 -22539.678822  13547.836555   -536.477494
PG31  10635.229426  13516.632672 -20252.571456   -191.395879
PG32  15239.520723  21299.594059   5149.415551   -217.443910
PR01   5605.174186  12961.163593  21236.465734     13.902114
PR02  21204.304190  12328.048370   7163.621065    528.249128
PR03  23041.787904   4031.482932 -10202.995539     62.727473
PR04  11941.452651  -6068.260636 -21687.136701    155.627530
PR05  -5571.811332 -12985.219098 -21223.464816     98.734122
PR07 -22725.948933  -3519.024404  11017.543514     40.131717
PR08 -11788.581653   6351.805971  21756.442268    -66.923118
PR09 -10806.765850  -5513.013876  22469.349488     73.791717
PR12  -5726.312915  16124.984358 -18879.029583     20.574530
PR13   9350.658303   6520.762488 -22825.909460    -26.224946
PR14  20313.151445  -8204.326451 -13030.738476     24.386790
PR15  18500.781741 -17110.428142   3959.836040     93.994607
PR17  10696.589540    643.694961  23150.321013    556.549612
PR18   6210.055274 -16452.560688  18470.462524     39.817539
PR19   -208.629042 -24960.436798   5285.571896   -201.713099
PR20  -8431.567445 -19120.395326 -14601.850168    -77.389053
PR21 -10427.170936    945.496316 -23264.288011   -329.408695
PR24   9444.237034  18326.863425  15016.388918    111.569092
*  2022 08 29 08 02 50.00000000
PE02  16571.631580  10470.252286 -22176.723495    321.347928
PE03  21634.483992  20159.100769   1136.875063   -594.346885
PE04 -24089.576198  -6193.108185  16053.684110  -1103.795092
PE05   6395.488414  22577.622836  18040.375182   -149.067259
PE07  12301.912131 -11837.359737 -24178.016042   -700.759976
PE08  24007.047663   6082.023181 -16204.949870   -589.486483
PE09 -12265.045779  11681.841838  24275.742794   -639.605080
PE11 -13405.473740  22700.486777 -13478.685308   2444.762171
PE12 -16588.209102   2183.083291 -24426.423791   -140.345036
PE13  13609.764965 -22161.403737  14137.246162    430.427132
PE15  16482.696154  -2005.322087  24504.812879    723.862483
PE19 -20233.282875 -21300.110141  -3615.148326  -4678.599054
PE21   3373.932795 -17914.979711  23327.625010   -754.583182
PE24 -23359.450236  15035.258870 -10197.175392   -807.080744
PE25  -3710.733523  17953.260623 -23225.347474   -586.056720
PE26   2230.551901 -29044.956090  -5289.605754  -1550.337279
PE27  22603.500282 -15544.063258  11138.998633   -379.426515
PE30  28233.768183  -3297.454001  -8277.333397   -793.057450
PE31 -28348.743717   4027.613012   7518.039398   -502.520433
PE33  -9614.529815 -19220.170962 -20357.267141   -453.620306
PE36  -2785.459871  29133.703069   4421.303337   -423.620982
PG01  13602.689668 -19872.104963  10500.978798    293.439472
PG02 -15374.008839  10041.467257 -18635.337906   -647.757174
PG03  20981.484438 -12301.012615 -10663.310785   -341.353713
PG05 -25933.142929   5817.052976  -1930.733965    -94.648350
PG06  -8788.196369 -15439.554107 -19659.322391    442.354795
PG07   4704.402616 -25580.590668   4260.303457    311.552946
PG08  17324.966465  -2269.308594  20062.764335    -82.401420
PG09   -236.940320 -19055.952831 -18560.321588   -302.660915
PG11 -14804.065682  -3535.162873 -21766.596869    -13.163149
PG12 -22538.344653  10316.266953  -9663.844988   -269.798727
PG13 -19313.484416  -7741.208509  16450.646509    377.107969
PG14  -6969.477767 -14175.801123  21370.404487   -106.935940
PG15 -17259.759696   4448.282449  19346.068665    -33.409605
PG16  25798.964602   1514.221464  -7366.529400   -522.356038
PG17 -11724.425155 -22589.126680   7923.437097    653.543724
PG18  -4991.555639  25598.464615   4628.654511     66.428705
PG19 -17432.899301 -20061.226074  -2756.575528    203.515960
PG20 -22302.016250  -1902.192842 -14114.684772    490.861475
PG21  15641.108253 -11534.148682  18387.342801    160.046145
PG22  18495.906574  18618.434196  -4239.716889    318.238880
PG23  -2523.679752  15715.586540  21230.340745    -38.333711
PG24 -14244.157521  17014.762523  13968.257846    153.453900
PG25 -11539.643075  15899.896792 -18033.391017    366.134935
PG26  21044.215004   5670.027077 -15481.873694    226.027942
PG27  21206.368039   9922.961601  12690.776524    216.402672
PG29  -1540.934464  18469.845490 -19039.518620   -546.947556
PG30  -3252.264861 -22555.162684  13523.564448   -536.477498
PG31  10626.004169  13540.498822 -20240.936786   -191.395894
PG32  15233.258224  21296.801241   5180.106282   -217.444024
PR01   5578.111615  12950.469136  21250.118639     13.902070
PR02  21195.936179  12322.726056   7197.581702    528.249027
PR03  23055.356645   4035.253559 -10170.982843     62.727496
PR04  11969.262583  -6057.652609 -21674.793664    155.627554
PR05  -5545.155455 -12973.503637 -21237.623829     98.734109
PR07 -22740.436918  -3523.265926  10986.108058     40.131791
PR08 -11816.309224   6341.277083  21744.413801    -66.923112
PR09 -10782.950271  -5532.346702  22475.972609     73.791777
PR12  -5746.043211  16141.804543 -18858.672764     20.574515
PR13   9326.336428   6540.352332 -22830.257944    -26.224946
PR14  20298.519335  -8193.962467 -13060.003180     24.386782
PR15  18504.074631 -17114.901151   3924.729061     93.994609
PR17  10701.124589    675.092365  23147.285773    556.549599
PR18   6211.886653 -16427.249549  18492.411454     39.817567
PR19   -210.392523 -24952.937744   5320.754652   -201.713135
PR20  -8435.577880 -19140.125870 -14573.638501    -77.389002
PR21 -10431.432806    913.893732 -23263.672948   -329.408719
PR24   9448.253451  18347.049643  14989.143015    111.569149
*  2022 08 29 08 03 00.00000000
PE02  16550.368670  10476.865514 -22189.459978    321.347954
PE03  21633.913350  20157.993163   1166.858850   -594.346919
PE04 -24101.869226  -6203.480300  16031.210437  -1103.795173
PE05   6382.115585  22565.419498  18060.371206   -149.067215
PE07  12320.110646 -11821.334297 -24176.581338   -700.759999
PE08  24019.572326   6092.376021 -16182.472642   -589.486540
PE09 -12283.376213  11665.821880  24274.191983   -639.605217
PE11 -13401.518745  22687.472807 -13504.529898   2444.760642
PE12 -16583.169951   2159.078573 -24431.973663   -140.345234
PE13  13605.663974 -22147.713760  14162.617135    430.427131
PE15  16477.695554  -1981.206260  24510.132779    723.862461
PE19 -20230.971205 -21297.223100  -3644.940019  -4678.598050
PE21   3396.032130 -17922.628853  23318.538501   -754.583207
PE24 -23368.924292  15039.151163 -10169.665000   -807.080961
PE25  -3732.772958  17960.895742 -23215.914825   -586.056731
PE26   2230.132055 -29050.436192  -5259.603012  -1550.337719
PE27  22613.822606 -15548.346294  11112.018036   -379.426598
PE30  28225.623912  -3295.601540  -8305.788746   -793.057759
PE31 -28341.322074   4026.032729   7546.869218   -502.520443
PE33  -9611.585968 -19240.426755 -20339.515002   -453.620309
PE36  -2784.660036  29138.374324   4390.942231   -423.621033
PG01  13600.410737 -19858.248201  10529.605496    293.439400
PG02 -15370.041728  10016.825203 -18651.166498   -647.757169
PG03  20994.974281 -12301.966028 -10635.190649   -341.353795
PG05 -25931.688995   5813.892930  -1962.296300    -94.648369
PG06  -8779.878522 -15463.191621 -19644.431509    442.354929
PG07   4709.170055 -25584.314556   4229.072071    311.552917
PG08  17342.123895  -2250.487331  20050.430264    -82.401414
PG09   -219.455582 -19040.242469 -18576.754507   -302.660872
PG11 -14794.827373  -3561.201637 -21768.665164    -13.163172
PG12 -22550.464489  10315.812917  -9635.127988   -269.798783
PG13 -19324.365751  -7759.347452  16429.698176    377.108046
PG14  -6942.916141 -14181.411794  21375.222277   -106.935929
PG15 -17278.577094   4430.989650  19333.814602    -33.409553
PG16  25790.447753   1517.470384  -7396.307634   -522.356031
PG17 -11716.776593 -22583.139641   7953.466720    653.543833
PG18  -4995.762424  25603.285082   4597.279771     66.428571
PG19 -17433.145500 -20064.984167  -2724.877493    203.515959
PG20 -22286.305091  -1911.535857 -14138.434980    490.861454
PG21  15638.144497 -11511.881582  18405.107143    160.046154
PG22  18497.481521  18624.659185  -4208.645437    318.238969
PG23  -2549.939929  15721.795607  21222.490178    -38.333727
PG24 -14243.301307  16995.999899  13991.852568    153.453775
PG25 -11561.864277  15903.448547 -18015.466505    366.134973
PG26  21026.196894   5677.714117 -15503.327624    226.027943
PG27  21216.196050   9936.066729  12664.899165    216.402634
PG29  -1556.902542  18451.805035 -19055.824028   -546.947578
PG30  -3244.235984 -22570.621945  13499.263373   -536.477510
PG31  10616.796791  13564.356838 -20229.259098   -191.395942
PG32  15226.967817  21293.984260   5210.786108   -217.444144
PR01   5551.023026  12939.789947  21263.720459     13.902065
PR02  21187.520976  12317.393085   7231.525096    528.249194
PR03  23068.887829   4038.996889 -10138.945764     62.727551
PR04  11997.065525  -6047.073781 -21662.398475    155.627521
PR05  -5518.472132 -12961.802780 -21251.731777     98.734085
PR07 -22754.888483  -3527.479748  10954.646208     40.131813
PR08 -11844.030148   6330.776851  21732.333370    -66.923138
PR09 -10759.142833  -5551.703962  22482.541917     73.791820
PR12  -5765.738190  16158.623174 -18838.270508     20.574501
PR13   9302.025729   6559.965408 -22834.551663    -26.224994
PR14  20283.864313  -8183.561765 -13089.236427     24.386715
PR15  18507.326412 -17119.346928   3889.612672     93.994585
PR17  10705.685403    706.481877  23144.195015    556.549634
PR18   6213.743340 -16401.910383  18514.315953     39.817565
PR19   -212.144634 -24945.389519   5355.924618   -201.713141
PR20  -8439.601263 -19159.814652 -14545.391764    -77.388974
PR21 -10435.721269    882.295687 -23263.002051   -329.408769
PR24   9452.281598  18367.195701  14961.861121    111.569165
*  2022 08 29 08 03 10.00000000
PE02  16529.098774  10483.499231 -22202.162352    321.347979
PE03  21633.319305  20156.866118   1196.840851   -594.346958
PE04 -24114.153153  -6213.828263  16008.712130  -1103.795266
PE05   6368.718537  22553.212994  18080.339467   -149.067183
PE07  12338.320136 -11805.323524 -24175.109467   -700.760034
PE08  24032.087915   6102.704476 -16159.970525   -589.486609
PE09 -12301.717657  11649.816940  24272.603867   -639.605349
PE11 -13397.569297  22674.430296 -13530.353753   2444.759103
PE12 -16578.149166   2135.064347 -24437.486017   -140.345430
PE13  13601.569298 -22133.995547  14187.966342    430.427136
PE15  16472.713574  -1957.081157  24515.415013    723.862437
PE19 -20228.634974 -21294.318038  -3674.726114  -4678.597013
PE21   3418.116893 -17930.292220  23309.416168   -754.583225
PE24 -23378.369158  15043.042116 -10142.138956   -807.081168
PE25  -3754.797496  17968.544914 -23206.446452   -586.056742
PE26   2229.701998 -29055.886504  -5229.592188  -1550.338155
PE27  22624.115978 -15552.628752  11085.020367   -379.426687
PE30  28217.454006  -3293.733873  -8334.231345   -793.058058
PE31 -28333.874272   4024.437557   7575.687446   -502.520456
PE33  -9608.661996 -19260.667497 -20321.731608   -453.620303
PE36  -2783.850611  29143.015106   4360.574366   -423.621085
PG01  13598.129376 -19844.355007  10558.209051    293.439318
PG02 -15366.084541   9992.160394 -18666.953553   -647.757142
PG03  21008.429209 -12302.919449 -10607.047865   -341.353883
PG05 -25930.198834   5810.721581  -1993.854504    -94.648378
PG06  -8771.581002 -15486.816350 -19629.498525    442.355049
PG07   4713.924338 -25588.003278   4197.831467    311.552866
PG08  17359.281288  -2231.687522  20038.053745    -82.401348
PG09   -201.947572 -19024.527435 -18593.148092   -302.660847
PG11 -14785.603447  -3587.248192 -21770.687142    -13.163189
PG12 -22562.549237  10315.360181  -9606.390583   -269.798843
PG13 -19335.242528  -7777.458081  16408.714731    377.108146
PG14  -6916.351660 -14187.038631  21379.994666   -106.935915
PG15 -17297.391053   4413.716951  19321.518191    -33.409493
PG16  25781.896385   1520.729439  -7426.070684   -522.356042
PG17 -11709.100846 -22577.128252   7983.479600    653.543851
PG18  -4999.954145  25608.070368   4565.895157     66.428449
PG19 -17433.370006 -20068.710673  -2693.173762    203.516018
PG20 -22270.571476  -1920.898715 -14162.154770    490.861409
PG21  15635.189006 -11489.592321  18422.833170    160.046167
PG22  18499.036110  18630.852275  -4177.565042    318.239028
PG23  -2576.186956  15728.017789  21214.594321    -38.333738
PG24 -14242.448556  16977.207483  14015.416353    153.453645
PG25 -11584.062143  15907.007728 -17997.504117    366.135012
PG26  21008.157321   5685.418630 -15524.749218    226.027945
PG27  21226.009667   9949.141855  12638.995064    216.402597
PG29  -1572.894458  18433.758495 -19072.088950   -546.947624
PG30  -3236.224412 -22586.056559  13474.933369   -536.477524
PG31  10607.607285  13588.206667 -20217.538423   -191.395948
PG32  15220.649445  21291.143158   5241.455053   -217.444250
PR01   5523.908485  12929.126071  21277.271204     13.902058
PR02  21179.058680  12312.049547   7265.451251    528.249068
PR03  23082.381398   4042.712978 -10106.884349     62.727574
PR04  12024.861396  -6036.524164 -21649.951146    155.627574
PR05  -5491.761410 -12950.116591 -21265.788620     98.734111
PR07 -22769.303580  -3531.665917  10923.157995     40.131889
PR08 -11871.744380   6320.305273  21720.200973    -66.923116
PR09 -10735.343614  -5571.085597  22489.057418     73.791817
PR12  -5785.397814  16175.440166 -18817.822851     20.574555
PR13   9277.726274   6579.601699 -22838.790567    -26.225010
PR14  20269.186450  -8173.124329 -13118.438184     24.386739
PR15  18510.537131 -17123.765415   3854.486922     93.994605
PR17  10710.272012    737.863397  23141.048638    556.549714
PR18   6215.625383 -16376.543241  18536.175951     39.817594
PR19   -213.885309 -24937.792137   5391.081745   -201.713217
PR20  -8443.637504 -19179.461688 -14517.110030    -77.389009
PR21 -10440.036325    850.702256 -23262.275311   -329.408835
PR24   9456.321428  18387.301504  14934.543261    111.569156
*  2022 08 29 08 03 20.00000000
PE02  16507.821950  10490.153434 -22214.830596    321.348010
PE03  21632.701829  20155.719671   1226.821011   -594.346996
PE04 -24126.427929  -6224.152075  15986.189225  -1103.795335
PE05   6355.297283  22541.003376  18100.279934   -149.067147
PE07  12356.540563 -11789.327449 -24173.600434   -700.760073
PE08  24044.594378   6113.008546 -16137.443558   -589.486673
PE09 -12320.070070  11633.827052  24270.978449   -639.605481
PE11 -13393.625442  22661.359269 -13556.156828   2444.757565
PE12 -16573.146770   2111.040668 -24442.960839   -140.345640
PE13  13597.480978 -22120.249121  14213.293741    430.427134
PE15  16467.750232  -1932.946836  24520.659570    723.862407
PE19 -20226.274158 -21291.394994  -3704.506560  -4678.595947
PE21   3440.187038 -17937.969784  23300.258030   -754.583254
PE24 -23387.784820  15046.931683 -10114.597309   -807.081371
PE25  -3776.807088  17976.208107 -23196.942372   -586.056755
PE26   2229.261775 -29061.307002  -5199.573331  -1550.338607
PE27  22634.380389 -15556.910586  11058.005672   -379.426781
PE30  28209.258495  -3291.850964  -8362.661140   -793.058368
PE31 -28326.400342   4022.827461   7604.494033   -502.520472
PE33  -9605.757879 -19280.893137 -20303.916985   -453.620297
PE36  -2783.031639  29147.625397   4330.199797   -423.621138
PG01  13595.845640 -19830.425412  10586.789391    293.439251
PG02 -15362.137310   9967.472894 -18682.699050   -647.757132
PG03  21021.849204 -12303.872823 -10578.882499   -341.353963
PG05 -25928.672471   5807.538880  -2025.408508    -94.648434
PG06  -8763.303801 -15510.428224 -19614.523481    442.355173
PG07   4718.665509 -25591.656811   4166.581719    311.552791
PG08  17376.438579  -2212.909200  20025.634814    -82.401274
PG09   -184.416320 -19008.807793 -18609.502306   -302.660811
PG11 -14776.393928  -3613.302467 -21772.662808    -13.163219
PG12 -22574.598876  10314.908690  -9577.632836   -269.798905
PG13 -19346.114686  -7795.540378  16387.696237    377.108264
PG14  -6889.784388 -14192.681632  21384.721646   -106.935899
PG15 -17316.201516   4396.464372  19309.179472    -33.409414
PG16  25773.310529   1523.998676  -7455.818478   -522.356057
PG17 -11701.397898 -22571.092569   8013.475675    653.543845
PG18  -5004.130847  25612.820446   4534.500748     66.428316
PG19 -17433.572762 -20072.405601  -2661.464402    203.516086
PG20 -22254.815468  -1930.281424 -14185.844091    490.861361
PG21  15632.241818 -11467.280957  18440.520856    160.046172
PG22  18500.570298  18637.013493  -4146.475781    318.239065
PG23  -2602.420774  15734.253055  21206.653201    -38.333750
PG24 -14241.599317  16958.385316  14038.949143    153.453508
PG25 -11606.236628  15910.574294 -17979.503898    366.135041
PG26  20990.096342   5693.140631 -15546.138420    226.027971
PG27  21235.808828   9962.186976  12613.064288    216.402654
PG29  -1588.910191  18415.705935 -19088.313347   -546.947690
PG30  -3228.230119 -22601.466471  13450.574493   -536.477534
PG31  10598.435656  13612.048237 -20205.774779   -191.395949
PG32  15214.303101  21288.277982   5272.113009   -217.444371
PR01   5496.768070  12918.477571  21290.770820     13.902039
PR02  21170.549242  12306.695515   7299.360043    528.249221
PR03  23095.837284   4046.401869 -10074.798691     62.727630
PR04  12052.650093  -6026.003766 -21637.451716    155.627552
PR05  -5465.023374 -12938.445129 -21279.794325     98.734020
PR07 -22783.682130  -3535.824477  10891.643518     40.131904
PR08 -11899.451801   6309.862364  21708.016654    -66.923131
PR09 -10711.552696  -5590.491565  22495.519084     73.791795
PR12  -5805.022052  16192.255436 -18797.329850     20.574583
PR13   9253.438150   6599.261133 -22842.974666    -26.225032
PR14  20254.485831  -8162.650145 -13147.608363     24.386718
PR15  18513.706815 -17128.156536   3819.351913     93.994616
PR17  10714.884369    769.236830  23137.846704    556.549725
PR18   6217.532813 -16351.148226  18557.991404     39.817596
PR19   -215.614468 -24930.145638   5426.225930   -201.713199
PR20  -8447.686544 -19199.066886 -14488.793365    -77.388977
PR21 -10444.377950    819.113549 -23261.492733   -329.408865
PR24   9460.372864  18407.367019  14907.189520    111.569143
*  2022 08 29 08 03 30.00000000
PE02  16486.538252  10496.828128 -22227.464688    321.348032
PE03  21632.060894  20154.553856   1256.799284   -594.347036
PE04 -24138.693508  -6234.451741  15963.641755  -1103.795418
PE05   6341.851831  22528.790690  18120.192576   -149.067110
PE07  12374.771886 -11773.346104 -24172.054239   -700.760103
PE08  24057.091669   6123.288235 -16114.891775   -589.486731
PE09 -12338.433413  11617.852249  24269.315731   -639.605619
PE11 -13389.687227  22648.259747 -13581.939083   2444.756057
PE12 -16568.162781   2087.007588 -24448.398122   -140.345849
PE13  13593.399061 -22106.474505  14238.599294    430.427134
PE15  16462.805547  -1908.803347  24525.866442    723.862385
PE19 -20223.888730 -21288.454006  -3734.281311  -4678.594938
PE21   3462.242521 -17945.661513  23291.064102   -754.583276
PE24 -23397.171270  15050.819816 -10087.040102   -807.081591
PE25  -3798.801692  17983.885293 -23187.402599   -586.056764
PE26   2228.811429 -29066.697667  -5169.546486  -1550.339043
PE27  22644.615830 -15561.191748  11030.973991   -379.426863
PE30  28201.037411  -3289.952779  -8391.078087   -793.058678
PE31 -28318.900311   4021.202403   7633.288934   -502.520479
PE33  -9602.873596 -19301.103626 -20286.071160   -453.620280
PE36  -2782.203168  29152.205178   4299.818570   -423.621187
PG01  13593.559587 -19816.459434  10615.346451    293.439181
PG02 -15358.200073   9942.762757 -18698.402952   -647.757094
PG03  21035.234242 -12304.826099 -10550.694613   -341.354025
PG05 -25927.109925   5804.344781  -2056.958243    -94.648425
PG06  -8755.046913 -15534.027175 -19599.506411    442.355317
PG07   4723.393609 -25595.275125   4135.322896    311.552680
PG08  17393.595710  -2194.152393  20013.173498    -82.401256
PG09   -166.861846 -18993.083603 -18625.817117   -302.660755
PG11 -14767.198843  -3639.364399 -21774.592157    -13.163237
PG12 -22586.613384  10314.458395  -9548.854809   -269.798948
PG13 -19356.982168  -7813.594319  16366.642739    377.108390
PG14  -6863.214391 -14198.340789  21389.403208   -106.935879
PG15 -17335.008425   4379.231937  19296.798472    -33.409399
PG16  25764.690216   1527.278140  -7485.550954   -522.356060
PG17 -11693.667728 -22565.032643   8043.454884    653.543812
PG18  -5008.292574  25617.535285   4503.096610     66.428194
PG19 -17433.753722 -20076.068976  -2629.749479    203.516149
PG20 -22239.037121  -1939.684004 -14209.502892    490.861325
PG21  15629.302973 -11444.947541  18458.170167    160.046122
PG22  18502.084039  18643.142862  -4115.377723    318.239116
PG23  -2628.641320  15740.501373  21198.666834    -38.333750
PG24 -14240.753632  16939.533434  14062.450885    153.453391
PG25 -11628.387684  15914.148203 -17961.465884    366.135083
PG26  20972.014010   5700.880139 -15567.495183    226.027995
PG27  21245.593476   9975.202093  12587.106892    216.402629
PG29  -1604.949727  18397.647421 -19104.497184   -546.947731
PG30  -3220.253085 -22616.851632  13426.186798   -536.477530
PG31  10589.281906  13635.881484 -20193.968190   -191.395964
PG32  15207.928758  21285.388780   5302.759911   -217.444477
PR01   5469.601854  12907.844506  21304.219275     13.902020
PR02  21161.992663  12301.331069   7333.251392    528.249243
PR03  23109.255423   4050.063612 -10042.688867     62.727617
PR04  12080.431523  -6015.512597 -21624.900216    155.627531
PR05  -5438.258093 -12926.788457 -21293.748861     98.734114
PR07 -22798.024067  -3539.955474  10860.102851     40.131904
PR08 -11927.152318   6299.448133  21695.780441    -66.923032
PR09 -10687.770157  -5609.921817  22501.926901     73.791811
PR12  -5824.610869  16209.068902 -18776.791553     20.574535
PR13   9229.161434   6618.943659 -22847.103949    -26.225048
PR14  20239.762540  -8152.139200 -13176.746893     24.386707
PR15  18516.835498 -17132.520225   3784.207730     93.994577
PR17  10719.522454    800.602081  23134.589221    556.549764
PR18   6219.465669 -16325.725420  18579.762262     39.817602
PR19   -217.332037 -24922.450051   5461.357090   -201.713176
PR20  -8451.748316 -19218.630192 -14460.441836    -77.389044
PR21 -10448.746132    787.529662 -23260.654322   -329.408915
PR24   9464.435842  18427.392189  14879.799963    111.569195
*  2022 08 29 08 03 40.00000000
PE02  16465.247728  10503.523315 -22240.064611    321.348060
PE03  21631.396474  20153.368709   1286.775623   -594.347071
PE04 -24150.949841  -6244.727261  15941.069757  -1103.795493
PE05   6328.382191  22516.574985  18140.077364   -149.067076
PE07  12393.014066 -11757.379520 -24170.470886   -700.760144
PE08  24069.579737   6133.543547 -16092.315211   -589.486801
PE09 -12356.807646  11601.892561  24267.615716   -639.605759
PE11 -13385.754695  22635.131752 -13607.700480   2444.754531
PE12 -16563.197217   2062.965157 -24453.797857   -140.346048
PE13  13589.323591 -22092.671723  14263.882961    430.427140
PE15  16457.879537  -1884.650742  24531.035621    723.862365
PE19 -20221.478669 -21285.495113  -3764.050321  -4678.593924
PE21   3484.283299 -17953.367380  23281.834398   -754.583291
PE24 -23406.528503  15054.706469 -10059.467375   -807.081794
PE25  -3820.781264  17991.576441 -23177.827148   -586.056772
PE26   2228.351005 -29072.058478  -5139.511699  -1550.339481
PE27  22654.822290 -15565.472193  11003.925366   -379.426955
PE30  28192.790784  -3288.039280  -8419.482143   -793.058991
PE31 -28311.374210   4019.562349   7662.072106   -502.520485
PE33  -9600.009130 -19321.298915 -20268.194160   -453.620278
PE36  -2781.365242  29156.754432   4269.430732   -423.621243
PG01  13591.271272 -19802.457093  10643.880170    293.439126
PG02 -15354.272869   9918.030039 -18714.065221   -647.757037
PG03  21048.584302 -12305.779223 -10522.484266   -341.354105
PG05 -25925.511216   5801.139236  -2088.503645    -94.648420
PG06  -8746.810333 -15557.613137 -19584.447346    442.355448
PG07   4728.108682 -25598.858192   4104.055064    311.552614
PG08  17410.752623  -2175.417133  20000.669824    -82.401295
PG09   -149.284172 -18977.354924 -18642.092491   -302.660704
PG11 -14758.018216  -3665.433926 -21776.475185    -13.163256
PG12 -22598.592738  10314.009244  -9520.056561   -269.799010
PG13 -19367.844915  -7831.619883  16345.554284    377.108523
PG14  -6836.641735 -14204.016099  21394.039341   -106.935835
PG15 -17353.811721   4362.019671  19284.375222    -33.409387
PG16  25756.035473   1530.567876  -7515.268053   -522.356070
PG17 -11685.910314 -22558.948528   8073.417164    653.543807
PG18  -5012.439371  25622.214858   4471.682813     66.428068
PG19 -17433.912837 -20079.700822  -2598.029059    203.516214
PG20 -22223.236490  -1949.106470 -14233.131121    490.861276
PG21  15626.372511 -11422.592121  18475.781071    160.046084
PG22  18503.577285  18649.240406  -4084.270933    318.239212
PG23  -2654.848535  15746.762715  21190.635238    -38.333759
PG24 -14239.911548  16920.651874  14085.921527    153.453268
PG25 -11650.515265  15917.729415 -17943.390110    366.135133
PG26  20953.910380   5708.637172 -15588.819465    226.028015
PG27  21255.363553   9988.187207  12561.122933    216.402602
PG29  -1621.013048  18379.583016 -19120.640428   -546.947787
PG30  -3212.293284 -22632.211989  13401.770334   -536.477540
PG31  10580.146037  13659.706341 -20182.118678   -191.395978
PG32  15201.526393  21282.475596   5333.395696   -217.444590
PR01   5442.409909  12897.226933  21317.616537     13.902037
PR02  21153.388945  12295.956286   7367.125216    528.249298
PR03  23122.635751   4053.698254 -10010.554953     62.727593
PR04  12108.205589  -6005.050664 -21612.296677    155.627524
PR05  -5411.465641 -12915.146637 -21307.652193     98.734115
PR07 -22812.329323  -3544.058953  10828.536069     40.131906
PR08 -11954.845839   6289.062590  21683.492364    -66.923045
PR09 -10663.996077  -5629.376305  22508.280851     73.791763
PR12  -5844.164231  16225.880479 -18756.208011     20.574545
PR13   9204.896206   6638.649221 -22851.178408    -26.225068
PR14  20225.016655  -8141.591482 -13205.853704     24.386723
PR15  18519.923214 -17136.856413   3749.054458     93.994569
PR17  10724.186247    831.959052  23131.276195    556.549770
PR18   6221.423986 -16300.274910  18601.488470     39.817614
PR19   -219.037941 -24914.705409   5496.475141   -201.713156
PR20  -8455.822750 -19238.151549 -14432.055512    -77.388995
PR21 -10453.140853    755.950694 -23259.760078   -329.408934
PR24   9468.510295  18447.376961  14852.374658    111.569216
*  2022 08 29 08 03 50.00000000
PE02  16443.950432  10510.238998 -22252.630345    321.348085
PE03  21630.708540  20152.164266   1316.749982   -594.347112
PE04 -24163.196880  -6254.978641  15918.473264  -1103.795576
PE05   6314.888371  22504.356308  18159.934265   -149.067041
PE07  12411.267063 -11741.427730 -24168.850376   -700.760178
PE08  24082.058536   6143.774483 -16069.713902   -589.486869
PE09 -12375.192727  11585.948021  24265.878407   -639.605880
PE11 -13381.827895  22621.975305 -13633.440977   2444.752999
PE12 -16558.250098   2038.913427 -24459.160035   -140.346248
PE13  13585.254614 -22078.840798  14289.144705    430.427141
PE15  16452.972220  -1860.489072  24536.167100    723.862345
PE19 -20219.043950 -21282.518354  -3793.813544  -4678.592893
PE21   3506.309330 -17961.087356  23272.568932   -754.583310
PE24 -23415.856510  15058.591596 -10031.879173   -807.082004
PE25  -3842.745763  17999.281522 -23168.216033   -586.056785
PE26   2227.880546 -29077.389415  -5109.469017  -1550.339922
PE27  22664.999761 -15569.751874  10976.859838   -379.427045
PE30  28184.518644  -3286.110433  -8447.873265   -793.059302
PE31 -28303.822068   4017.907260   7690.843503   -502.520486
PE33  -9597.164460 -19341.478954 -20250.286013   -453.620279
PE36  -2780.517906  29161.273139   4239.036330   -423.621301
PG01  13588.980751 -19788.418407  10672.390483    293.439061
PG02 -15350.355734   9893.274795 -18729.685820   -647.757017
PG03  21061.899362 -12306.732142 -10494.251517   -341.354173
PG05 -25923.876365   5797.922197  -2120.044647    -94.648540
PG06  -8738.594055 -15581.186041 -19569.346317    442.355597
PG07   4732.810772 -25602.405984   4072.778292    311.552535
PG08  17427.909262  -2156.703448  19988.123822    -82.401338
PG09   -131.683320 -18961.621814 -18658.328392   -302.660647
PG11 -14748.852075  -3691.510985 -21778.311888    -13.163266
PG12 -22610.536916  10313.561185  -9491.238152   -269.799088
PG13 -19378.702870  -7849.617049  16324.430916    377.108619
PG14  -6810.066485 -14209.707556  21398.630034   -106.935782
PG15 -17372.611346   4344.827596  19271.909751    -33.409320
PG16  25747.346331   1533.867930  -7544.969714   -522.356098
PG17 -11678.125634 -22552.840275   8103.362452    653.543809
PG18  -5016.571282  25626.859133   4440.259421     66.427954
PG19 -17434.050060 -20083.301165  -2566.303208    203.516262
PG20 -22207.413632  -1958.548841 -14256.728730    490.861257
PG21  15623.450473 -11400.214745  18493.353534    160.046092
PG22  18505.049992  18655.306145  -4053.155477    318.239298
PG23  -2681.042356  15753.037050  21182.558427    -38.333756
PG24 -14239.073108  16901.740673  14109.361017    153.453147
PG25 -11672.619324  15921.317888 -17925.276614    366.135185
PG26  20935.785503   5716.411751 -15610.111219    226.028046
PG27  21265.119002  10001.142322  12535.112466    216.402588
PG29  -1637.100136  18361.512783 -19136.743044   -546.947813
PG30  -3204.350693 -22647.547491  13377.325154   -536.477531
PG31  10571.028050  13683.522743 -20170.226268   -191.396012
PG32  15195.095981  21279.538477   5364.020300   -217.444692
PR01   5415.192309  12886.624908  21330.962573     13.902079
PR02  21144.738087  12290.571247   7400.981434    528.249354
PR03  23135.978204   4057.305844  -9978.397028     62.727568
PR04  12135.972199  -5994.617978 -21599.641127    155.627528
PR05  -5384.646089 -12903.519729 -21321.504288     98.734060
PR07 -22826.597832  -3548.134960  10796.943250     40.131869
PR08 -11982.532269   6278.705744  21671.152451    -66.923106
PR09 -10640.230536  -5648.854979  22514.580920     73.791783
PR12  -5863.682104  16242.690086 -18735.579273     20.574588
PR13   9180.642544   6658.377768 -22855.198033    -26.225056
PR14  20210.248260  -8131.006976 -13234.928725     24.386768
PR15  18522.969998 -17141.165032   3713.892180     93.994611
PR17  10728.875726    863.307649  23127.907635    556.549818
PR18   6223.407802 -16274.796780  18623.169979     39.817622
PR19   -220.732105 -24906.911743   5531.579997   -201.713162
PR20  -8459.909778 -19257.630904 -14403.634461    -77.389149
PR21 -10457.562100    724.376742 -23258.810005   -329.408948
PR24   9472.596155  18467.321281  14824.913668    111.569318
*  2022 08 29 08 04 00.00000000
PE02  16422.646419  10516.975180 -22265.161866    321.348110
PE03  21629.997064  20150.940561   1346.722309   -594.347154
PE04 -24175.434577  -6265.205881  15895.852313  -1103.795654
PE05   6301.370385  22492.134709  18179.763251   -149.067006
PE07  12429.530837 -11725.490765 -24167.192713   -700.760210
PE08  24094.528016   6153.981048 -16047.087885   -589.486940
PE09 -12393.588614  11570.018663  24264.103808   -639.606013
PE11 -13377.906872  22608.790432 -13659.160531   2444.751464
PE12 -16553.321445   2014.852452 -24464.484642   -140.346448
PE13  13581.192175 -22064.981756  14314.384482    430.427147
PE15  16448.083616  -1836.318394  24541.260868    723.862320
PE19 -20216.584548 -21279.523770  -3823.570929  -4678.591877
PE21   3528.320567 -17968.821410  23263.267719   -754.583334
PE24 -23425.155282  15062.475148 -10004.275543   -807.082207
PE25  -3864.695139  18007.000505 -23158.569270   -586.056797
PE26   2227.400098 -29082.690456  -5079.418488  -1550.340354
PE27  22675.148234 -15574.030742  10949.777451   -379.427129
PE30  28176.221020  -3284.166200  -8476.251399   -793.059607
PE31 -28296.243914   4016.237101   7719.603078   -502.520501
PE33  -9594.339567 -19361.643691 -20232.346746   -453.620272
PE36  -2779.661206  29165.761282   4208.635417   -423.621350
PG01  13586.688081 -19774.343404  10700.877320    293.438994
PG02 -15346.448702   9868.497088 -18745.264727   -647.757013
PG03  21075.179402 -12307.684800 -10465.996438   -341.354242
PG05 -25922.205395   5794.693620  -2151.581177    -94.648573
PG06  -8730.398070 -15604.745817 -19554.203366    442.355733
PG07   4737.499921 -25605.918478   4041.492654    311.552491
PG08  17445.065563  -2138.011370  19975.535526    -82.401373
PG09   -114.059318 -18945.884340 -18674.524786   -302.660594
PG11 -14739.700443  -3717.595507 -21780.102269    -13.163281
PG12 -22622.445897  10313.114167  -9462.399650   -269.799191
PG13 -19389.555973  -7867.585794  16303.272699    377.108711
PG14  -6783.488709 -14215.415154  21403.175278   -106.935748
PG15 -17391.407244   4327.655730  19259.402094    -33.409239
PG16  25738.622820   1537.178347  -7574.655862   -522.356153
PG17 -11670.313674 -22546.707941   8133.290690    653.543812
PG18  -5020.688354  25631.468084   4408.826514     66.427842
PG19 -17434.165336 -20086.870014  -2534.571995    203.516331
PG20 -22191.568609  -1968.011129 -14280.295665    490.861249
PG21  15620.536896 -11377.815475  18510.887531    160.046097
PG22  18506.502117  18661.340110  -4022.031434    318.239390
PG23  -2707.222723  15759.324346  21174.436429    -38.333760
PG24 -14238.238359  16882.799873  14132.769297    153.453027
PG25 -11694.699814  15924.913578 -17907.125439    366.135232
PG26  20917.639440   5724.203888 -15631.370386    226.028065
PG27  21274.859761  10014.067432  12509.075561    216.402567
PG29  -1653.210976  18343.436790 -19152.804991   -546.947849
PG30  -3196.425289 -22662.858086  13352.851314   -536.477530
PG31  10561.927952  13707.330621 -20158.290978   -191.396062
PG32  15188.637518  21276.577470   5394.633614   -217.444794
PR01   5387.949130  12876.038500  21344.257330     13.902119
PR02  21136.040044  12285.176024   7434.819922    528.249379
PR03  23149.282714   4060.886428  -9946.215182     62.727502
PR04  12163.731251  -5984.214544 -21586.933608    155.627552
PR05  -5357.799521 -12891.907796 -21335.305118     98.734114
PR07 -22840.829515  -3552.183541  10765.324488     40.131895
PR08 -12010.211495   6268.377610  21658.760746    -66.923109
PR09 -10616.473613  -5668.357798  22520.827083     73.791820
PR12  -5883.164455  16259.497636 -18714.905392     20.574611
PR13   9156.400534   6678.129227 -22859.162834    -26.225061
PR14  20195.457438  -8120.385671 -13263.971868     24.386684
PR15  18525.975877 -17145.446008   3678.721000     93.994637
PR17  10733.590847    894.647776  23124.483603    556.549868
PR18   6225.417146 -16249.291130  18644.806746     39.817666
PR19   -222.414453 -24899.069092   5566.671560   -201.713222
PR20  -8464.009339 -19277.068165 -14375.178750    -77.389257
PR21 -10462.009851    692.807916 -23257.804108   -329.408938
PR24   9476.693345  18487.225112  14797.417080    111.569356
*  2022 08 29 08 04 10.00000000
PE02  16401.335730  10523.731865 -22277.659163    321.348131
PE03  21629.262021  20149.697631   1376.692571   -594.347196
PE04 -24187.662888  -6275.408989  15873.206935  -1103.795729
PE05   6287.828235  22479.910231  18199.564291   -149.066969
PE07  12447.805347 -11709.568657 -24165.497899   -700.760240
PE08  24106.988130   6164.163245 -16024.437187   -589.487002
PE09 -12411.995271  11554.104514  24262.291918   -639.606142
PE11 -13373.991668  22595.577146 -13684.859113   2444.749924
PE12 -16548.411269   1990.782276 -24469.771683   -140.346648
PE13  13577.136318 -22051.094615  14339.602260    430.427148
PE15  16443.213739  -1812.138750  24546.316921    723.862295
PE19 -20214.100441 -21276.511397  -3853.322443  -4678.590812
PE21   3550.316977 -17976.569514  23253.930773   -754.583359
PE24 -23434.424816  15066.357083  -9976.656516   -807.082427
PE25  -3886.629364  18014.733362 -23148.886873   -586.056812
PE26   2226.909703 -29087.961586  -5049.360154  -1550.340795
PE27  22685.267699 -15578.308754  10922.678243   -379.427221
PE30  28167.897948  -3282.206553  -8504.616520   -793.059918
PE31 -28288.639779   4014.551837   7748.350796   -502.520501
PE33  -9591.534432 -19381.793084 -20214.376387   -453.620273
PE36  -2778.795188  29170.218843   4178.228027   -423.621404
PG01  13584.393317 -19760.232087  10729.340633    293.438929
PG02 -15342.551819   9843.696958 -18760.801876   -647.757006
PG03  21088.424396 -12308.637150 -10437.719064   -341.354313
PG05 -25920.498322   5791.453453  -2183.113179    -94.648636
PG06  -8722.222379 -15628.292404 -19539.018509    442.355875
PG07   4742.176171 -25609.395633   4010.198203    311.552456
PG08  17462.221479  -2119.340923  19962.904948    -82.401457
PG09    -96.412172 -18930.142547 -18690.681641   -302.660546
PG11 -14730.563347  -3743.687442 -21781.846312    -13.163298
PG12 -22634.319655  10312.668139  -9433.541102   -269.799310
PG13 -19400.404170  -7885.526100  16282.079646    377.108779
PG14  -6756.908468 -14221.138888  21407.675063   -106.935718
PG15 -17410.199349   4310.504110  19246.852267    -33.409170
PG16  25729.864968   1540.499172  -7604.326463   -522.356192
PG17 -11662.474397 -22540.551567   8163.201810    653.543810
PG18  -5024.790628  25636.041678   4377.384138     66.427732
PG19 -17434.258636 -20090.407424  -2502.835482    203.516449
PG20 -22175.701459  -1977.493360 -14303.831881    490.861246
PG21  15617.631823 -11355.394337  18528.383016    160.046094
PG22  18507.933604  18667.342311  -3990.898849    318.239447
PG23  -2733.389576  15765.624577  21166.269242    -38.333766
PG24 -14237.407341  16863.829500  14156.146329    153.452931
PG25 -11716.756691  15928.516449 -17888.936606    366.135289
PG26  20899.472230   5732.013611 -15652.596950    226.028100
PG27  21284.585783  10026.962552  12483.012248    216.402549
PG29  -1669.345549  18325.355094 -19168.826250   -546.947862
PG30  -3188.517047 -22678.143727  13328.348856   -536.477531
PG31  10552.845731  13731.129918 -20146.312839   -191.396085
PG32  15182.150940  21273.592619   5425.235663   -217.444896
PR01   5360.680442  12865.467746  21357.500821     13.902096
PR02  21127.294913  12279.770707   7468.640688    528.249472
PR03  23162.549226   4064.440059  -9914.009466     62.727583
PR04  12191.482662  -5973.840376 -21574.174131    155.627564
PR05  -5330.925984 -12880.310899 -21349.054641     98.734063
PR07 -22855.024326  -3556.204743  10733.679820     40.131856
PR08 -12037.883465   6258.078184  21646.317251    -66.923034
PR09 -10592.725385  -5687.884699  22527.019343     73.791831
PR12  -5902.611249  16276.303051 -18694.186410     20.574598
PR13   9132.170242   6697.903579 -22863.072761    -26.225044
PR14  20180.644264  -8109.727553 -13292.983102     24.386695
PR15  18528.940898 -17149.699286   3643.540964     93.994612
PR17  10738.331634    925.979334  23121.003996    556.549877
PR18   6227.452069 -16223.758016  18666.398698     39.817680
PR19   -224.084912 -24891.177473   5601.749776   -201.713201
PR20  -8468.121348 -19296.463349 -14346.688450    -77.389260
PR21 -10466.484100    661.244290 -23256.742381   -329.408992
PR24   9480.801821  18507.088364  14769.884921    111.569288
*  2022 08 29 08 04 20.00000000
PE02  16380.018422  10530.509056 -22290.122213    321.348152
PE03  21628.503383  20148.435511   1406.660715   -594.347232
PE04 -24199.881764  -6285.587965  15850.537167  -1103.795811
PE05   6274.261933  22467.682923  18219.337353   -149.066932
PE07  12466.090553 -11693.661439 -24163.765936   -700.760271
PE08  24119.438830   6174.321077 -16001.761847   -589.487075
PE09 -12430.412655  11538.205608  24260.442743   -639.606274
PE11 -13370.082330  22582.335474 -13710.536679   2444.748398
PE12 -16543.519592   1966.702953 -24475.021143   -140.346843
PE13  13573.087089 -22037.179401  14364.797998    430.427147
PE15  16438.362610  -1787.950196  24551.335251    723.862266
PE19 -20211.591607 -21273.481275  -3883.068033  -4678.589787
PE21   3572.298511 -17984.331638  23244.558107   -754.583382
PE24 -23443.665104  15070.237351  -9949.022140   -807.082630
PE25  -3908.548388  18022.480062 -23139.168858   -586.056818
PE26   2226.409405 -29093.202783  -5019.294062  -1550.341239
PE27  22695.358147 -15582.585861  10895.562256   -379.427314
PE30  28159.549455  -3280.231451  -8532.968575   -793.060223
PE31 -28281.009692   4012.851430   7777.086607   -502.520510
PE33  -9588.749034 -19401.927079 -20196.374964   -453.620273
PE36  -2777.919898  29174.645803   4147.814213   -423.621452
PG01  13582.096515 -19746.084483  10757.780351    293.438870
PG02 -15338.665119   9818.874469 -18776.297243   -647.756992
PG03  21101.634325 -12309.589135 -10409.419467   -341.354383
PG05 -25918.755168   5788.201651  -2214.640582    -94.648646
PG06  -8714.066972 -15651.825730 -19523.791785    442.356015
PG07   4746.839567 -25612.837428   3978.895015    311.552480
PG08  17479.376949  -2100.692140  19950.232125    -82.401565
PG09    -78.741912 -18914.396501 -18706.798922   -302.660499
PG11 -14721.440813  -3769.786720 -21783.544018    -13.163310
PG12 -22646.158172  10312.223048  -9404.662575   -269.799432
PG13 -19411.247402  -7903.437944  16260.851820    377.108859
PG14  -6730.325832 -14226.878752  21412.129377   -106.935693
PG15 -17428.987606   4293.372750  19234.260307    -33.409157
PG16  25721.072804   1543.830451  -7633.981443   -522.356206
PG17 -11654.607789 -22534.371212   8193.095752    653.543787
PG18  -5028.878152  25640.579888   4345.932371     66.427616
PG19 -17434.329903 -20093.913406  -2471.093736    203.516527
PG20 -22159.812247  -1986.995546 -14327.337325    490.861233
PG21  15614.735293 -11332.951394  18545.839963    160.046091
PG22  18509.344411  18673.312776  -3959.757798    318.239511
PG23  -2759.542854  15771.937712  21158.056892    -38.333768
PG24 -14236.580101  16844.829596  14179.492053    153.452820
PG25 -11738.789907  15932.126456 -17870.710159    366.135325
PG26  20881.283933   5739.840935 -15673.790853    226.028120
PG27  21294.297006  10039.827676  12456.922595    216.402529
PG29  -1685.503838  18307.267763 -19184.806781   -546.947868
PG30  -3180.625945 -22693.404360  13303.817836   -536.477529
PG31  10543.781395  13754.920564 -20134.291872   -191.396079
PG32  15175.636242  21270.583973   5455.826339   -217.444995
PR01   5333.386321  12854.912712  21370.692990     13.902140
PR02  21118.502648  12274.355371   7502.443605    528.249464
PR03  23175.777671   4067.966785  -9881.779971     62.727550
PR04  12219.226332  -5963.495480 -21561.362737    155.627617
PR05  -5304.025564 -12868.729098 -21362.752828     98.733970
PR07 -22869.182188  -3560.198612  10702.009341     40.131950
PR08 -12065.548064   6247.807481  21633.822008    -66.923053
PR09 -10568.985935  -5707.435640  22533.157675     73.791898
PR12  -5922.022454  16293.106244 -18673.422382     20.574638
PR13   9107.951753   6717.700753 -22866.927824    -26.225086
PR14  20165.808822  -8099.032610 -13321.962337     24.386670
PR15  18531.865091 -17153.924792   3608.352176     93.994598
PR17  10743.098044    957.302230  23117.468879    556.549915
PR18   6229.512600 -16198.197537  18687.945793     39.817724
PR19   -225.743408 -24883.236925   5636.814545   -201.713186
PR20  -8472.245743 -19315.816365 -14318.163628    -77.389281
PR21 -10470.984827    629.685973 -23255.624833   -329.409039
PR24   9484.921504  18526.911003  14742.317276    111.569265
*  2022 08 29 08 04 30.00000000
PE02  16358.694547  10537.306755 -22302.550996    321.348178
PE03  21627.721122  20147.154236   1436.626694   -594.347274
PE04 -24212.091156  -6295.742814  15827.843044  -1103.795885
PE05   6260.671490  22455.452834  18239.082409   -149.066897
PE07  12484.386416 -11677.769140 -24161.996827   -700.760305
PE08  24131.880069   6184.454548 -15979.061900   -589.487141
PE09 -12448.840725  11522.321977  24258.556285   -639.606407
PE11 -13366.178904  22569.065436 -13736.193187   2444.746865
PE12 -16538.646434   1942.614536 -24480.233014   -140.347033
PE13  13569.044533 -22023.236138  14389.971656    430.427149
PE15  16433.530246  -1763.752784  24556.315848    723.862236
PE19 -20209.058021 -21270.433443  -3912.807653  -4678.588756
PE21   3594.265127 -17992.107752  23235.149736   -754.583411
PE24 -23452.876138  15074.115907  -9921.372457   -807.082837
PE25  -3930.452169  18030.240575 -23129.415239   -586.056820
PE26   2225.899249 -29098.414027  -4989.220260  -1550.341680
PE27  22705.419571 -15586.862018  10868.429534   -379.427401
PE30  28151.175574  -3278.240861  -8561.307521   -793.060529
PE31 -28273.353684   4011.135846   7805.810467   -502.520517
PE33  -9585.983355 -19422.045629 -20178.342505   -453.620273
PE36  -2777.035379  29179.042144   4117.394022   -423.621513
PG01  13579.797732 -19731.900613  10786.196412    293.438810
PG02 -15334.788637   9794.029677 -18791.750793   -647.756988
PG03  21114.809168 -12310.540702 -10381.097708   -341.354457
PG05 -25916.975956   5784.938166  -2246.163319    -94.648617
PG06  -8705.931842 -15675.345727 -19508.523229    442.356147
PG07   4751.490151 -25616.243835   3947.583156    311.552502
PG08  17496.531913  -2082.065048  19937.517085    -82.401552
PG09    -61.048561 -18898.646261 -18722.876595   -302.660450
PG11 -14712.332866  -3795.893280 -21785.195385    -13.163329
PG12 -22657.961423  10311.778844  -9375.764128   -269.799530
PG13 -19422.085610  -7921.321305  16239.589266    377.108881
PG14  -6703.740865 -14232.634739  21416.538212   -106.935673
PG15 -17447.771957   4276.261677  19221.626243    -33.409139
PG16  25712.246359   1547.172228  -7663.620742   -522.356195
PG17 -11646.713831 -22528.166928   8222.972456    653.543815
PG18  -5032.950970  25645.082684   4314.471281     66.427490
PG19 -17434.379089 -20097.387985  -2439.346824    203.516539
PG20 -22143.901029  -1996.517705 -14350.811947    490.861171
PG21  15611.847343 -11310.486693  18563.258339    160.046091
PG22  18510.734494  18679.251530  -3928.608348    318.239563
PG23  -2785.682495  15778.263719  21149.799397    -38.333780
PG24 -14235.756682  16825.800199  14202.806417    153.452691
PG25 -11760.799417  15935.743558 -17852.446137    366.135379
PG26  20863.074604   5747.685878 -15694.952049    226.028142
PG27  21303.993373  10052.662808  12430.806660    216.402502
PG29  -1701.685826  18289.174859 -19200.746550   -546.947881
PG30  -3172.751957 -22708.639936  13279.258307   -536.477527
PG31  10534.734945  13778.702493 -20122.228099   -191.396084
PG32  15169.093400  21267.551576   5486.405576   -217.445102
PR01   5306.066841  12844.373456  21383.833806     13.902117
PR02  21109.663252  12268.930092   7536.228594    528.249269
PR03  23188.967987   4071.466653  -9849.526773     62.727568
PR04  12246.962166  -5953.179862 -21548.499456    155.627626
PR05  -5277.098332 -12857.162455 -21376.399647     98.733965
PR07 -22883.303034  -3564.165193  10670.313127     40.131903
PR08 -12093.205198   6237.565508  21621.275047    -66.923072
PR09 -10545.255339  -5727.010572  22539.242066     73.791942
PR12  -5941.398036  16309.907132 -18652.613358     20.574654
PR13   9083.745145   6737.520694 -22870.728015    -26.225090
PR14  20150.951194  -8088.300829 -13350.909503     24.386692
PR15  18534.748489 -17158.122458   3573.154721     93.994655
PR17  10747.890054    988.616366  23113.878259    556.549961
PR18   6231.598775 -16172.609780  18709.447982     39.817773
PR19   -227.389866 -24875.247481   5671.865783   -201.713131
PR20  -8476.382455 -19335.127159 -14289.604352    -77.389323
PR21 -10475.512016    598.133064 -23254.451465   -329.409025
PR24   9489.052327  18546.692974  14714.714211    111.569337
*  2022 08 29 08 04 40.00000000
PE02  16337.364155  10544.124965 -22314.945494    321.348222
PE03  21626.915210  20145.853844   1466.590464   -594.347290
PE04 -24224.291018  -6305.873540  15805.124599  -1103.795949
PE05   6247.056915  22443.220011  18258.799427   -149.066842
PE07  12502.692896 -11661.891793 -24160.190575   -700.760316
PE08  24144.311796   6194.563661 -15956.337381   -589.487185
PE09 -12467.279440  11506.453652  24256.632547   -639.606520
PE11 -13362.281435  22555.767056 -13761.828600   2444.745352
PE12 -16533.791811   1918.517075 -24485.407288   -140.347224
PE13  13565.008694 -22009.264850  14415.123196    430.427175
PE15  16428.716665  -1739.546566  24561.258706    723.862235
PE19 -20206.499659 -21267.367941  -3942.541259  -4678.587669
PE21   3616.216784 -17999.897828  23225.705675   -754.583412
PE24 -23462.057912  15077.992703  -9893.707511   -807.083022
PE25  -3952.340666  18038.014872 -23119.626030   -586.056814
PE26   2225.379279 -29103.595298  -4959.138794  -1550.342104
PE27  22715.451960 -15591.137177  10841.280116   -379.427470
PE30  28142.776334  -3276.234748  -8589.633314   -793.060820
PE31 -28265.671783   4009.405046   7834.522332   -502.520505
PE33  -9583.237374 -19442.148684 -20160.279036   -453.620240
PE36  -2776.141679  29183.407850   4086.967501   -423.621548
PG01  13577.497024 -19717.680496  10814.588751    293.438738
PG02 -15330.922413   9769.162636 -18807.162488   -647.756995
PG03  21127.948902 -12311.491799 -10352.753846   -341.354525
PG05 -25915.160705   5781.662952  -2277.681325    -94.648549
PG06  -8697.816983 -15698.852330 -19493.212871    442.356293
PG07   4756.127967 -25619.614826   3916.262695    311.552505
PG08  17513.686314  -2063.459677  19924.759856    -82.401457
PG09    -43.332139 -18882.891886 -18738.914627   -302.660401
PG11 -14703.239531  -3822.007058 -21786.800409    -13.163345
PG12 -22669.729389  10311.335475  -9346.845824   -269.799617
PG13 -19432.918738  -7939.176162  16218.292033    377.108933
PG14  -6677.153632 -14238.406843  21420.901557   -106.935649
PG15 -17466.552342   4259.170911  19208.950106    -33.409096
PG16  25703.385663   1550.524548  -7693.244300   -522.356187
PG17 -11638.792500 -22521.938768   8252.831859    653.543860
PG18  -5037.009128  25649.550039   4283.000935     66.427369
PG19 -17434.406148 -20100.831187  -2407.594812    203.516507
PG20 -22127.967859  -2006.059853 -14374.255697    490.861126
PG21  15608.968016 -11288.000285  18580.638112    160.046063
PG22  18512.103804  18685.158593  -3897.450566    318.239599
PG23  -2811.808439  15784.602568  21141.496773    -38.333795
PG24 -14234.937130  16806.741347  14226.089371    153.452565
PG25 -11782.785175  15939.367713 -17834.144575    366.135412
PG26  20844.844296   5755.548458 -15716.080494    226.028167
PG27  21313.674827  10065.467951  12404.664498    216.402466
PG29  -1717.891496  18271.076447 -19216.645523   -546.947932
PG30  -3164.895061 -22723.850403  13254.670320   -536.477537
PG31  10525.706380  13802.475642 -20110.121544   -191.396118
PG32  15162.522392  21264.495476   5516.973313   -217.445216
PR01   5278.722075  12833.850034  21396.923238     13.902123
PR02  21100.776725  12263.494951   7569.995574    528.249351
PR03  23202.120109   4074.939714  -9817.249951     62.727592
PR04  12274.690069  -5942.893532 -21535.584320    155.627646
PR05  -5250.144363 -12845.611029 -21389.995063     98.733975
PR07 -22897.386797  -3568.104534  10638.591255     40.131923
PR08 -12120.854775   6227.352274  21608.676397    -66.923074
PR09 -10521.533677  -5746.609445  22545.272499     73.791994
PR12  -5960.737962  16326.705633 -18631.759387     20.574722
PR13   9059.550497   6757.363349 -22874.473325    -26.225136
PR14  20136.071463  -8077.532197 -13379.824531     24.386675
PR15  18537.591127 -17162.292216   3537.948682     93.994589
PR17  10752.707644   1019.921649  23110.232145    556.550008
PR18   6233.710629 -16146.994828  18730.905212     39.817803
PR19   -229.024212 -24867.209174   5706.903405   -201.713216
PR20  -8480.531415 -19354.395677 -14261.010693    -77.389380
PR21 -10480.065650    566.585658 -23253.222281   -329.408982
PR24   9493.194222  18566.434224  14687.075792    111.569278
*  2022 08 29 08 04 50.00000000
PE02  16316.027297  10550.963688 -22327.305687    321.348252
PE03  21626.085622  20144.534368   1496.551977   -594.347323
PE04 -24236.481302  -6315.980145  15782.381869  -1103.796028
PE05   6233.418218  22430.984501  18278.488377   -149.066800
PE07  12521.009951 -11646.029430 -24158.347182   -700.760346
PE08  24156.733966   6204.648421 -15933.588325   -589.487248
PE09 -12485.728759  11490.600665  24254.671531   -639.606654
PE11 -13358.389969  22542.440355 -13787.442878   2444.743820
PE12 -16528.955742   1894.410621 -24490.543957   -140.347446
PE13  13560.979618 -21995.265560  14440.252580    430.427176
PE15  16423.921885  -1715.331593  24566.163817    723.862213
PE19 -20203.916500 -21264.284807  -3972.268803  -4678.586653
PE21   3638.153438 -18007.701834  23216.225937   -754.583435
PE24 -23471.210419  15081.867693  -9866.027344   -807.083237
PE25  -3974.213834  18045.802922 -23109.801248   -586.056824
PE26   2224.849539 -29108.746577  -4929.049709  -1550.342539
PE27  22725.455307 -15595.411292  10814.114046   -379.427553
PE30  28134.351767  -3274.213076  -8617.945911   -793.061122
PE31 -28257.964020   4007.658997   7863.222159   -502.520514
PE33  -9580.511071 -19462.236195 -20142.184586   -453.620237
PE36  -2775.238842  29187.742901   4056.534696   -423.621602
PG01  13575.194447 -19703.424152  10842.957307    293.438675
PG02 -15327.066481   9744.273404 -18822.532292   -647.757028
PG03  21141.053508 -12312.442371 -10324.387940   -341.354594
PG05 -25913.309438   5778.375961  -2309.194532    -94.648543
PG06  -8689.722389 -15722.345469 -19477.860746    442.356424
PG07   4760.753058 -25622.950373   3884.933698    311.552475
PG08  17530.840095  -2044.876056  19911.960466    -82.401482
PG09    -25.592669 -18867.133435 -18754.912983   -302.660351
PG11 -14694.160833  -3848.127991 -21788.359087    -13.163358
PG12 -22681.462046  10310.892889  -9317.907721   -269.799739
PG13 -19443.746727  -7957.002495  16196.960164    377.109035
PG14  -6650.564200 -14244.195059  21425.219403   -106.935623
PG15 -17485.328702   4242.100476  19196.231925    -33.409032
PG16  25694.490745   1553.887456  -7722.852056   -522.356157
PG17 -11630.843777 -22515.686782   8282.673899    653.543907
PG18  -5041.052669  25653.981923   4251.521400     66.427246
PG19 -17434.411034 -20104.243038  -2375.837766    203.516506
PG20 -22112.012794  -2015.622007 -14397.668525    490.861062
PG21  15606.097348 -11265.492220  18597.979250    160.046046
PG22  18513.452297  18691.033991  -3866.284518    318.239668
PG23  -2837.920626  15790.954229  21133.149037    -38.333805
PG24 -14234.121488  16787.653076  14249.340862    153.452448
PG25 -11804.747134  15942.998879 -17815.805510    366.135472
PG26  20826.593061   5763.428694 -15737.176144    226.028190
PG27  21323.341310  10078.243106  12378.496166    216.402446
PG29  -1734.120828  18252.972590 -19232.503667   -546.947978
PG30  -3157.055231 -22739.035711  13230.053927   -536.477525
PG31  10516.695703  13826.239943 -20097.972231   -191.396122
PG32  15155.923192  21261.415719   5547.529484   -217.445319
PR01   5251.352099  12823.342502  21409.961255     13.902102
PR02  21091.843072  12258.050026   7603.744464    528.249373
PR03  23215.233975   4078.386017  -9784.949581     62.727616
PR04  12302.409948  -5932.636497 -21522.617359    155.627619
PR05  -5223.163728 -12834.074882 -21403.539046     98.733972
PR07 -22911.433412  -3572.016681  10606.843799     40.131934
PR08 -12148.496700   6217.167786  21596.026089    -66.923103
PR09 -10497.821028  -5766.232209  22551.248960     73.792031
PR12  -5980.042201  16343.501661 -18610.860521     20.574717
PR13   9035.367886   6777.228663 -22878.163744    -26.225094
PR14  20121.169709  -8066.726704 -13408.707350     24.386661
PR15  18540.393042 -17166.434000   3502.734145     93.994582
PR17  10757.550789   1051.217980  23106.530546    556.550012
PR18   6235.848200 -16121.352769  18752.317432     39.817802
PR19   -230.646371 -24859.122036   5741.927329   -201.713345
PR20  -8484.692553 -19373.621866 -14232.382717    -77.389325
PR21 -10484.645713    535.043854 -23251.937284   -329.409052
PR24   9497.347124  18586.134700  14659.402086    111.569458
*  2022 08 29 08 05 00.00000000
PE02  16294.684031  10557.822928 -22339.631553    321.348271
PE03  21625.232329  20143.195848   1526.511182   -594.347368
PE04 -24248.661959  -6326.062633  15759.614892  -1103.796107
PE05   6219.755413  22418.746353  18298.149229   -149.066771
PE07  12539.337543 -11630.182081 -24156.466651   -700.760380
PE08  24169.146529   6214.708829 -15910.814771   -589.487324
PE09 -12504.188640  11474.763049  24252.673242   -639.606786
PE11 -13354.504552  22529.085361 -13813.035976   2444.742292
PE12 -16524.138247   1870.295228 -24495.643005   -140.347638
PE13  13556.957352 -21981.238297  14465.359764    430.427176
PE15  16419.145924  -1691.107922  24571.031170    723.862186
PE19 -20201.308520 -21261.184082  -4001.990232  -4678.585600
PE21   3660.075041 -18015.519739  23206.710540   -754.583457
PE24 -23480.333649  15085.740831  -9838.332001   -807.083442
PE25  -3996.071626  18053.604694 -23099.940907   -586.056834
PE26   2224.310075 -29113.867840  -4898.953055  -1550.342980
PE27  22735.429603 -15599.684317  10786.931368   -379.427643
PE30  28125.901902  -3272.175808  -8646.245261   -793.061430
PE31 -28250.230427   4005.897661   7891.909896   -502.520514
PE33  -9577.804429 -19482.308111 -20124.059181   -453.620237
PE36  -2774.326916  29192.047280   4026.095659   -423.621666
PG01  13572.890058 -19689.131608  10871.302008    293.438612
PG02 -15323.220876   9719.362044 -18837.860182   -647.757068
PG03  21154.122964 -12313.392363 -10296.000066   -341.354666
PG05 -25911.422178   5775.077147  -2340.702870    -94.648544
PG06  -8681.648049 -15745.825075 -19462.466893    442.356568
PG07   4765.365470 -25626.250457   3853.596243    311.552418
PG08  17547.993193  -2026.314217  19899.118954    -82.401476
PG09     -7.830183 -18851.370973 -18770.871632   -302.660301
PG11 -14685.096798  -3874.256010 -21789.871424    -13.163377
PG12 -22693.159376  10310.451037  -9288.949887   -269.799837
PG13 -19454.569517  -7974.800280  16175.593724    377.109117
PG14  -6623.972637 -14249.999379  21429.491742   -106.935599
PG15 -17504.100983   4225.050389  19183.471737    -33.408951
PG16  25685.561637   1557.260994  -7752.443936   -522.356118
PG17 -11622.867648 -22509.411033   8312.498517    653.543925
PG18  -5045.081643  25658.378312   4220.032753     66.427125
PG19 -17434.393687 -20107.623551  -2344.075757    203.516531
PG20 -22096.035898  -2025.204178 -14421.050377    490.861004
PG21  15603.235379 -11242.962557  18615.281726    160.045977
PG22  18514.779931  18696.877750  -3835.110280    318.239730
PG23  -2864.018992  15797.318669  21124.756215    -38.333811
PG24 -14233.309803  16768.535432  14272.560829    153.452332
PG25 -11826.685250  15946.637015 -17797.428987    366.135515
PG26  20808.320963   5771.326599 -15758.238939    226.028219
PG27  21332.992761  10090.988273  12352.301732    216.402415
PG29  -1750.373806  18234.863355 -19248.320941   -546.947997
PG30  -3149.232446 -22754.195806  13205.409188   -536.477524
PG31  10507.702919  13849.995327 -20085.780183   -191.396090
PG32  15149.295801  21258.312352   5578.073983   -217.445421
PR01   5223.956988  12812.850928  21422.947802     13.902113
PR02  21082.862244  12252.595390   7637.475137    528.249224
PR03  23228.309518   4081.805610  -9752.625756     62.727663
PR04  12330.121704  -5922.408765 -21509.598613    155.627646
PR05  -5196.156512 -12822.554075 -21417.031566     98.733977
PR07 -22925.442802  -3575.901681  10575.070859     40.131944
PR08 -12176.130860   6207.012059  21583.324165    -66.923097
PR09 -10474.117471  -5785.878820  22557.171426     73.792087
PR12  -5999.310717  16360.295134 -18589.916815     20.574720
PR13   9011.197397   6797.116562 -22881.799285    -26.225123
PR14  20106.246018  -8055.884336 -13437.557871     24.386670
PR15  18543.154260 -17170.547735   3467.511212     93.994624
PR17  10762.419446   1082.505266  23102.773525    556.550028
PR18   6238.011512 -16095.683704  18773.684602     39.817838
PR19   -232.256270 -24850.986109   5776.937455   -201.713365
PR20  -8488.865808 -19392.805635 -14203.720495    -77.389324
PR21 -10489.252185    503.507761 -23250.596482   -329.409087
PR24   9501.510952  18605.794365  14631.693178    111.569491
*  2022 08 29 08 05 10.00000000
PE02  16273.334396  10564.702687 -22351.923079    321.348299
PE03  21624.355306  20141.838314   1556.468045   -594.347399
PE04 -24260.832945  -6336.121010  15736.823695  -1103.796188
PE05   6206.068500  22406.505610  18317.781951   -149.066735
PE07  12557.675630 -11614.349777 -24154.548985   -700.760407
PE08  24181.549438   6224.744893 -15888.016746   -589.487385
PE09 -12522.659045  11458.940832  24250.637682   -639.606923
PE11 -13350.625225  22515.702086 -13838.607865   2444.740759
PE12 -16519.339340   1846.170943 -24500.704441   -140.347858
PE13  13552.941937 -21967.183078  14490.444718    430.427186
PE15  16414.388797  -1666.875595  24575.860764    723.862164
PE19 -20198.675695 -21258.065804  -4031.705518  -4678.584579
PE21   3681.981563 -18023.351519  23197.159494   -754.583474
PE24 -23489.427602  15089.612069  -9810.621520   -807.083657
PE25  -4017.914014  18061.420159 -23090.045022   -586.056850
PE26   2223.760930 -29118.959077  -4868.848872  -1550.343423
PE27  22745.374840 -15603.956203  10759.732116   -379.427725
PE30  28117.426774  -3270.122914  -8674.531335   -793.061738
PE31 -28242.471030   4004.121002   7920.585513   -502.520518
PE33  -9575.117424 -19502.364387 -20105.902852   -453.620229
PE36  -2773.405943  29196.320971   3995.650427   -423.621721
PG01  13570.583911 -19674.802871  10899.622807    293.438544
PG02 -15319.385642   9694.428595 -18853.146094   -647.757061
PG03  21167.157249 -12314.341727 -10267.590254   -341.354734
PG05 -25909.498942   5771.766462  -2372.206282    -94.648574
PG06  -8673.593964 -15769.291086 -19447.031329    442.356706
PG07   4769.965242 -25629.515035   3822.250380    311.552338
PG08  17565.145561  -2007.774181  19886.235327    -82.401440
PG09      9.955317 -18835.604546 -18786.790537   -302.660265
PG11 -14676.047448  -3900.391064 -21791.337400    -13.163392
PG12 -22704.821353  10310.009864  -9259.972371   -269.799912
PG13 -19465.387055  -7992.569502  16154.192725    377.109193
PG14  -6597.379004 -14255.819799  21433.718561   -106.935575
PG15 -17522.869117   4208.020684  19170.669557    -33.408895
PG16  25676.598366   1560.645212  -7782.019905   -522.356131
PG17 -11614.864076 -22503.111556   8342.305647    653.543999
PG18  -5049.096090  25662.739169   4188.535043     66.427002
PG19 -17434.354084 -20110.972777  -2312.308844    203.516571
PG20 -22080.037210  -2034.806393 -14444.401210    490.860963
PG21  15600.382150 -11220.411326  18632.545497    160.045874
PG22  18516.086650  18702.689887  -3803.927899    318.239794
PG23  -2890.103482  15803.695863  21116.318308    -38.333820
PG24 -14232.502114  16749.388439  14295.749240    153.452216
PG25 -11848.599476  15950.282078 -17779.015029    366.135558
PG26  20790.028038   5779.242198 -15779.268863    226.028237
PG27  21342.629133  10103.703461  12326.081228    216.402392
PG29  -1766.650411  18216.748800 -19264.097327   -546.948011
PG30  -3141.426677 -22769.330645  13180.736139   -536.477520
PG31  10498.728016  13873.741740 -20073.545426   -191.396059
PG32  15142.640148  21255.185422   5608.606832   -217.445530
PR01   5196.536813  12802.375348  21435.882894     13.902141
PR02  21073.834344  12247.131135   7671.187606    528.249341
PR03  23241.346682   4085.198545  -9720.278525     62.727687
PR04  12357.825249  -5912.210342 -21496.528098    155.627645
PR05  -5169.122765 -12811.048668 -21430.472584     98.733959
PR07 -22939.414918  -3579.759581  10543.272466     40.131856
PR08 -12203.757203   6196.885086  21570.570630    -66.923098
PR09 -10450.423084  -5805.549217  22563.039898     73.792069
PR12  -6018.543481  16377.085969 -18568.928307     20.574737
PR13   8987.039096   6817.027030 -22885.379897    -26.225116
PR14  20091.300463  -8045.005084 -13466.376066     24.386710
PR15  18545.874834 -17174.633367   3432.279931     93.994640
PR17  10767.313638   1113.783410  23098.960979    556.550066
PR18   6240.200619 -16069.987686  18795.006647     39.817851
PR19   -233.853833 -24842.801408   5811.933729   -201.713367
PR20  -8493.051092 -19411.947003 -14175.024094    -77.389383
PR21 -10493.885054    471.977454 -23249.199869   -329.409127
PR24   9505.685662  18625.413134  14603.949097    111.569487
*  2022 08 29 08 05 20.00000000
PE02  16251.978451  10571.602966 -22364.180243    321.348328
PE03  21623.454525  20140.461805   1586.422514   -594.347438
PE04 -24272.994210  -6346.155278  15714.008318  -1103.796277
PE05   6192.357496  22394.262324  18337.386516   -149.066699
PE07  12576.024172 -11598.532549 -24152.594187   -700.760434
PE08  24193.942645   6234.756615 -15865.194288   -589.487451
PE09 -12541.139931  11443.134047  24248.564854   -639.607054
PE11 -13346.752037  22502.290558 -13864.158502   2444.739231
PE12 -16514.559040   1822.037819 -24505.728247   -140.348063
PE13  13548.933419 -21953.099930  14515.507400    430.427186
PE15  16409.650524  -1642.634668  24580.652588    723.862145
PE19 -20196.018003 -21254.930014  -4061.414606  -4678.583554
PE21   3703.872956 -18031.197141  23187.572816   -754.583492
PE24 -23498.492269  15093.481361  -9782.895945   -807.083862
PE25  -4039.740949  18069.249286 -23080.113608   -586.056856
PE26   2223.202148 -29124.020263  -4838.737210  -1550.343859
PE27  22755.291009 -15608.226906  10732.516337   -379.427812
PE30  28108.926413  -3268.054358  -8702.804083   -793.062052
PE31 -28234.685862   4002.328985   7949.248959   -502.520531
PE33  -9572.450037 -19522.404974 -20087.715625   -453.620227
PE36  -2772.475970  29200.563955   3965.199051   -423.621776
PG01  13568.276063 -19660.437968  10927.919635    293.438472
PG02 -15315.560813   9669.473123 -18868.390005   -647.757036
PG03  21180.156342 -12315.290407 -10239.158580   -341.354804
PG05 -25907.539754   5768.443859  -2403.704697    -94.648685
PG06  -8665.560123 -15792.743431 -19431.554097    442.356834
PG07   4774.552420 -25632.744087   3790.896186    311.552294
PG08  17582.297134  -1989.255979  19873.309625    -82.401453
PG09     27.763797 -18819.834220 -18802.669666   -302.660216
PG11 -14667.012811  -3926.533084 -21792.757021    -13.163404
PG12 -22716.447959  10309.569319  -9230.975239   -269.799987
PG13 -19476.199281  -8010.310138  16132.757232    377.109286
PG14  -6570.783368 -14261.656310  21437.899852   -106.935552
PG15 -17541.633051   4191.011378  19157.825422    -33.408834
PG16  25667.600964   1564.040153  -7811.579891   -522.356150
PG17 -11606.833049 -22496.788412   8372.095228    653.544063
PG18  -5053.096057  25667.064470   4157.028347     66.426872
PG19 -17434.292166 -20114.290728  -2280.537096    203.516627
PG20 -22064.016794  -2044.428662 -14467.720971    490.860930
PG21  15597.537699 -11197.838587  18649.770536    160.045840
PG22  18517.372413  18708.470428  -3772.737452    318.239853
PG23  -2916.174032  15810.085776  21107.835342    -38.333823
PG24 -14231.698466  16730.212141  14318.906033    153.452092
PG25 -11870.489767  15953.934027 -17760.563678    366.135592
PG26  20771.714348   5787.175507 -15800.265860    226.028252
PG27  21352.250363  10116.388671  12299.834724    216.402365
PG29  -1782.950625  18198.628992 -19279.832784   -546.948028
PG30  -3133.637902 -22784.440173  13156.034842   -536.477526
PG31  10489.771000  13897.479109 -20061.267984   -191.396006
PG32  15135.956233  21252.034975   5639.127924   -217.445642
PR01   5169.091651  12791.915827  21448.766476     13.902110
PR02  21064.759324  12241.657334   7704.881743    528.249238
PR03  23254.345402   4088.564871  -9687.907980     62.727650
PR04  12385.520485  -5902.041236 -21483.405853    155.627681
PR05  -5142.062571 -12799.558720 -21443.862071     98.734050
PR07 -22953.349687  -3583.590428  10511.448719     40.131929
PR08 -12231.375614   6186.786881  21557.765528    -66.923108
PR09 -10426.737947  -5825.243356  22568.854355     73.792031
PR12  -6037.740459  16393.874081 -18547.895055     20.574760
PR13   8962.893068   6836.959991 -22888.905593    -26.225153
PR14  20076.333131  -8034.088935 -13495.161844     24.386737
PR15  18548.554790 -17178.690823   3397.040406     93.994634
PR17  10772.233319   1145.052316  23095.092975    556.550112
PR18   6242.415548 -16044.264818  18816.283529     39.817868
PR19   -235.438988 -24834.567975   5846.916050   -201.713404
PR20  -8497.248346 -19431.045879 -14146.293584    -77.389373
PR21 -10498.544302    440.453040 -23247.747453   -329.409065
PR24   9509.871175  18644.990969  14576.169927    111.569474
*  2022 08 29 08 05 30.00000000
PE02  16230.616245  10578.523769 -22376.403027    321.348350
PE03  21622.529960  20139.066358   1616.374542   -594.347480
PE04 -24285.145708  -6356.165443  15691.168795  -1103.796358
PE05   6178.622409  22382.016540  18356.962891   -149.066662
PE07  12594.383129 -11582.730430 -24150.602260   -700.760466
PE08  24206.326101   6244.743999 -15842.347434   -589.487514
PE09 -12559.631257  11427.342725  24246.454761   -639.607190
PE11 -13342.885032  22488.850798 -13889.687846   2444.737700
PE12 -16509.797364   1797.895907 -24510.714418   -140.348266
PE13  13544.931842 -21938.988877  14540.547771    430.427187
PE15  16404.931120  -1618.385193  24585.406635    723.862116
PE19 -20193.335421 -21251.776749  -4091.117450  -4678.582519
PE21   3725.749177 -18039.056575  23177.950520   -754.583514
PE24 -23507.527643  15097.348660  -9755.155319   -807.084069
PE25  -4061.552389  18077.092046 -23070.146681   -586.056867
PE26   2222.633774 -29129.051381  -4808.618114  -1550.344302
PE27  22765.178102 -15612.496377  10705.284072   -379.427903
PE30  28100.400849  -3265.970103  -8731.063460   -793.062353
PE31 -28226.874952   4000.521574   7977.900190   -502.520531
PE33  -9569.802249 -19542.429821 -20069.497528   -453.620228
PE36  -2771.537044  29204.776214   3934.741579   -423.621828
PG01  13565.966569 -19646.036919  10956.192426    293.438391
PG02 -15311.746424   9644.495683 -18883.591878   -647.757015
PG03  21193.120223 -12316.238349 -10210.705103   -341.354889
PG05 -25905.544635   5765.109291  -2435.198050    -94.648740
PG06  -8657.546520 -15816.182044 -19416.035228    442.356963
PG07   4779.127047 -25635.937585   3759.533728    311.552238
PG08  17599.447856  -1970.759642  19860.341877    -82.401333
PG09     45.595236 -18804.060052 -18818.508987   -302.660188
PG11 -14657.992909  -3952.682007 -21794.130284    -13.163429
PG12 -22728.039172  10309.129351  -9201.958551   -269.800064
PG13 -19487.006137  -8028.022167  16111.287291    377.109357
PG14  -6544.185796 -14267.508906  21442.035607   -106.935530
PG15 -17560.392724   4174.022494  19144.939364    -33.408776
PG16  25658.569462   1567.445861  -7841.123832   -522.356180
PG17 -11598.774545 -22490.441654   8401.867200    653.544138
PG18  -5057.081590  25671.354188   4125.512732     66.426741
PG19 -17434.207888 -20117.577433  -2248.760579    203.516673
PG20 -22047.974705  -2054.071003 -14491.009611    490.860889
PG21  15594.702064 -11175.244390  18666.956812    160.045813
PG22  18518.637175  18714.219397  -3741.539006    318.239897
PG23  -2942.230583  15816.488378  21099.307334    -38.333837
PG24 -14230.898905  16711.006576  14342.031158    153.451960
PG25 -11892.356077  15957.592819 -17742.074974    366.135627
PG26  20753.379948   5795.126542 -15821.229883    226.028276
PG27  21361.856394  10129.043904  12273.562275    216.402336
PG29  -1799.274430  18180.503994 -19295.527279   -546.948065
PG30  -3125.866096 -22799.524341  13131.305347   -536.477530
PG31  10480.831872  13921.207371 -20048.947879   -191.395975
PG32  15129.244032  21248.861057   5669.637195   -217.445760
PR01   5141.621576  12781.472421  21461.598517     13.902093
PR02  21055.637189  12236.174065   7738.557469    528.249116
PR03  23267.305613   4091.904637  -9655.514199     62.727674
PR04  12413.207318  -5891.901453 -21470.231910    155.627718
PR05  -5114.976003 -12788.084293 -21457.199995     98.734080
PR07 -22967.247043  -3587.394270  10479.599694     40.131935
PR08 -12258.986000   6176.717452  21544.908887    -66.923100
PR09 -10403.062137  -5844.961186  22574.614782     73.792057
PR12  -6056.901621  16410.659388 -18526.817110     20.574771
PR13   8938.759388   6856.915392 -22892.376364    -26.225157
PR14  20061.344103  -8023.135878 -13523.915137     24.386742
PR15  18551.194166 -17182.720035   3361.792720     93.994587
PR17  10777.178467   1176.311890  23091.169520    556.550141
PR18   6244.656334 -16018.515185  18837.515197     39.817878
PR19   -237.011659 -24826.285844   5881.884337   -201.713386
PR20  -8501.457498 -19450.102211 -14117.529033    -77.389416
PR21 -10503.229911    408.934618 -23246.239238   -329.409104
PR24   9514.067424  18664.527819  14548.355736    111.569607
*  2022 08 29 08 05 40.00000000
PE02  16209.247831  10585.465097 -22388.591411    321.348374
PE03  21621.581583  20137.652007   1646.324084   -594.347514
PE04 -24297.287391  -6366.151507  15668.305162  -1103.796442
PE05   6164.863250  22369.768307  18376.511048   -149.066633
PE07  12612.752460 -11566.943450 -24148.573207   -700.760499
PE08  24218.699759   6254.707049 -15819.476217   -589.487577
PE09 -12578.132983  11411.566897  24244.307407   -639.607322
PE11 -13339.024254  22475.382830 -13915.195858   2444.736170
PE12 -16505.054332   1773.745260 -24515.662944   -140.348484
PE13  13540.937253 -21924.849944  14565.565792    430.427193
PE15  16400.230604  -1594.127223  24590.122898    723.862095
PE19 -20190.627926 -21248.606049  -4120.814004  -4678.581498
PE21   3747.610185 -18046.929790  23168.292621   -754.583525
PE24 -23516.533718  15101.213921  -9727.399685   -807.084279
PE25  -4083.348293  18084.948406 -23060.144257   -586.056881
PE26   2222.055852 -29134.052411  -4778.491631  -1550.344745
PE27  22775.036112 -15616.764571  10678.035363   -379.427988
PE30  28091.850115  -3263.870117  -8759.309424   -793.062660
PE31 -28219.038331   3998.698733   8006.539162   -502.520543
PE33  -9567.174038 -19562.438881 -20051.248589   -453.620232
PE36  -2770.589210  29208.957733   3904.278057   -423.621882
PG01  13563.655486 -19631.599746  10984.441120    293.438325
PG02 -15307.942513   9619.496333 -18898.751679   -647.757007
PG03  21206.048870 -12317.185500 -10182.229883   -341.354966
PG05 -25903.513608   5761.762712  -2466.686272    -94.648729
PG06  -8649.553146 -15839.606857 -19400.474756    442.357097
PG07   4783.689168 -25639.095504   3728.163075    311.552172
PG08  17616.597669  -1952.285195  19847.332110    -82.401374
PG09     63.449611 -18788.282103 -18834.308466   -302.660134
PG11 -14648.987769  -3978.837769 -21795.457187    -13.163454
PG12 -22739.594971  10308.689908  -9172.922368   -269.800130
PG13 -19497.807565  -8045.705571  16089.782949    377.109451
PG14  -6517.586354 -14273.377581  21446.125815   -106.935521
PG15 -17579.148078   4157.054054  19132.011412    -33.408732
PG16  25649.503890   1570.862380  -7870.651670   -522.356214
PG17 -11590.688546 -22484.071335   8431.621500    653.544237
PG18  -5061.052734  25675.608293   4093.988267     66.426609
PG19 -17434.101202 -20120.832915  -2216.979361    203.516732
PG20 -22031.911001  -2063.733430 -14514.267079    490.860879
PG21  15591.875286 -11152.628786  18684.104293    160.045788
PG22  18519.880890  18719.936818  -3710.332627    318.239963
PG23  -2968.273074  15822.903637  21090.734302    -38.333849
PG24 -14230.103475  16691.771782  14365.124562    153.451839
PG25 -11914.198362  15961.258412 -17723.548953    366.135665
PG26  20735.024890   5803.095322 -15842.160889    226.028289
PG27  21371.447171  10141.669165  12247.263938    216.402303
PG29  -1815.621807  18162.373870 -19311.180779   -546.948108
PG30  -3118.111235 -22814.583097  13106.547708   -536.477544
PG31  10471.910631  13944.926460 -20036.585137   -191.395960
PG32  15122.503524  21245.663717   5700.134582   -217.445876
PR01   5114.126665  12771.045186  21474.378989     13.902109
PR02  21046.467941  12230.681407   7772.214702    528.249308
PR03  23280.227255   4095.217894  -9623.097260     62.727710
PR04  12440.885652  -5881.791002 -21457.006300    155.627668
PR05  -5087.863136 -12776.625445 -21470.486324     98.734049
PR07 -22981.106918  -3591.171153  10447.725468     40.131962
PR08 -12286.588268   6166.676806  21532.000739    -66.923135
PR09 -10379.395733  -5864.702657  22580.321165     73.792096
PR12  -6076.026933  16427.441805 -18505.694522     20.574738
PR13   8914.638137   6876.893176 -22895.792202    -26.225226
PR14  20046.333462  -8012.145902 -13552.635875     24.386723
PR15  18553.792996 -17186.720937   3326.536959     93.994599
PR17  10782.149058   1207.562034  23087.190624    556.550145
PR18   6246.923011 -15992.738874  18858.701599     39.817890
PR19   -238.571774 -24817.955048   5916.838504   -201.713346
PR20  -8505.678479 -19469.115946 -14088.730512    -77.389388
PR21 -10507.941863    377.422285 -23244.675227   -329.409149
PR24   9518.274341  18684.023632  14520.506591    111.569550
*  2022 08 29 08 05 50.00000000
PE02  16187.873260  10592.426952 -22400.745377    321.348393
PE03  21620.609369  20136.218790   1676.271093   -594.347559
PE04 -24309.419212  -6376.113476  15645.417453  -1103.796523
PE05   6151.080029  22357.517671  18396.030956   -149.066595
PE07  12631.132124 -11551.171640 -24146.507031   -700.760530
PE08  24231.063570   6264.645769 -15796.580674   -589.487641
PE09 -12596.645067  11395.806594  24242.122795   -639.607456
PE11 -13335.169750  22461.886676 -13940.682501   2444.734626
PE12 -16500.329959   1749.585928 -24520.573819   -140.348669
PE13  13536.949695 -21910.683154  14590.561425    430.427196
PE15  16395.548992  -1569.860809  24594.801369    723.862070
PE19 -20187.895495 -21245.417956  -4150.504224  -4678.580454
PE21   3769.455937 -18054.816756  23158.599135   -754.583550
PE24 -23525.510487  15105.077095  -9699.629085   -807.084489
PE25  -4105.128617  18092.818337 -23050.106350   -586.056889
PE26   2221.468427 -29139.023334  -4748.357807  -1550.345186
PE27  22784.865028 -15621.031441  10650.770251   -379.428071
PE30  28083.274243  -3261.754363  -8787.541931   -793.062968
PE31 -28211.176030   3996.860428   8035.165831   -502.520547
PE33  -9564.565385 -19582.432104 -20032.968837   -453.620230
PE36  -2769.632515  29213.108493   3873.808533   -423.621939
PG01  13561.342870 -19617.126469  11012.665654    293.438250
PG02 -15304.149116   9594.475128 -18913.869371   -647.757014
PG03  21218.942265 -12318.131807 -10153.732981   -341.355045
PG05 -25901.446694   5758.404074  -2498.169300    -94.648838
PG06  -8641.579995 -15863.017802 -19384.872714    442.357231
PG07   4788.238825 -25642.217815   3696.784293    311.552160
PG08  17633.746514  -1933.832668  19834.280355    -82.401427
PG09     81.326898 -18772.500431 -18850.068069   -302.660098
PG11 -14639.997413  -4005.000308 -21796.737725    -13.163471
PG12 -22751.115336  10308.250938  -9143.866752   -269.800164
PG13 -19508.603506  -8063.360328  16068.244252    377.109552
PG14  -6490.985105 -14279.262327  21450.170468   -106.935500
PG15 -17597.899053   4140.106079  19119.041596    -33.408697
PG16  25640.404279   1574.289755  -7900.163343   -522.356230
PG17 -11582.575031 -22477.677508   8461.358068    653.544267
PG18  -5065.009535  25679.826760   4062.455018     66.426485
PG19 -17433.972063 -20124.057203  -2185.193506    203.516815
PG20 -22015.825735  -2073.415960 -14537.493327    490.860866
PG21  15589.057401 -11129.991825  18701.212946    160.045785
PG22  18521.103512  18725.622716  -3679.118382    318.240033
PG23  -2994.301445  15829.331523  21082.116265    -38.333857
PG24 -14229.312218  16672.507798  14388.186196    153.451711
PG25 -11936.016575  15964.930764 -17704.985651    366.135717
PG26  20716.649228   5811.081865 -15863.058834    226.028312
PG27  21381.022636  10154.264457  12220.939769    216.402269
PG29  -1831.992738  18144.238683 -19326.793252   -546.948161
PG30  -3110.373293 -22829.616393  13081.761977   -536.477548
PG31  10463.007278  13968.636310 -20024.179782   -191.395917
PG32  15115.734684  21242.443001   5730.620021   -217.445975
PR01   5086.606991  12760.634178  21487.107858     13.902163
PR02  21037.251584  12225.179439   7805.853362    528.249176
PR03  23293.110265   4098.504692  -9590.657241     62.727674
PR04  12468.555394  -5871.709886 -21443.729055    155.627664
PR05  -5060.724042 -12765.182237 -21483.721025     98.734066
PR07 -22994.929249  -3594.921126  10415.826117     40.131888
PR08 -12314.182324   6156.664948  21519.041114    -66.923140
PR09 -10355.738814  -5884.467717  22585.973489     73.792080
PR12  -6095.116364  16444.221248 -18484.527342     20.574760
PR13   8890.529391   6896.893288 -22899.153099    -26.225214
PR14  20031.301290  -8001.118995 -13581.323988     24.386781
PR15  18556.351318 -17190.693461   3291.273208     93.994573
PR17  10787.145068   1238.802655  23083.156296    556.550187
PR18   6249.215614 -15966.935970  18879.842686     39.817917
PR19   -240.119258 -24809.575622   5951.778469   -201.713390
PR20  -8509.911220 -19488.087031 -14059.898090    -77.389420
PR21 -10512.680140    345.916138 -23243.055426   -329.409146
PR24   9522.491858  18703.478355  14492.622557    111.569758
*  2022 08 29 08 06 00.00000000
PE02  16166.492588  10599.409335 -22412.864904    321.348423
PE03  21619.613290  20134.766747   1706.215516   -594.347600
PE04 -24321.541122  -6386.051355  15622.505705  -1103.796600
PE05   6137.272760  22345.264684  18415.522586   -149.066556
PE07  12649.522078 -11535.415033 -24144.403737   -700.760564
PE08  24243.417486   6274.560163 -15773.660843   -589.487710
PE09 -12615.167467  11380.061846  24239.900930   -639.607594
PE11 -13331.321565  22448.362363 -13966.147729   2444.733117
PE12 -16495.624265   1725.417967 -24525.447029   -140.348864
PE13  13532.969213 -21896.488533  14615.534628    430.427203
PE15  16390.886301  -1545.586011  24599.442038    723.862052
PE19 -20185.138106 -21242.212507  -4180.188054  -4678.579422
PE21   3791.286389 -18062.717441  23148.870079   -754.583565
PE24 -23534.457944  15108.938137  -9671.843566   -807.084699
PE25  -4126.893314  18100.701806 -23040.032979   -586.056906
PE26   2220.871543 -29143.964126  -4718.216694  -1550.345623
PE27  22794.664843 -15625.296940  10623.488785   -379.428158
PE30  28074.673263  -3259.622806  -8815.760932   -793.063275
PE31 -28203.288082   3995.006622   8063.780147   -502.520553
PE33  -9561.976268 -19602.409439 -20014.658298   -453.620221
PE36  -2768.667005  29217.228478   3843.333060   -423.621997
PG01  13559.028777 -19602.617116  11040.865955    293.438195
PG02 -15300.366266   9569.432134 -18928.944933   -647.757060
PG03  21231.800387 -12319.077215 -10125.214467   -341.355105
PG05 -25899.343918   5755.033332  -2529.647059    -94.648887
PG06  -8633.627055 -15886.414812 -19369.229143    442.357374
PG07   4792.776064 -25645.304499   3665.397458    311.552117
PG08  17650.894327  -1915.402093  19821.186650    -82.401480
PG09     99.227066 -18756.715100 -18865.787768   -302.660044
PG11 -14631.021867  -4031.169554 -21797.971905    -13.163478
PG12 -22762.600248  10307.812389  -9114.791769   -269.800187
PG13 -19519.393899  -8080.986419  16046.671265    377.109603
PG14  -6464.382116 -14285.163138  21454.169559   -106.935472
PG15 -17616.645594   4123.178590  19106.029955    -33.408661
PG16  25631.270661   1577.728031  -7929.658779   -522.356209
PG17 -11574.433987 -22471.260233   8491.076844    653.544281
PG18  -5068.952040  25684.009561   4030.913063     66.426368
PG19 -17433.820412 -20127.250310  -2153.403085    203.516895
PG20 -21999.718973  -2083.118605 -14560.688301    490.860835
PG21  15586.248450 -11107.333565  18718.282746    160.045752
PG22  18522.304999  18731.277117  -3647.896348    318.240099
PG23  -3020.315634  15835.772001  21073.453246    -38.333863
PG24 -14228.525181  16653.214667  14411.215999    153.451603
PG25 -11957.810671  15968.609833 -17686.385116    366.135759
PG26  20698.253025   5819.086186 -15883.923659    226.028341
PG27  21390.582727  10166.829779  12194.589837    216.402246
PG29  -1848.387202  18126.098500 -19342.364658   -546.948203
PG30  -3102.652245 -22844.624174  13056.948212   -536.477554
PG31  10454.121817  13992.336850 -20011.731837   -191.395910
PG32  15108.937518  21239.198955   5761.093406   -217.446081
PR01   5059.062630  12750.239462  21499.785075     13.902164
PR02  21027.988073  12219.668235   7839.473322    528.249178
PR03  23305.954577   4101.765080  -9558.194232     62.727651
PR04  12496.216443  -5861.658116 -21430.400216    155.627684
PR05  -5033.558805 -12753.754727 -21496.904073     98.734103
PR07 -23008.713961  -3598.644236  10383.901741     40.131943
PR08 -12341.768051   6146.681895  21506.030054    -66.923259
PR09 -10332.091455  -5904.256322  22591.571733     73.792125
PR12  -6114.169882  16460.997631 -18463.315628     20.574773
PR13   8866.433235   6916.915656 -22902.459065    -26.225188
PR14  20016.247672  -7990.055149 -13609.979387     24.386789
PR15  18558.869157 -17194.637535   3256.001566     93.994499
PR17  10792.166451   1270.033656  23079.066598    556.550226
PR18   6251.534171 -15941.106578  18900.938417     39.817930
PR19   -241.654034 -24801.147607   5986.704132   -201.713404
PR20  -8514.155659 -19507.015378 -14031.031835    -77.389418
PR21 -10517.444721    314.416285 -23241.379840   -329.409200
PR24   9526.719898  18722.891954  14464.703722    111.569850
*  2022 08 29 08 06 10.00000000
PE02  16145.105858  10606.412250 -22424.949979    321.348448
PE03  21618.593321  20133.295906   1736.157321   -594.347635
PE04 -24333.653076  -6395.965146  15599.569951  -1103.796690
PE05   6123.441447  22333.009387  18434.985907   -149.066520
PE07  12667.922288 -11519.673655 -24142.263324   -700.760598
PE08  24255.761461   6284.450238 -15750.716752   -589.487778
PE09 -12633.700143  11364.332685  24237.641812   -639.607723
PE11 -13327.479742  22434.809905 -13991.591513   2444.731585
PE12 -16490.937264   1701.241420 -24530.282577   -140.349052
PE13  13528.995852 -21882.266106  14640.485370    430.427204
PE15  16386.242549  -1521.302866  24604.044904    723.862028
PE19 -20182.355737 -21238.989741  -4209.865467  -4678.578379
PE21   3813.101504 -18070.631819  23139.105462   -754.583586
PE24 -23543.376085  15112.797001  -9644.043163   -807.084909
PE25  -4148.642356  18108.598787 -23029.924154   -586.056918
PE26   2220.265244 -29148.874778  -4688.068327  -1550.346066
PE27  22804.435552 -15629.561020  10596.190994   -379.428250
PE30  28066.047207  -3257.475415  -8843.966395   -793.063579
PE31 -28195.374513   3993.137280   8092.382077   -502.520566
PE33  -9559.406669 -19622.370845 -19996.317002   -453.620226
PE36  -2767.692723  29221.317670   3812.851670   -423.622050
PG01  13556.713262 -19588.071695  11069.041980    293.438129
PG02 -15296.594005   9544.367391 -18943.978298   -647.757074
PG03  21244.623214 -12320.021672 -10096.674381   -341.355172
PG05 -25897.205297   5751.650437  -2561.119497    -94.648884
PG06  -8625.694326 -15909.797821 -19353.544061    442.357510
PG07   4797.300926 -25648.355515   3634.002624    311.552075
PG08  17668.041064  -1896.993489  19808.051004    -82.401468
PG09    117.150110 -18740.926158 -18881.467522   -302.659990
PG11 -14622.061155  -4057.345456 -21799.159709    -13.163494
PG12 -22774.049680  10307.374212  -9085.697467   -269.800256
PG13 -19530.178694  -8098.583825  16025.064000    377.109592
PG14  -6437.777455 -14291.080005  21458.123075   -106.935449
PG15 -17635.387637   4106.271614  19092.976505    -33.408629
PG16  25622.103064   1581.177251  -7959.137942   -522.356183
PG17 -11566.265379 -22464.819548   8520.777762    653.544332
PG18  -5072.880292  25688.156665   3999.362451     66.426253
PG19 -17433.646225 -20130.412287  -2121.608158    203.516935
PG20 -21983.590754  -2092.841387 -14583.851959    490.860791
PG21  15583.448470 -11084.654039  18735.313650    160.045739
PG22  18523.485299  18736.900039  -3616.666569    318.240181
PG23  -3046.315585  15842.225045  21064.745251    -38.333873
PG24 -14227.742404  16633.892416  14434.213937    153.451478
PG25 -11979.580607  15972.295577 -17667.747368    366.135808
PG26  20679.836318   5827.108304 -15904.755350    226.028364
PG27  21400.127397  10179.365142  12168.214175    216.402221
PG29  -1864.805185  18107.953379 -19357.894979   -546.948225
PG30  -3094.948069 -22859.606397  13032.106454   -536.477553
PG31  10445.254236  14016.028026 -19999.241328   -191.395940
PG32  15102.111946  21235.931627   5791.554758   -217.446185
PR01   5031.493658  12739.861076  21512.410651     13.902252
PR02  21018.677510  12214.147885   7873.074597    528.249010
PR03  23318.760136   4104.999110  -9525.708287     62.727654
PR04  12523.868717  -5851.635694 -21417.019799    155.627725
PR05  -5006.367480 -12742.342978 -21510.035426     98.734210
PR07 -23022.461006  -3602.340531  10351.952370     40.132021
PR08 -12369.345403   6136.727636  21492.967566    -66.923201
PR09 -10308.453739  -5924.068410  22597.115901     73.792066
PR12  -6133.187457  16477.770877 -18442.059418     20.574761
PR13   8842.349732   6936.960257 -22905.710055    -26.225181
PR14  20001.172681  -7978.954350 -13638.602045     24.386773
PR15  18561.346569 -17198.553107   3220.722086     93.994510
PR17  10797.213231   1301.254941  23074.921434    556.550241
PR18   6253.878730 -15915.250749  18921.988720     39.817952
PR19   -243.176035 -24792.671024   6021.615438   -201.713385
PR20  -8518.411707 -19525.901005 -14002.131817    -77.389463
PR21 -10522.235597    282.922801 -23239.648467   -329.409212
PR24   9530.958410  18742.264341  14436.750113    111.569782
*  2022 08 29 08 06 20.00000000
PE02  16123.713125  10613.435698 -22437.000579    321.348469
PE03  21617.549435  20131.806307   1766.096455   -594.347671
PE04 -24345.755025  -6405.854856  15576.610228  -1103.796768
PE05   6109.586103  22320.751830  18454.420889   -149.066482
PE07  12686.332709 -11503.947539 -24140.085798   -700.760630
PE08  24268.095446   6294.315996 -15727.748438   -589.487842
PE09 -12652.243053  11348.619142  24235.345447   -639.607853
PE11 -13323.644327  22421.229330 -14017.013809   2444.730058
PE12 -16486.268974   1677.056343 -24535.080451   -140.349275
PE13  13525.029655 -21868.015896  14665.413609    430.427203
PE15  16381.617752  -1497.011434  24608.609957    723.862010
PE19 -20179.548365 -21235.749700  -4239.536407  -4678.577360
PE21   3834.901237 -18078.559859  23129.305302   -754.583612
PE24 -23552.264903  15116.653639  -9616.227923   -807.085115
PE25  -4170.375695  18116.509246 -23019.779893   -586.056924
PE26   2219.649576 -29153.755266  -4657.912758  -1550.346502
PE27  22814.177146 -15633.823636  10568.876926   -379.428339
PE30  28057.396108  -3255.312155  -8872.158271   -793.063884
PE31 -28187.435355   3991.252366   8120.971572   -502.520566
PE33  -9556.856565 -19642.316268 -19977.944976   -453.620225
PE36  -2766.709716  29225.376053   3782.364418   -423.622105
PG01  13554.396380 -19573.490233  11097.193658    293.438065
PG02 -15292.832367   9519.280964 -18958.969446   -647.757056
PG03  21257.410728 -12320.965125 -10068.112794   -341.355250
PG05 -25895.030856   5748.255344  -2592.586540    -94.648861
PG06  -8617.781797 -15933.166761 -19337.817510    442.357652
PG07   4801.813456 -25651.370843   3602.599866    311.552080
PG08  17685.186659  -1878.606888  19794.873456    -82.401598
PG09    135.095998 -18725.133669 -18897.107303   -302.659941
PG11 -14613.115300  -4083.527944 -21800.301142    -13.163498
PG12 -22785.463616  10306.936352  -9056.583915   -269.800317
PG13 -19540.957828  -8116.152525  16003.422522    377.109674
PG14  -6411.171186 -14297.012923  21462.031008   -106.935411
PG15 -17654.125124   4089.385169  19079.881282    -33.408648
PG16  25612.901520   1584.637460  -7988.600759   -522.356200
PG17 -11558.069193 -22458.355513   8550.460762    653.544363
PG18  -5076.794337  25692.268047   3967.803259     66.426132
PG19 -17433.449446 -20133.543148  -2089.808793    203.516984
PG20 -21967.441143  -2102.584320 -14606.984248    490.860756
PG21  15580.657501 -11061.953307  18752.305631    160.045771
PG22  18524.644369  18742.491509  -3585.429124    318.240314
PG23  -3072.301236  15848.690621  21055.992303    -38.333879
PG24 -14226.963932  16614.541090  14457.179951    153.451372
PG25 -12001.326336  15975.987952 -17649.072452    366.135853
PG26  20661.399169   5835.148237 -15925.553847    226.028386
PG27  21409.656586  10191.870547  12141.812852    216.402198
PG29  -1881.246666  18089.803385 -19373.384173   -546.948237
PG30  -3087.260738 -22874.563009  13007.236761   -536.477552
PG31  10436.404541  14039.709769 -19986.708279   -191.396064
PG32  15095.257973  21232.641065   5822.003970   -217.446293
PR01   5003.900149  12729.499083  21524.984535     13.902241
PR02  21009.319851  12208.618463   7906.657058    528.249195
PR03  23331.526877   4108.206833  -9493.199496     62.727691
PR04  12551.512115  -5841.642628 -21403.587844    155.627758
PR05  -4979.150150 -12730.947048 -21523.115058     98.734168
PR07 -23036.170310  -3606.010058  10319.978104     40.131926
PR08 -12396.914262   6126.802185  21479.853694    -66.923198
PR09 -10284.825742  -5943.903934  22602.605969     73.792094
PR12  -6152.169058  16494.540898 -18420.758770     20.574740
PR13   8818.278967   6957.027019 -22908.906080    -26.225225
PR14  19986.076405  -7967.816590 -13667.191871     24.386745
PR15  18563.783583 -17202.440102   3185.434868     93.994464
PR17  10802.285359   1332.466416  23070.720867    556.550262
PR18   6256.249318 -15889.368586  18942.993556     39.817992
PR19   -244.685184 -24784.145912   6056.512290   -201.713413
PR20  -8522.679303 -19544.743823 -13973.198106    -77.389449
PR21 -10527.052744    251.435795 -23237.861316   -329.409248
PR24   9535.207319  18761.595484  14408.761817    111.569840
*  2022 08 29 08 06 30.00000000
PE02  16102.314440  10620.479680 -22449.016687    321.348502
PE03  21616.481605  20130.297986   1796.032873   -594.347707
PE04 -24357.846923  -6415.720488  15553.626569  -1103.796855
PE05   6095.706740  22308.492061  18473.827503   -149.066444
PE07  12704.753300 -11488.236716 -24137.871162   -700.760665
PE08  24280.419393   6304.157444 -15704.755939   -589.487904
PE09 -12670.796156  11332.921247  24233.011839   -639.607988
PE11 -13319.815364  22407.620661 -14042.414579   2444.728518
PE12 -16481.619413   1652.862788 -24539.840644   -140.349485
PE13  13521.070668 -21853.737928  14690.319306    430.427204
PE15  16377.011926  -1472.711765  24613.137190    723.861990
PE19 -20176.715968 -21232.492423  -4269.200831  -4678.576321
PE21   3856.685548 -18086.501528  23119.469614   -754.583630
PE24 -23561.124392  15120.508004  -9588.397889   -807.085323
PE25  -4192.093288  18124.433152 -23009.600212   -586.056939
PE26   2219.024582 -29158.605572  -4627.750033  -1550.346950
PE27  22823.889615 -15638.084740  10541.546624   -379.428428
PE30  28048.719997  -3253.132989  -8900.336516   -793.064190
PE31 -28179.470639   3989.351845   8149.548589   -502.520574
PE33  -9554.325936 -19662.245662 -19959.542249   -453.620214
PE36  -2765.718030  29229.403609   3751.871351   -423.622159
PG01  13552.078189 -19558.872752  11125.320925    293.437995
PG02 -15289.081388   9494.172909 -18973.918342   -647.757029
PG03  21270.162909 -12321.907519 -10039.529765   -341.355317
PG05 -25892.820617   5744.848005  -2624.048124    -94.648784
PG06  -8609.889460 -15956.521564 -19322.049523    442.357787
PG07   4806.313699 -25654.350458   3571.189252    311.552071
PG08  17702.331054  -1860.242317  19781.654035    -82.401689
PG09    153.064706 -18709.337692 -18912.707077   -302.659894
PG11 -14604.184327  -4109.716954 -21801.396202    -13.163513
PG12 -22796.842035  10306.498758  -9027.451173   -269.800367
PG13 -19551.731245  -8133.692502  15981.746877    377.109780
PG14  -6384.563374 -14302.961883  21465.893350   -106.935394
PG15 -17672.857997   4072.519279  19066.744319    -33.408674
PG16  25603.666061   1588.108703  -8018.047170   -522.356209
PG17 -11549.845412 -22451.868181   8580.125784    653.544367
PG18  -5080.694221  25696.343679   3936.235554     66.426003
PG19 -17433.230027 -20136.642921  -2058.005059    203.517016
PG20 -21951.270196  -2112.347418 -14630.085119    490.860696
PG21  15577.875581 -11039.231420  18769.258660    160.045793
PG22  18525.782165  18748.051552  -3554.184079    318.240410
PG23  -3098.272526  15855.168698  21047.194422    -38.333882
PG24 -14226.189808  16595.160727  14480.113989    153.451235
PG25 -12023.047814  15979.686916 -17630.360407    366.135897
PG26  20642.941633   5843.206002 -15946.319107    226.028416
PG27  21419.170235  10204.345997  12115.385925    216.402179
PG29  -1897.711625  18071.648583 -19388.832210   -546.948261
PG30  -3079.590226 -22889.493961  12982.339186   -536.477553
PG31  10427.572732  14063.382012 -19974.132716   -191.396128
PG32  15088.375579  21229.327315   5852.440979   -217.446394
PR01   4976.282179  12719.153538  21537.506695     13.902219
PR02  20999.915099  12203.080047   7940.220626    528.249129
PR03  23344.254738   4111.388299  -9460.667936     62.727647
PR04  12579.146542  -5831.678923 -21390.104383    155.627751
PR05  -4951.906890 -12719.566995 -21536.142937     98.734261
PR07 -23049.841807  -3609.652867  10287.979020     40.131977
PR08 -12424.474536   6116.905547  21466.688468    -66.923192
PR09 -10261.207541  -5963.762845  22608.041924     73.792133
PR12  -6171.114653  16511.307610 -18399.413736     20.574744
PR13   8794.221016   6977.115886 -22912.047132    -26.225173
PR14  19970.958926  -7956.641858 -13695.748797     24.386776
PR15  18566.180235 -17206.298454   3150.139999     93.994465
PR17  10807.382813   1363.667985  23066.464907    556.550308
PR18   6258.645969 -15863.460177  18963.952874     39.817978
PR19   -246.181407 -24775.572308   6091.394603   -201.713466
PR20  -8526.958377 -19563.543782 -13944.230771    -77.389410
PR21 -10531.896145    219.955364 -23236.018391   -329.409241
PR24   9539.466555  18780.885330  14380.738900    111.569747
*  2022 08 29 08 06 40.00000000
PE02  16080.909856  10627.544198 -22460.998283    321.348514
PE03  21615.389806  20128.770981   1825.966527   -594.347766
PE04 -24369.928722  -6425.562048  15530.619011  -1103.796965
PE05   6081.803367  22296.230126  18493.205718   -149.066422
PE07  12723.184021 -11472.541217 -24135.619419   -700.760707
PE08  24292.733254   6313.974584 -15681.739290   -589.487984
PE09 -12689.359411  11317.239031  24230.640989   -639.608125
PE11 -13315.992899  22393.983921 -14067.793782   2444.726980
PE12 -16476.988598   1628.660805 -24544.563148   -140.349698
PE13  13517.118936 -21839.432229  14715.202424    430.427191
PE15  16372.425089  -1448.403914  24617.626596    723.861948
PE19 -20173.858523 -21229.217949  -4298.858691  -4678.575285
PE21   3878.454394 -18094.456798  23109.598413   -754.583666
PE24 -23569.954548  15124.360051  -9560.553103   -807.085540
PE25  -4213.795095  18132.370475 -22999.385126   -586.056966
PE26   2218.390308 -29163.425678  -4597.580200  -1550.347410
PE27  22833.572954 -15642.344287  10514.200129   -379.428533
PE30  28040.018905  -3250.937885  -8928.501089   -793.064504
PE31 -28171.480396   3987.435682   8178.113083   -502.520594
PE33  -9551.814761 -19682.158976 -19941.108849   -453.620228
PE36  -2764.717712  29233.400323   3721.372515   -423.622221
PG01  13549.758743 -19544.219274  11153.423719    293.437924
PG02 -15285.341103   9469.043284 -18988.824949   -647.757015
PG03  21282.879737 -12322.848801 -10010.925356   -341.355391
PG05 -25890.574603   5741.428375  -2655.504180    -94.648689
PG06  -8602.017307 -15979.862165 -19306.240133    442.357919
PG07   4810.801699 -25657.294332   3539.770849    311.552074
PG08  17719.474192  -1841.899803  19768.392770    -82.401723
PG09    171.056211 -18693.538285 -18928.266811   -302.659856
PG11 -14595.268260  -4135.912424 -21802.444886    -13.163528
PG12 -22808.184917  10306.061378  -8998.299301   -269.800441
PG13 -19562.498885  -8151.203734  15960.037113    377.109874
PG14  -6357.954084 -14308.926878  21469.710094   -106.935385
PG15 -17691.586196   4055.673963  19053.565646    -33.408687
PG16  25594.396718   1591.591023  -8047.477115   -522.356174
PG17 -11541.594015 -22445.357606   8609.772765    653.544374
PG18  -5084.579992  25700.383534   3904.659404     66.425876
PG19 -17432.987923 -20139.711631  -2026.197020    203.517053
PG20 -21935.077969  -2122.130696 -14653.154522    490.860638
PG21  15575.102747 -11016.488427  18786.172703    160.045843
PG22  18526.898640  18753.580193  -3522.931501    318.240450
PG23  -3124.229396  15861.659244  21038.351625    -38.333904
PG24 -14225.420077  16575.751367  14503.016002    153.451130
PG25 -12044.744997  15983.392427 -17611.611270    366.135945
PG26  20624.463764   5851.281614 -15967.051087    226.028423
PG27  21428.668288  10216.791496  12088.933449    216.402138
PG29  -1914.200043  18053.489036 -19404.239056   -546.948305
PG30  -3071.936509 -22904.399201  12957.413782   -536.477559
PG31  10418.758806  14087.044690 -19961.514662   -191.396175
PG32  15081.464738  21225.990426   5882.865721   -217.446512
PR01   4948.639824  12708.824497  21549.977103     13.902245
PR02  20990.463259  12197.532717   7973.765220    528.249125
PR03  23356.943658   4114.543559  -9428.113687     62.727610
PR04  12606.771904  -5821.744585 -21376.569449    155.627777
PR05  -4924.637773 -12708.202879 -21549.119031     98.734205
PR07 -23063.475432  -3613.269005  10255.955194     40.131956
PR08 -12452.026130   6107.037730  21453.471920    -66.923212
PR09 -10237.599215  -5983.645090  22613.423752     73.792249
PR12  -6190.024212  16528.070929 -18378.024366     20.574728
PR13   8770.175958   6997.226800 -22915.133204    -26.225116
PR14  19955.820325  -7945.430145 -13724.272754     24.386767
PR15  18568.536562 -17210.128096   3114.837562     93.994423
PR17  10812.505568   1394.859554  23062.153564    556.550312
PR18   6261.068717 -15837.525609  18984.866625     39.818007
PR19   -247.664631 -24766.950245   6126.262294   -201.713472
PR20  -8531.248857 -19582.300828 -13915.229882    -77.389332
PR21 -10536.765780    188.481604 -23234.119696   -329.409233
PR24   9543.736050  18800.133829  14352.681431    111.569684
*  2022 08 29 08 06 50.00000000
PE02  16059.499423  10634.629253 -22472.945350    321.348542
PE03  21614.274012  20127.225327   1855.897372   -594.347809
PE04 -24382.000374  -6435.379539  15507.587590  -1103.797044
PE05   6067.875997  22283.966074  18512.555505   -149.066396
PE07  12741.624831 -11456.861072 -24133.330573   -700.760734
PE08  24305.036981   6323.767423 -15658.698525   -589.488057
PE09 -12707.932775  11301.572525  24228.232903   -639.608257
PE11 -13312.176977  22380.319133 -14093.151381   2444.725458
PE12 -16472.376546   1604.450448 -24549.247956   -140.349908
PE13  13513.174501 -21825.098821  14740.062924    430.427196
PE15  16367.857256  -1424.087931  24622.078168    723.861926
PE19 -20170.976008 -21225.926319  -4328.509942  -4678.574291
PE21   3900.207733 -18102.425636  23099.691715   -754.583685
PE24 -23578.755364  15128.209731  -9532.693608   -807.085747
PE25  -4235.481074  18140.321184 -22989.134652   -586.056974
PE26   2217.746799 -29168.215565  -4567.403303  -1550.347838
PE27  22843.227154 -15646.602228  10486.837484   -379.428614
PE30  28031.292866  -3248.726808  -8956.651944   -793.064804
PE31 -28163.464658   3985.503841   8206.665010   -502.520598
PE33  -9549.323019 -19702.056163 -19922.644805   -453.620218
PE36  -2763.708807  29237.366178   3690.867958   -423.622266
PG01  13547.438098 -19529.529821  11181.501977    293.437854
PG02 -15281.611549   9443.892146 -19003.689233   -647.756977
PG03  21295.561192 -12323.788918  -9982.299627   -341.355467
PG05 -25888.292837   5737.996407  -2686.954645    -94.648655
PG06  -8594.165329 -16003.188495 -19290.389376    442.358049
PG07   4815.277498 -25660.202440   3508.344726    311.552043
PG08  17736.616014  -1823.579375  19755.089691    -82.401717
PG09    189.070490 -18677.735507 -18943.786474   -302.659813
PG11 -14586.367121  -4162.114290 -21803.447193    -13.163550
PG12 -22819.492242  10305.624159  -8969.128362   -269.800525
PG13 -19573.260690  -8168.686204  15938.293277    377.109956
PG14  -6331.343384 -14314.907899  21473.481229   -106.935366
PG15 -17710.309662   4038.849245  19040.345293    -33.408673
PG16  25585.093521   1595.084466  -8076.890535   -522.356170
PG17 -11533.314983 -22438.823840   8639.401646    653.544407
PG18  -5088.451693  25704.387584   3873.074877     66.425744
PG19 -17432.723088 -20142.749308  -1994.384744    203.517098
PG20 -21918.864519  -2131.934170 -14676.192408    490.860606
PG21  15572.339038 -10993.724380  18803.047731    160.045843
PG22  18527.993750  18759.077456  -3491.671457    318.240529
PG23  -3150.171786  15868.162227  21029.463931    -38.333924
PG24 -14224.654781  16556.313047  14525.885937    153.450995
PG25 -12066.417838  15987.104441 -17592.825080    366.135984
PG26  20605.965616   5859.375092 -15987.749742    226.028439
PG27  21438.150689  10229.207048  12062.455483    216.402104
PG29  -1930.711900  18035.324808 -19419.604679   -546.948349
PG30  -3064.299561 -22919.278682  12932.460600   -536.477567
PG31  10409.962763  14110.697738 -19948.854142   -191.396191
PG32  15074.525430  21222.630443   5913.278134   -217.446626
PR01   4920.973160  12698.512013  21562.395728     13.902256
PR02  20980.964336  12191.976552   8007.290760    528.249153
PR03  23369.593574   4117.672663  -9395.536827     62.727634
PR04  12634.388105  -5811.839619 -21362.983075    155.627817
PR05  -4897.342873 -12696.854759 -21562.043311     98.734277
PR07 -23077.071122  -3616.858521  10223.906704     40.131887
PR08 -12479.568952   6097.198737  21440.204081    -66.923259
PR09 -10214.000841  -6003.550619  22618.751441     73.792232
PR12  -6208.897705  16544.830771 -18356.590712     20.574739
PR13   8746.143869   7017.359708 -22918.164288    -26.225111
PR14  19940.660686  -7934.181440 -13752.763674     24.386783
PR15  18570.852601 -17213.928963   3079.527643     93.994391
PR17  10817.653600   1426.041026  23057.786846    556.550354
PR18   6263.517595 -15811.564967  19005.734758     39.818017
PR19   -249.134783 -24758.279760   6161.115279   -201.713479
PR20  -8535.550674 -19601.014911 -13886.195509    -77.389389
PR21 -10541.661630    157.014614 -23232.165237   -329.409255
PR24   9548.015737  18819.340928  14324.589477    111.569744
*  2022 08 29 08 07 00.00000000
PE02  16038.083198  10641.734846 -22484.857866    321.348569
PE03  21613.134194  20125.661064   1885.825355   -594.347849
PE04 -24394.061834  -6445.172968  15484.532340  -1103.797125
PE05   6053.924643  22271.699953  18531.876835   -149.066359
PE07  12760.075687 -11441.196313 -24131.004630   -700.760763
PE08  24317.330525   6333.535966 -15635.633686   -589.488121
PE09 -12726.516207  11285.921759  24225.787586   -639.608386
PE11 -13308.367643  22366.626324 -14118.487333   2444.723921
PE12 -16467.783277   1580.231772 -24553.895057   -140.350105
PE13  13509.237410 -21810.737734  14764.900764    430.427202
PE15  16363.308443  -1399.763874  24626.491899    723.861903
PE19 -20168.068399 -21222.617572  -4358.154532  -4678.573287
PE21   3921.945522 -18110.408012  23089.749535   -754.583700
PE24 -23587.526834  15132.056997  -9504.819449   -807.085959
PE25  -4257.151178  18148.285245 -22978.848805   -586.056985
PE26   2217.094099 -29172.975211  -4537.219395  -1550.348278
PE27  22852.852211 -15650.858516  10459.458734   -379.428703
PE30  28022.541910  -3246.499722  -8984.789033   -793.065101
PE31 -28155.423456   3983.556286   8235.204323   -502.520605
PE33  -9546.850690 -19721.937170 -19904.150143   -453.620222
PE36  -2762.691365  29241.301157   3660.357733   -423.622318
PG01  13545.116311 -19514.804423  11209.555627    293.437784
PG02 -15277.892760   9418.719561 -19018.511173   -647.756954
PG03  21308.207256 -12324.727814  -9953.652648   -341.355546
PG05 -25885.975345   5734.552057  -2718.399445    -94.648603
PG06  -8586.333517 -16026.500485 -19274.497291    442.358181
PG07   4819.741143 -25663.074763   3476.910957    311.552121
PG08  17753.756455  -1805.281062  19741.744838    -82.401743
PG09    207.107508 -18661.929422 -18959.266033   -302.659770
PG11 -14577.480933  -4188.322484 -21804.403127    -13.163567
PG12 -22830.763995  10305.187052  -8939.938420   -269.800580
PG13 -19584.016601  -8186.139890  15916.515433    377.110027
PG14  -6304.731335 -14320.904942  21477.206751   -106.935342
PG15 -17729.028337   4022.045141  19027.083297    -33.408657
PG16  25575.756504   1598.589075  -8106.287357   -522.356181
PG17 -11525.008305 -22432.266946   8669.012367    653.544389
PG18  -5092.309373  25708.355804   3841.482051     66.425616
PG19 -17432.435466 -20145.755966  -1962.568300    203.517138
PG20 -21902.629909  -2141.757852 -14699.198723    490.860572
PG21  15569.584494 -10970.939339  18819.883718    160.045793
PG22  18529.067452  18764.543370  -3460.404024    318.240590
PG23  -3176.099637  15874.677612  21020.531365    -38.333941
PG24 -14223.893963  16536.845815  14548.723738    153.450870
PG25 -12088.066293  15990.822917 -17574.001884    366.136029
PG26  20587.447252   5867.486450 -16008.415015    226.028453
PG27  21447.617375  10241.592655  12035.952095    216.402071
PG29  -1947.247175  18017.155967 -19434.929041   -546.948402
PG30  -3056.679353 -22934.132349  12907.479701   -536.477570
PG31  10401.184609  14134.341087 -19936.151181   -191.396194
PG32  15067.557662  21219.247410   5943.678113   -217.446740
PR01   4893.282265  12688.216151  21574.762519     13.902210
PR02  20971.418286  12186.411627   8040.797118    528.248952
PR03  23382.204422   4120.775661  -9362.937444     62.727619
PR04  12661.995046  -5801.964029 -21349.345301    155.627882
PR05  -4870.022276 -12685.522692 -21574.915749     98.734264
PR07 -23090.628801  -3620.421464  10191.833647     40.131959
PR08 -12507.102884   6087.388583  21426.884992    -66.923290
PR09 -10190.412495  -6023.479386  22624.024967     73.792301
PR12  -6227.735102  16561.587049 -18335.112833     20.574766
PR13   8722.124833   7037.514534 -22921.140398    -26.225057
PR14  19925.480096  -7922.895734 -13781.221469     24.386813
PR15  18573.128380 -17217.700981   3044.210343     93.994404
PR17  10822.826861   1457.212307  23053.364817    556.550386
PR18   6265.992631 -15785.578357  19026.557235     39.818043
PR19   -250.591785 -24749.560892   6195.953461   -201.713529
PR20  -8539.863764 -19619.685944 -13857.127720    -77.389335
PR21 -10546.583671    125.554502 -23230.155019   -329.409282
PR24   9552.305538  18838.506595  14296.463125    111.569755
*  2022 08 29 08 07 10.00000000
PE02  16016.661222  10648.860981 -22496.735818    321.348596
PE03  21611.970330  20124.078223   1915.750444   -594.347891
PE04 -24406.113053  -6454.942340  15461.453296  -1103.797213
PE05   6039.949310  22259.431807  18551.169676   -149.066322
PE07  12778.536551 -11425.546968 -24128.641588   -700.760795
PE08  24329.613840   6343.280216 -15612.544797   -589.488187
PE09 -12745.109666  11270.286762  24223.305038   -639.608514
PE11 -13304.564940  22352.905511 -14143.801606   2444.722397
PE12 -16463.208801   1556.004819 -24558.504451   -140.350312
PE13  13505.307705 -21796.348986  14789.715913    430.427199
PE15  16358.778670  -1375.431785  24630.867782    723.861878
PE19 -20165.135678 -21219.291748  -4387.792429  -4678.572222
PE21   3943.667724 -18118.403896  23079.771887   -754.583726
PE24 -23596.268955  15135.901806  -9476.930665   -807.086172
PE25  -4278.805377  18156.262631 -22968.527601   -586.056996
PE26   2216.432252 -29177.704607  -4507.028513  -1550.348723
PE27  22862.448112 -15655.113107  10432.063914   -379.428797
PE30  28013.766071  -3244.256596  -9012.912325   -793.065406
PE31 -28147.356819   3981.592984   8263.730985   -502.520617
PE33  -9544.397750 -19741.801957 -19885.624895   -453.620214
PE36  -2761.665425  29245.205244   3629.841874   -423.622377
PG01  13542.793437 -19500.043083  11237.584628    293.437718
PG02 -15274.184776   9393.525568 -19033.290703   -647.756972
PG03  21320.817908 -12325.665439  -9924.984459   -341.355624
PG05 -25883.622143   5731.095273  -2749.838525    -94.648565
PG06  -8578.521866 -16049.798074 -19258.563897    442.358298
PG07   4824.192676 -25665.911260   3445.469598    311.552146
PG08  17770.895471  -1787.004886  19728.358219    -82.401729
PG09    225.167262 -18646.120077 -18974.705454   -302.659734
PG11 -14568.609723  -4214.536952 -21805.312672    -13.163592
PG12 -22842.000146  10304.750001  -8910.729528   -269.800631
PG13 -19594.766564  -8203.564778  15894.703596    377.110083
PG14  -6278.118008 -14326.917995  21480.886645   -106.935330
PG15 -17747.742162   4005.261680  19013.779678    -33.408666
PG16  25566.385696   1602.104894  -8135.667545   -522.356196
PG17 -11516.673944 -22425.686960   8698.604860    653.544478
PG18  -5096.153076  25712.288164   3809.880973     66.425486
PG19 -17432.125030 -20148.731655  -1930.747747    203.517171
PG20 -21886.374182  -2151.601763 -14722.173428    490.860536
PG21  15566.839150 -10948.133334  18836.680620    160.045760
PG22  18530.119695  18769.977952  -3429.129248    318.240638
PG23  -3202.012888  15881.205373  21011.553932    -38.333954
PG24 -14223.137668  16517.349694  14571.529368    153.450737
PG25 -12109.690318  15994.547810 -17555.141700    366.136062
PG26  20568.908709   5875.615709 -16029.046890    226.028464
PG27  21457.068301  10253.948326  12009.423318    216.402038
PG29  -1963.805853  17998.982567 -19450.212122   -546.948398
PG30  -3049.075867 -22948.960160  12882.471125   -536.477581
PG31  10392.424330  14157.974679 -19923.405807   -191.396193
PG32  15060.561352  21215.841385   5974.065674   -217.446847
PR01   4865.567210  12677.936949  21587.077490     13.902224
PR02  20961.825213  12180.838028   8074.284311    528.249176
PR03  23394.776149   4123.852609  -9330.315595     62.727618
PR04  12689.592643  -5792.117823 -21335.656145    155.627868
PR05  -4842.676035 -12674.206740 -21587.736305     98.734329
PR07 -23104.148425  -3623.957882  10159.736057     40.131917
PR08 -12534.627880   6077.607256  21413.514665    -66.923297
PR09 -10166.834259  -6043.431324  22629.244338     73.792354
PR12  -6246.536371  16578.339685 -18313.590767     20.574725
PR13   8698.118912   7057.691256 -22924.061485    -26.225052
PR14  19910.278626  -7911.573019 -13809.646107     24.386793
PR15  18575.363957 -17221.444099   3008.885712     93.994373
PR17  10828.025371   1488.373302  23048.887382    556.550433
PR18   6268.493871 -15759.565830  19047.333982     39.818067
PR19   -252.035572 -24740.793667   6230.776783   -201.713617
PR20  -8544.188041 -19638.313944 -13828.026587    -77.389362
PR21 -10551.531896     94.101340 -23228.089044   -329.409254
PR24   9556.605401  18857.630744  14268.302402    111.569635
*  2022 08 29 08 07 20.00000000
PE02  15995.233552  10656.007656 -22508.579185    321.348624
PE03  21610.782392  20122.476844   1945.672586   -594.347930
PE04 -24418.153984  -6464.687659  15438.350494  -1103.797303
PE05   6025.950010  22247.161685  18570.434001   -149.066291
PE07  12797.007381 -11409.913068 -24126.241454   -700.760829
PE08  24341.886879   6353.000180 -15589.431899   -589.488261
PE09 -12763.713109  11254.667565  24220.785264   -639.608650
PE11 -13300.768913  22339.156720 -14169.094158   2444.720883
PE12 -16458.653137   1531.769647 -24563.076128   -140.350530
PE13  13501.385431 -21781.932606  14814.508330    430.427196
PE15  16354.267950  -1351.091722  24635.205811    723.861851
PE19 -20162.177822 -21215.948887  -4417.423580  -4678.571151
PE21   3965.374295 -18126.413257  23069.758786   -754.583748
PE24 -23604.981719  15139.744109  -9449.027301   -807.086376
PE25  -4300.443625  18164.253308 -22958.171056   -586.057006
PE26   2215.761304 -29182.403730  -4476.830706  -1550.349170
PE27  22872.014853 -15659.365953  10404.653069   -379.428890
PE30  28004.965381  -3241.997394  -9041.021771   -793.065721
PE31 -28139.264780   3979.613899   8292.244950   -502.520613
PE33  -9541.964179 -19761.650471 -19867.069087   -453.620204
PE36  -2760.631037  29249.078423   3599.320434   -423.622434
PG01  13540.469531 -19485.245835  11265.588908    293.437641
PG02 -15270.487629   9368.310234 -19048.027802   -647.756942
PG03  21333.393130 -12326.601737  -9896.295131   -341.355707
PG05 -25881.233258   5727.626011  -2781.271815    -94.648670
PG06  -8570.730365 -16073.081191 -19242.589238    442.358424
PG07   4828.632141 -25668.711913   3414.020724    311.552186
PG08  17788.032995  -1768.750876  19714.929874    -82.401685
PG09    243.249719 -18630.307536 -18990.104705   -302.659691
PG11 -14559.753512  -4240.757625 -21806.175834    -13.163615
PG12 -22853.200682  10304.312956  -8881.501751   -269.800701
PG13 -19605.510517  -8220.960846  15872.857830    377.110167
PG14  -6251.503466 -14332.947051  21484.520905   -106.935316
PG15 -17766.451076   3988.498880  19000.434474    -33.408654
PG16  25556.981130   1605.631968  -8165.031027   -522.356212
PG17 -11508.311891 -22419.083944   8728.179069    653.544580
PG18  -5099.982847  25716.184639   3778.271721     66.425355
PG19 -17431.791726 -20151.676390  -1898.923156    203.517220
PG20 -21870.097401  -2161.465915 -14745.116468    490.860474
PG21  15564.103046 -10925.306428  18853.438412    160.045742
PG22  18531.150437  18775.381232  -3397.847205    318.240705
PG23  -3227.911481  15887.745476  21002.531659    -38.333968
PG24 -14222.385939  16497.824732  14594.302768    153.450616
PG25 -12131.289868  15998.279078 -17536.244576    366.136108
PG26  20550.350049   5883.762883 -16049.645310    226.028477
PG27  21466.503404  10266.274064  11982.869221    216.402005
PG29  -1980.387912  17980.804676 -19465.453884   -546.948421
PG30  -3041.489073 -22963.762062  12857.434931   -536.477591
PG31  10383.681930  14181.598445 -19910.618042   -191.396202
PG32  15053.536508  21212.412410   6004.440715   -217.446963
PR01   4837.828074  12667.674470  21599.340588     13.902235
PR02  20952.185072  12175.255832   8107.752210    528.249179
PR03  23407.308690   4126.903557  -9297.671370     62.727681
PR04  12717.180797  -5782.301003 -21321.915647    155.627878
PR05  -4815.304236 -12662.906961 -21600.504954     98.734299
PR07 -23117.629919  -3627.467824  10127.614033     40.131945
PR08 -12562.143824   6067.854770  21400.093142    -66.923278
PR09 -10143.266209  -6063.406389  22634.409530     73.792366
PR12  -6265.301483  16595.088592 -18292.024572     20.574744
PR13   8674.126191   7077.889800 -22926.927562    -26.225082
PR14  19895.056365  -7900.213285 -13838.037502     24.386786
PR15  18577.559359 -17225.158244   2973.553854     93.994335
PR17  10833.249084   1519.523915  23044.354606    556.550471
PR18   6271.021341 -15733.527491  19068.064962     39.818105
PR19   -253.466066 -24731.978125   6265.585149   -201.713649
PR20  -8548.523441 -19656.898826 -13798.892178    -77.389414
PR21 -10556.506278     62.655237 -23225.967319   -329.409284
PR24   9560.915250  18876.713343  14240.107395    111.569682
*  2022 08 29 08 07 30.00000000
PE02  15973.800239  10663.174874 -22520.387950    321.348646
PE03  21609.570354  20120.856963   1975.591734   -594.347967
PE04 -24430.184580  -6474.408932  15415.223970  -1103.797382
PE05   6011.926758  22234.889635  18589.669778   -149.066254
PE07  12815.488135 -11394.294644 -24123.804231   -700.760861
PE08  24354.149592   6362.695862 -15566.295028   -589.488323
PE09 -12782.326496  11239.064200  24218.228269   -639.608778
PE11 -13296.979607  22325.379976 -14194.364949   2444.719351
PE12 -16454.116302   1507.526307 -24567.610081   -140.350730
PE13  13497.470633 -21767.488619  14839.277976    430.427196
PE15  16349.776300  -1326.743736  24639.505979    723.861832
PE19 -20159.194807 -21212.589030  -4447.047941  -4678.570119
PE21   3987.065193 -18134.436064  23059.710249   -754.583771
PE24 -23613.665123  15143.583859  -9421.109399   -807.086590
PE25  -4322.065879  18172.257247 -22947.779185   -586.057017
PE26   2215.081300 -29187.072562  -4446.626022  -1550.349612
PE27  22881.552427 -15663.617007  10377.226241   -379.428978
PE30  27996.139872  -3239.722083  -9069.117327   -793.066029
PE31 -28131.147369   3977.618996   8320.746172   -502.520627
PE33  -9539.549956 -19781.482665 -19848.482749   -453.620201
PE36  -2759.588247  29252.920677   3568.793460   -423.622488
PG01  13538.144649 -19470.412699  11293.568404    293.437571
PG02 -15266.801357   9343.073616 -19062.722437   -647.756889
PG03  21345.932902 -12327.536655  -9867.584725   -341.355776
PG05 -25878.808712   5724.144225  -2812.699247    -94.648725
PG06  -8562.959007 -16096.349770 -19226.573345    442.358564
PG07   4833.059584 -25671.476696   3382.564401    311.552218
PG08  17805.168971  -1750.519058  19701.459834    -82.401704
PG09    261.354853 -18614.491859 -19005.463755   -302.659643
PG11 -14550.912324  -4266.984439 -21806.992611    -13.163634
PG12 -22864.365581  10303.875866  -8852.255151   -269.800779
PG13 -19616.248405  -8238.328076  15850.978181    377.110241
PG14  -6224.887775 -14338.992102  21488.109525   -106.935289
PG15 -17785.155021   3971.756760  18987.047714    -33.408643
PG16  25547.542837   1609.170339  -8194.377743   -522.356309
PG17 -11499.922125 -22412.457951   8757.734932    653.544681
PG18  -5103.798735  25720.045203   3746.654364     66.425241
PG19 -17431.435506 -20154.590200  -1867.094592    203.517300
PG20 -21853.799622  -2171.350323 -14768.027796    490.860398
PG21  15561.376218 -10902.458671  18870.157065    160.045729
PG22  18532.159633  18780.753233  -3366.557962    318.240777
PG23  -3253.795355  15894.297887  20993.464563    -38.333976
PG24 -14221.638818  16478.270967  14617.043890    153.450486
PG25 -12152.864900  16002.016678 -17517.310551    366.136143
PG26  20531.771328   5891.927988 -16070.210231    226.028489
PG27  21475.922629  10278.569873  11956.289861    216.401980
PG29  -1996.993333  17962.622357 -19480.654295   -546.948461
PG30  -3033.918946 -22978.538006  12832.371172   -536.477595
PG31  10374.957408  14205.212321 -19897.787913   -191.396205
PG32  15046.483107  21208.960532   6034.803171   -217.447066
PR01   4810.064933  12657.428766  21611.551786     13.902240
PR02  20942.497870  12169.665117   8141.200735    528.249196
PR03  23419.801983   4129.928555  -9265.004847     62.727752
PR04  12744.759413  -5772.513576 -21308.123841    155.627886
PR05  -4787.906954 -12651.623412 -21613.221664     98.734332
PR07 -23131.073220  -3630.951339  10095.467652     40.132007
PR08 -12589.650621   6058.131130  21386.620454    -66.923298
PR09 -10119.708420  -6083.404529  22639.520530     73.792364
PR12  -6284.030409  16611.833686 -18270.414302     20.574753
PR13   8650.146746   7098.110108 -22929.738624    -26.225061
PR14  19879.813394  -7888.816522 -13866.395586     24.386772
PR15  18579.714624 -17228.843350   2938.214852     93.994241
PR17  10838.497974   1550.664052  23039.766497    556.550495
PR18   6273.575074 -15707.463427  19088.750125     39.818090
PR19   -254.883195 -24723.114302   6300.378474   -201.713654
PR20  -8552.869894 -19675.440538 -13769.724565    -77.389370
PR21 -10561.506799     31.216290 -23223.789850   -329.409325
PR24   9565.235015  18895.754339  14211.878173    111.569649
*  2022 08 29 08 07 40.00000000
PE02  15952.361335  10670.362635 -22532.162094    321.348674
PE03  21608.334191  20119.218616   2005.507843   -594.348010
PE04 -24442.204794  -6484.106162  15392.073759  -1103.797461
PE05   5997.879564  22222.615703  18608.876979   -149.066213
PE07  12833.978772 -11378.691726 -24121.329923   -700.760892
PE08  24366.401932   6372.367268 -15543.134219   -589.488389
PE09 -12800.949784  11223.476696  24215.634056   -639.608908
PE11 -13293.197066  22311.575301 -14219.613942   2444.717818
PE12 -16449.598313   1483.274850 -24572.106302   -140.350906
PE13  13493.563354 -21753.017052  14864.024813    430.427196
PE15  16345.303735  -1302.387880  24643.768279    723.861807
PE19 -20156.186613 -21209.212216  -4476.665465  -4678.569060
PE21   4008.740377 -18142.472286  23049.626291   -754.583791
PE24 -23622.319162  15147.421010  -9393.177003   -807.086792
PE25  -4343.672099  18180.274414 -22937.352005   -586.057023
PE26   2214.392283 -29191.711085  -4416.414507  -1550.350053
PE27  22891.060827 -15667.866221  10349.783473   -379.429067
PE30  27987.289576  -3237.430630  -9097.198950   -793.066335
PE31 -28123.004618   3975.608240   8349.234609   -502.520632
PE33  -9537.155061 -19801.298491 -19829.865908   -453.620194
PE36  -2758.537100  29256.731991   3538.260999   -423.622544
PG01  13535.818846 -19455.543698  11321.523053    293.437506
PG02 -15263.125993   9317.815772 -19077.374572   -647.756853
PG03  21358.437205 -12328.470139  -9838.853303   -341.355847
PG05 -25876.348530   5720.649870  -2844.120757    -94.648799
PG06  -8555.207782 -16119.603743 -19210.516255    442.358699
PG07   4837.475048 -25674.205583   3351.100698    311.552198
PG08  17822.303339  -1732.309461  19687.948127    -82.401687
PG09    279.482641 -18598.673103 -19020.782571   -302.659592
PG11 -14542.086182  -4293.217331 -21807.763001    -13.163656
PG12 -22875.494825  10303.438677  -8822.989789   -269.800887
PG13 -19626.980167  -8255.666449  15829.064697    377.110299
PG14  -6198.271000 -14345.053140  21491.652495   -106.935277
PG15 -17803.853938   3955.035344  18973.619431    -33.408606
PG16  25538.070849   1612.720053  -8223.707633   -522.356382
PG17 -11491.504629 -22405.809034   8787.272387    653.544798
PG18  -5107.600784  25723.869828   3715.028968     66.425120
PG19 -17431.056327 -20157.473113  -1835.262123    203.517368
PG20 -21837.480902  -2181.255001 -14790.907362    490.860348
PG21  15558.658706 -10879.590114  18886.836546    160.045739
PG22  18533.147239  18786.093982  -3335.261587    318.240825
PG23  -3279.664451  15900.862575  20984.352663    -38.333990
PG24 -14220.896349  16458.688439  14639.752682    153.450365
PG25 -12174.415368  16005.760568 -17498.339663    366.136189
PG26  20513.172599   5900.111042 -16090.741611    226.028509
PG27  21485.325917  10290.835758  11929.685296    216.401957
PG29  -2013.622094  17944.435674 -19495.813323   -546.948468
PG30  -3026.365460 -22993.287943  12807.279901   -536.477593
PG31  10366.250763  14228.816241 -19884.915444   -191.396219
PG32  15039.401128  21205.485799   6065.152979   -217.447178
PR01   4782.277864  12647.199893  21623.711053     13.902280
PR02  20932.763611  12164.065962   8174.629807    528.248953
PR03  23432.255969   4132.927655  -9232.316105     62.727710
PR04  12772.328397  -5762.755544 -21294.280760    155.627960
PR05  -4760.484263 -12640.356151 -21625.886404     98.734364
PR07 -23144.478262  -3634.408476  10063.296991     40.132011
PR08 -12617.148178   6048.436339  21373.096633    -66.923333
PR09 -10096.160972  -6103.425692  22644.577327     73.792332
PR12  -6302.723118  16628.574882 -18248.760008     20.574746
PR13   8626.180653   7118.352124 -22932.494664    -26.224996
PR14  19864.549797  -7877.382722 -13894.720290     24.386813
PR15  18581.829791 -17232.499352   2902.868792     93.994335
PR17  10843.772017   1581.793618  23035.123068    556.550596
PR18   6276.155104 -15681.373725  19109.389422     39.818134
PR19   -256.286886 -24714.202234   6335.156675   -201.713740
PR20  -8557.227329 -19693.939030 -13740.523817    -77.389407
PR21 -10566.533439     -0.215403 -23221.556641   -329.409337
PR24   9569.564627  18914.753685  14183.614803    111.569715
*  2022 08 29 08 07 50.00000000
PE02  15930.916892  10677.570940 -22543.901598    321.348701
PE03  21607.073878  20117.561842   2035.420867   -594.348044
PE04 -24454.214579  -6493.779356  15368.899897  -1103.797544
PE05   5983.808439  22210.339938  18628.055574   -149.066173
PE07  12852.479252 -11363.104343 -24118.818534   -700.760927
PE08  24378.643852   6382.014404 -15519.949508   -589.488446
PE09 -12819.582931  11207.905082  24213.002631   -639.609036
PE11 -13289.421336  22297.742720 -14244.841097   2444.716283
PE12 -16445.099187   1459.015329 -24576.564784   -140.351112
PE13  13489.663639 -21738.517928  14888.748804    430.427202
PE15  16340.850273  -1278.024206  24647.992705    723.861784
PE19 -20153.153218 -21205.818485  -4506.276107  -4678.568069
PE21   4030.399807 -18150.521892  23039.506927   -754.583812
PE24 -23630.943829  15151.255514  -9365.230155   -807.087002
PE25  -4365.262245  18188.304779 -22926.889532   -586.057032
PE26   2213.694300 -29196.319281  -4386.196207  -1550.350488
PE27  22900.540045 -15672.113550  10322.324807   -379.429159
PE30  27978.414525  -3235.122999  -9125.266597   -793.066640
PE31 -28114.836559   3973.581596   8377.710217   -502.520637
PE33  -9534.779470 -19821.097900 -19811.218593   -453.620193
PE36  -2757.477644  29260.512348   3507.723098   -423.622592
PG01  13533.492179 -19440.638856  11349.452795    293.437436
PG02 -15259.461573   9292.536759 -19091.984172   -647.756838
PG03  21370.906022 -12329.402135  -9810.100924   -341.355920
PG05 -25873.852734   5717.142899  -2875.536278    -94.648766
PG06  -8547.476680 -16142.843044 -19194.418001    442.358837
PG07   4841.878579 -25676.898549   3319.629685    311.552206
PG08  17839.436042  -1714.122109  19674.394783    -82.401754
PG09    297.633059 -18582.851326 -19036.061121   -302.659555
PG11 -14533.275108  -4319.456237 -21808.487003    -13.163680
PG12 -22886.588395  10303.001338  -8793.705727   -269.801024
PG13 -19637.705746  -8272.975948  15807.117427    377.110316
PG14  -6171.653208 -14351.130157  21495.149808   -106.935253
PG15 -17822.547766   3938.334649  18960.149656    -33.408550
PG16  25528.565199   1616.281152  -8253.020637   -522.356411
PG17 -11483.059382 -22399.137248   8816.791374    653.544854
PG18  -5111.389041  25727.658489   3683.395602     66.424996
PG19 -17430.654141 -20160.325155  -1803.425815    203.517453
PG20 -21821.141298  -2191.179964 -14813.755118    490.860322
PG21  15555.950547 -10856.700808  18903.476826    160.045746
PG22  18534.113209  18791.403504  -3303.958145    318.240897
PG23  -3305.518709  15907.439506  20975.195979    -38.334003
PG24 -14220.158575  16439.077188  14662.429094    153.450246
PG25 -12195.941230  16009.510702 -17479.331949    366.136231
PG26  20494.553918   5908.312060 -16111.239405    226.028525
PG27  21494.713214  10303.071723  11903.055582    216.401928
PG29  -2030.274176  17926.244690 -19510.930936   -546.948452
PG30  -3018.828589 -23008.011823  12782.161171   -536.477598
PG31  10357.561993  14252.410140 -19872.000661   -191.396252
PG32  15032.290549  21201.988259   6095.490077   -217.447287
PR01   4754.466943  12636.987905  21635.818361     13.902268
PR02  20922.982303  12158.458446   8208.039345    528.249099
PR03  23444.670586   4135.900909  -9199.605222     62.727707
PR04  12799.887653  -5753.026912 -21280.386437    155.627971
PR05  -4733.036239 -12629.105237 -21638.499146     98.734339
PR07 -23157.844982  -3637.839285  10031.102128     40.132056
PR08 -12644.636403   6038.770403  21359.521710    -66.923231
PR09 -10072.623941  -6123.469826  22649.579908     73.792289
PR12  -6321.379583  16645.312097 -18227.061742     20.574768
PR13   8602.227990   7138.615791 -22935.195674    -26.225021
PR14  19849.265656  -7865.911877 -13923.011546     24.386807
PR15  18583.904898 -17236.126183   2867.515759     93.994283
PR17  10849.071186   1612.912518  23030.424328    556.550632
PR18   6278.761462 -15655.258473  19129.982803     39.818154
PR19   -257.677065 -24705.241958   6369.919669   -201.713728
PR20  -8561.595673 -19712.394251 -13711.290005    -77.389396
PR21 -10571.586177    -31.639745 -23219.267699   -329.409416
PR24   9573.904018  18933.711329  14155.317353    111.569628
*  2022 08 29 08 08 00.00000000
PE02  15909.466967  10684.799788 -22555.606443    321.348719
PE03  21605.789388  20115.886678   2065.330754   -594.348086
PE04 -24466.213887  -6503.428518  15345.702422  -1103.797626
PE05   5969.713392  22198.062387  18647.205535   -149.066135
PE07  12870.989532 -11347.532525 -24116.270067   -700.760959
PE08  24390.875301   6391.637275 -15496.740934   -589.488504
PE09 -12838.225896  11192.349390  24210.333998   -639.609162
PE11 -13285.652463  22283.882258 -14270.046372   2444.714747
PE12 -16440.618941   1434.747800 -24580.985516   -140.351308
PE13  13485.771535 -21723.991279  14913.449905    430.427198
PE15  16336.415927  -1253.652771  24652.179250    723.861751
PE19 -20150.094599 -21202.407878  -4535.879813  -4678.567014
PE21   4052.043436 -18158.584852  23029.352175   -754.583833
PE24 -23639.539119  15155.087325  -9337.268903   -807.087205
PE25  -4386.836270  18196.348309 -22916.391781   -586.057040
PE26   2212.987396 -29200.897128  -4355.971174  -1550.350940
PE27  22909.990080 -15676.358944  10294.850288   -379.429250
PE30  27969.514753  -3232.799157  -9153.320218   -793.066957
PE31 -28106.643224   3971.539027   8406.172945   -502.520646
PE33  -9532.423164 -19840.880841 -19792.540833   -453.620185
PE36  -2756.409926  29264.261732   3477.179810   -423.622645
PG01  13531.164704 -19425.698206  11377.357553    293.437366
PG02 -15255.808130   9267.236646 -19106.551218   -647.756825
PG03  21383.339334 -12330.332589  -9781.327662   -341.356001
PG05 -25871.321350   5713.623269  -2906.945737    -94.648769
PG06  -8539.765691 -16166.067605 -19178.278626    442.358972
PG07   4846.270222 -25679.555576   3288.151433    311.552183
PG08  17856.567014  -1695.957034  19660.799845    -82.401794
PG09    315.806073 -18567.026594 -19051.299374   -302.659511
PG11 -14524.479125  -4345.701088 -21809.164622    -13.163692
PG12 -22897.646275  10302.563798  -8764.403030   -269.801144
PG13 -19648.425080  -8290.256551  15785.136432    377.110342
PG14  -6145.034461 -14357.223145  21498.601460   -106.935227
PG15 -17841.236448   3921.654696  18946.638425    -33.408487
PG16  25519.025919   1619.853679  -8282.316684   -522.356410
PG17 -11474.586374 -22392.442653   8846.291835    653.544842
PG18  -5115.163552  25731.411163   3651.754344     66.424870
PG19 -17430.228895 -20163.146345  -1771.585740    203.517542
PG20 -21804.780872  -2201.125221 -14836.571011    490.860276
PG21  15553.251777 -10833.790815  18920.077878    160.045765
PG22  18535.057501  18796.681827  -3272.647716    318.240966
PG23  -3331.358072  15914.028645  20965.994535    -38.334013
PG24 -14219.425540  16419.437262  14685.073069    153.450120
PG25 -12217.442441  16013.267040 -17460.287459    366.136266
PG26  20475.915347   5916.531056 -16131.703558    226.028544
PG27  21504.084458  10315.277771  11876.400788    216.401904
PG29  -2046.949558  17908.049473 -19526.007097   -546.948420
PG30  -3011.308302 -23022.709596  12757.015042   -536.477590
PG31  10348.891100  14275.993948 -19859.043587   -191.396277
PG32  15025.151380  21198.467952   6125.814363   -217.447388
PR01   4726.632253  12626.792861  21647.873659     13.902271
PR02  20913.153904  12152.842645   8241.429223    528.249044
PR03  23457.045772   4138.848366  -9166.872289     62.727747
PR04  12827.437084  -5743.327684 -21266.440914    155.627936
PR05  -4705.562969 -12617.870728 -21651.059864     98.734337
PR07 -23171.173305  -3641.243813   9998.883162     40.132043
PR08 -12672.115178   6029.133334  21345.895729    -66.923196
PR09 -10049.097402  -6143.536886  22654.528248     73.792315
PR12  -6339.999773  16662.045245 -18205.319562     20.574738
PR13   8578.288838   7158.901035 -22937.841669    -26.225052
PR14  19833.961060  -7854.403977 -13951.269268     24.386799
PR15  18585.939975 -17239.723773   2832.155852     93.994333
PR17  10854.395432   1644.020656  23025.670340    556.550644
PR18   6281.394174 -15629.117776  19150.530234     39.818189
PR19   -259.053656 -24696.233516   6404.667358   -201.713757
PR20  -8565.974862 -19730.806117 -13682.023199    -77.389347
PR21 -10576.664988    -63.056625 -23216.923031   -329.409438
PR24   9578.253107  18952.627240  14126.985913    111.569671
*  2022 08 29 08 08 10.00000000
PE02  15888.011598  10692.049183 -22567.276615    321.348743
PE03  21604.480696  20114.193158   2095.237469   -594.348117
PE04 -24478.202672  -6513.053655  15322.481365  -1103.797712
PE05   5955.594441  22185.783095  18666.326830   -149.066093
PE07  12889.509572 -11331.976303 -24113.684526   -700.760991
PE08  24403.096237   6401.235886 -15473.508526   -589.488562
PE09 -12856.878637  11176.809649  24207.628158   -639.609293
PE11 -13281.890487  22269.993936 -14295.229735   2444.713217
PE12 -16436.157588   1410.472304 -24585.368502   -140.351537
PE13  13481.887080 -21709.437122  14938.128088    430.427205
PE15  16332.000715  -1229.273618  24656.327908    723.861730
PE19 -20147.010736 -21198.980434  -4565.476555  -4678.565950
PE21   4073.671231 -18166.661133  23019.162046   -754.583852
PE24 -23648.105032  15158.916397  -9309.293281   -807.087426
PE25  -4408.394143  18204.404975 -22905.858769   -586.057059
PE26   2212.271614 -29205.444618  -4325.739444  -1550.351370
PE27  22919.410916 -15680.602360  10267.359951   -379.429341
PE30  27960.590290  -3230.459071  -9181.359784   -793.067261
PE31 -28098.424642   3969.480502   8434.622763   -502.520661
PE33  -9530.086120 -19860.647273 -19773.832657   -453.620186
PE36  -2755.333989  29267.980129   3446.631170   -423.622697
PG01  13528.836473 -19410.721748  11405.237293    293.437303
PG02 -15252.165704   9241.915470 -19121.075643   -647.756834
PG03  21395.737120 -12331.261448  -9752.533553   -341.356061
PG05 -25868.754398   5710.090927  -2938.349083    -94.648751
PG06  -8532.074812 -16189.277361 -19162.098147    442.359105
PG07   4850.650018 -25682.176624   3256.666001    311.552135
PG08  17873.696211  -1677.814253  19647.163319    -82.401815
PG09    334.001676 -18551.198952 -19066.497296   -302.659458
PG11 -14515.698257  -4371.951830 -21809.795844    -13.163705
PG12 -22908.668438  10302.126002  -8735.081750   -269.801209
PG13 -19659.138119  -8307.508245  15763.121732    377.110372
PG14  -6118.414830 -14363.332093  21502.007435   -106.935197
PG15 -17859.919924   3904.995509  18933.085760    -33.408425
PG16  25509.453040   1623.437680  -8311.595737   -522.356390
PG17 -11466.085572 -22385.725288   8875.773704    653.544781
PG18  -5118.924365  25735.127815   3620.105241     66.424751
PG19 -17429.780562 -20165.936730  -1739.741953    203.517607
PG20 -21788.399669  -2211.090797 -14859.355000    490.860187
PG21  15550.562437 -10810.860165  18936.639663    160.045793
PG22  18535.980065  18801.928971  -3241.330342    318.241034
PG23  -3357.182478  15920.629966  20956.748339    -38.334020
PG24 -14218.697283  16399.768684  14707.684570    153.449999
PG25 -12238.918957  16017.029537 -17441.206211    366.136313
PG26  20457.256926   5924.768050 -16152.134052    226.028569
PG27  21513.439602  10327.453913  11849.720950    216.401883
PG29  -2063.648221  17889.850078 -19541.041785   -546.948415
PG30  -3003.804582 -23037.381214  12731.841555   -536.477598
PG31  10340.238075  14299.567611 -19846.044251   -191.396290
PG32  15017.983536  21194.924941   6156.125849   -217.447492
PR01   4698.773859  12616.614804  21659.876961     13.902288
PR02  20903.278514  12147.218647   8274.799455    528.249212
PR03  23469.381471   4141.770083  -9134.117359     62.727725
PR04  12854.976603  -5733.657864 -21252.444209    155.627894
PR05  -4678.064505 -12606.652683 -21663.568518     98.734329
PR07 -23184.463190  -3644.622114   9966.640125     40.131986
PR08 -12699.584456   6019.525118  21332.218701    -66.923198
PR09 -10025.581436  -6163.626801  22659.422359     73.792323
PR12  -6358.583660  16678.774245 -18183.533509     20.574712
PR13   8554.363261   7179.207829 -22940.432602    -26.225117
PR14  19818.636078  -7842.859015 -13979.493424     24.386790
PR15  18587.935076 -17243.292069   2796.789125     93.994322
PR17  10859.744777   1675.117939  23020.861012    556.550696
PR18   6284.053287 -15602.951686  19171.031635     39.818179
PR19   -260.416594 -24687.176933   6439.399686   -201.713809
PR20  -8570.364812 -19749.174645 -13652.723469    -77.389327
PR21 -10581.769864    -94.465978 -23214.522639   -329.409429
PR24   9582.611849  18971.501330  14098.620507    111.569771
*  2022 08 29 08 08 20.00000000
PE02  15866.550845  10699.319124 -22578.912093    321.348761
PE03  21603.147776  20112.481320   2125.140961   -594.348159
PE04 -24490.180886  -6522.654773  15299.236763  -1103.797803
PE05   5941.451593  22173.502111  18685.419432   -149.066056
PE07  12908.039330 -11316.435706 -24111.061916   -700.761017
PE08  24415.306608   6410.810244 -15450.252323   -589.488625
PE09 -12875.541111  11161.285889  24204.885117   -639.609423
PE11 -13278.135455  22256.077780 -14320.391145   2444.711690
PE12 -16431.715145   1386.188900 -24589.713729   -140.351742
PE13  13478.010321 -21694.855486  14962.783311    430.427207
PE15  16327.604652  -1204.886804  24660.438673    723.861707
PE19 -20143.901608 -21195.536195  -4595.066277  -4678.564932
PE21   4095.283148 -18174.750704  23008.936558   -754.583875
PE24 -23656.641559  15162.742683  -9281.303336   -807.087630
PE25  -4429.935818  18212.474744 -22895.290512   -586.057068
PE26   2211.547000 -29209.961728  -4295.501070  -1550.351813
PE27  22928.802552 -15684.843749  10239.853842   -379.429426
PE30  27951.641172  -3228.102708  -9209.385244   -793.067568
PE31 -28090.180845   3967.405985   8463.059621   -502.520662
PE33  -9527.768317 -19880.397145 -19755.094092   -453.620175
PE36  -2754.249881  29271.667521   3416.077230   -423.622757
PG01  13526.507544 -19395.709518  11433.091939    293.437245
PG02 -15248.534327   9216.573299 -19135.557430   -647.756827
PG03  21408.099364 -12332.188658  -9723.718670   -341.356134
PG05 -25866.151904   5706.545831  -2969.746241    -94.648800
PG06  -8524.404030 -16212.472244 -19145.876607    442.359249
PG07   4855.018013 -25684.761675   3225.173462    311.552086
PG08  17890.823567  -1659.693798  19633.485248    -82.401817
PG09    352.219834 -18535.368465 -19081.654857   -302.659406
PG11 -14506.932526  -4398.208395 -21810.380674    -13.163723
PG12 -22919.654869  10301.687899  -8705.741954   -269.801253
PG13 -19669.844801  -8324.731011  15741.073389    377.110433
PG14  -6091.794377 -14369.456994  21505.367730   -106.935176
PG15 -17878.598134   3888.357107  18919.491698    -33.408378
PG16  25499.846594   1627.033198  -8340.857724   -522.356403
PG17 -11457.556964 -22378.985215   8905.236921    653.544708
PG18  -5122.671526  25738.808426   3588.448371     66.424626
PG19 -17429.309086 -20168.696329  -1707.894527    203.517705
PG20 -21771.997752  -2221.076700 -14882.107032    490.860128
PG21  15547.882561 -10787.908920  18953.162154    160.045807
PG22  18536.880860  18807.144964  -3210.006101    318.241126
PG23  -3382.991869  15927.243433  20947.457415    -38.334024
PG24 -14217.973850  16380.071503  14730.263542    153.449891
PG25 -12260.370734  16020.798149 -17422.088255    366.136353
PG26  20438.578715   5933.023057 -16172.530830    226.028580
PG27  21522.778585  10339.600151  11823.016135    216.401852
PG29  -2080.370144  17871.646572 -19556.034964   -546.948437
PG30  -2996.317399 -23052.026628  12706.640768   -536.477590
PG31  10331.602919  14323.131057 -19833.002679   -191.396285
PG32  15010.787027  21191.359266   6186.424433   -217.447607
PR01   4670.891844  12606.453792  21671.828217     13.902280
PR02  20893.356095  12141.586525   8308.149915    528.249131
PR03  23481.677621   4144.666111  -9101.340524     62.727695
PR04  12882.506112  -5724.017456 -21238.396363    155.627881
PR05  -4650.540934 -12595.451157 -21676.025083     98.734315
PR07 -23197.714562  -3647.974235   9934.373118     40.131889
PR08 -12727.044121   6009.945770  21318.490669    -66.923220
PR09 -10002.076119  -6183.739528  22664.262217     73.792378
PR12  -6377.131215  16695.499009 -18161.703642     20.574746
PR13   8530.451342   7199.536102 -22942.968486    -26.225134
PR14  19803.290801  -7831.276982 -14007.683927     24.386797
PR15  18589.890233 -17246.830999   2761.415680     93.994312
PR17  10865.119171   1706.204272  23015.996407    556.550744
PR18   6286.738825 -15576.760308  19191.486974     39.818191
PR19   -261.765802 -24678.072252   6474.116558   -201.713811
PR20  -8574.765458 -19767.499752 -13623.390886    -77.389271
PR21 -10586.900777   -125.867690 -23212.066530   -329.409461
PR24   9586.980161  18990.333569  14070.221225    111.569955
*  2022 08 29 08 08 30.00000000
PE02  15845.084757  10706.609612 -22590.512860    321.348787
PE03  21601.790603  20110.751202   2155.041183   -594.348193
PE04 -24502.148482  -6532.231876  15275.968653  -1103.797890
PE05   5927.284861  22161.219482  18704.483310   -149.066014
PE07  12926.578765 -11300.910764 -24108.402241   -700.761058
PE08  24427.506368   6420.360354 -15426.972360   -589.488689
PE09 -12894.213278  11145.778141  24202.104879   -639.609557
PE11 -13274.387410  22242.133813 -14345.530563   2444.710159
PE12 -16427.291628   1361.897638 -24594.021190   -140.351925
PE13  13474.141302 -21680.246397  14987.415535    430.427202
PE15  16323.227754  -1180.492383  24664.511538    723.861682
PE19 -20140.767192 -21192.075200  -4624.648936  -4678.563872
PE21   4116.879144 -18182.853535  22998.675727   -754.583896
PE24 -23665.148698  15166.566137  -9253.299112   -807.087843
PE25  -4451.461255  18220.557584 -22884.687027   -586.057081
PE26   2210.813600 -29214.448441  -4265.256096  -1550.352258
PE27  22938.164981 -15689.083065  10212.332005   -379.429522
PE30  27942.667429  -3225.730032  -9237.396556   -793.067879
PE31 -28081.911866   3965.315441   8491.483474   -502.520673
PE33  -9525.469732 -19900.130408 -19736.325169   -453.620171
PE36  -2753.157648  29275.323894   3385.518039   -423.622819
PG01  13524.177972 -19380.661537  11460.921429    293.437175
PG02 -15244.914035   9191.210192 -19149.996543   -647.756818
PG03  21420.426047 -12333.114166  -9694.883075   -341.356205
PG05 -25863.513892   5702.987934  -3001.137146    -94.648834
PG06  -8516.753336 -16235.652188 -19129.614042    442.359383
PG07   4859.374253 -25687.310704   3193.673884    311.552018
PG08  17907.949024  -1641.595693  19619.765660    -82.401780
PG09    370.460524 -18519.535192 -19096.772024   -302.659365
PG11 -14498.181954  -4424.470719 -21810.919112    -13.163738
PG12 -22930.605550  10301.249438  -8676.383703   -269.801252
PG13 -19680.545066  -8341.924829  15718.991450    377.110476
PG14  -6065.173168 -14375.597839  21508.682337   -106.935145
PG15 -17897.271020   3871.739509  18905.856270    -33.408351
PG16  25490.206615   1630.640275  -8370.102587   -522.356425
PG17 -11449.000533 -22372.222487   8934.681427    653.544638
PG18  -5126.405080  25742.452967   3556.783802     66.424504
PG19 -17428.814423 -20171.425170  -1676.043527    203.517803
PG20 -21755.575178  -2231.082946 -14904.827059    490.860101
PG21  15545.212188 -10764.937132  18969.645321    160.045802
PG22  18537.759841  18812.329832  -3178.675061    318.241192
PG23  -3408.786186  15933.869013  20938.121784    -38.334034
PG24 -14217.255283  16360.345759  14752.809932    153.449767
PG25 -12281.797729  16024.572834 -17402.933627    366.136403
PG26  20419.880770   5941.296092 -16192.893850    226.028608
PG27  21532.101350  10351.716491  11796.286400    216.401829
PG29  -2097.115306  17853.439018 -19570.986602   -546.948473
PG30  -2988.846726 -23066.645790  12681.412736   -536.477601
PG31  10322.985629  14346.684222 -19819.918895   -191.396284
PG32  15003.561832  21187.770975   6216.710052   -217.447703
PR01   4642.986286  12596.309879  21683.727398     13.902247
PR02  20883.386651  12135.946360   8341.480523    528.249229
PR03  23493.934162   4147.536501  -9068.541864     62.727681
PR04  12910.025516  -5714.406463 -21224.297410    155.627892
PR05  -4622.992331 -12584.266210 -21688.429528     98.734342
PR07 -23210.927358  -3651.300226   9902.082218     40.131818
PR08 -12754.494080   6000.395291  21304.711666    -66.923224
PR09  -9978.581527  -6203.875014  22669.047810     73.792343
PR12  -6395.642409  16712.219456 -18139.830014     20.574730
PR13   8506.553156   7219.885794 -22945.449317    -26.225106
PR14  19787.925312  -7819.657870 -14035.840711     24.386824
PR15  18591.805486 -17250.340498   2726.035601     93.994319
PR17  10870.518589   1737.279560  23011.076538    556.550719
PR18   6289.450820 -15550.543731  19211.896201     39.818194
PR19   -263.101207 -24668.919509   6508.817888   -201.713778
PR20  -8579.176728 -19785.781387 -13594.025519    -77.389341
PR21 -10592.057708   -157.261665 -23209.554712   -329.409507
PR24   9591.357976  19009.123909  14041.788135    111.570102
*  2022 08 29 08 08 40.00000000
PE02  15823.613388  10713.920647 -22602.078899    321.348816
PE03  21600.409152  20109.002841   2184.938090   -594.348227
PE04 -24514.105413  -6541.784972  15252.677070  -1103.797973
PE05   5913.094256  22148.935254  18723.518435   -149.065977
PE07  12945.127835 -11285.401506 -24105.705503   -700.761089
PE08  24439.695469   6429.886222 -15403.668674   -589.488757
PE09 -12912.895093  11130.286432  24199.287448   -639.609686
PE11 -13270.646398  22228.162061 -14370.647950   2444.708627
PE12 -16422.887054   1337.598572 -24598.290879   -140.352131
PE13  13470.280067 -21665.609883  15012.024722    430.427208
PE15  16318.870036  -1156.090405  24668.546497    723.861661
PE19 -20137.607468 -21188.597490  -4654.224485  -4678.562849
PE21   4138.459179 -18190.969593  22988.379568   -754.583917
PE24 -23673.626442  15170.386710  -9225.280651   -807.088052
PE25  -4472.970412  18228.653464 -22874.048330   -586.057091
PE26   2210.071458 -29218.904740  -4235.004570  -1550.352698
PE27  22947.498196 -15693.320260  10184.794480   -379.429614
PE30  27933.669095  -3223.341012  -9265.393677   -793.068186
PE31 -28073.617737   3963.208836   8519.894280   -502.520678
PE33  -9523.190343 -19919.847015 -19717.525916   -453.620175
PE36  -2752.057337  29278.949231   3354.953642   -423.622870
PG01  13521.847813 -19365.577830  11488.725702    293.437111
PG02 -15241.304863   9165.826206 -19164.392947   -647.756821
PG03  21432.717152 -12334.037916  -9666.026828   -341.356285
PG05 -25860.840385   5699.417191  -3032.521733    -94.648950
PG06  -8509.122719 -16258.817126 -19113.310486    442.359521
PG07   4863.718782 -25689.823687   3162.167336    311.551968
PG08  17925.072523  -1623.519966  19606.004586    -82.401823
PG09    388.723720 -18503.699189 -19111.848766   -302.659307
PG11 -14489.446564  -4450.738736 -21811.411155    -13.163756
PG12 -22941.520462  10300.810564  -8647.007058   -269.801267
PG13 -19691.238858  -8359.089684  15696.875964    377.110541
PG14  -6038.551269 -14381.754618  21511.951249   -106.935138
PG15 -17915.938522   3855.142736  18892.179508    -33.408289
PG16  25480.533135   1634.258956  -8399.330265   -522.356439
PG17 -11440.416259 -22365.437158   8964.107159    653.544648
PG18  -5130.125075  25746.061413   3525.111602     66.424387
PG19 -17428.296527 -20174.123281  -1644.189021    203.517905
PG20 -21739.132003  -2241.109547 -14927.515033    490.860077
PG21  15542.551355 -10741.944852  18986.089135    160.045805
PG22  18538.616962  18817.483602  -3147.337289    318.241273
PG23  -3434.565370  15940.506673  20928.741465    -38.334039
PG24 -14216.541626  16340.591490  14775.323692    153.449645
PG25 -12303.199898  16028.353547 -17383.742368    366.136449
PG26  20401.163146   5949.587171 -16213.223070    226.028627
PG27  21541.407842  10363.802938  11769.531804    216.401805
PG29  -2113.883686  17835.227481 -19585.896668   -546.948478
PG30  -2981.392536 -23081.238650  12656.157511   -536.477598
PG31  10314.386205  14370.227041 -19806.792926   -191.396304
PG32  14996.307930  21184.160117   6246.982644   -217.447812
PR01   4615.057260  12586.183118  21695.574475     13.902306
PR02  20873.370190  12130.298230   8374.791199    528.249287
PR03  23506.151035   4150.381306  -9035.721456     62.727712
PR04  12937.534720  -5704.824889 -21210.147385    155.627907
PR05  -4595.418774 -12573.097898 -21700.781824     98.734327
PR07 -23224.101514  -3654.600137   9869.767501     40.131841
PR08 -12781.934239   5990.873685  21290.881723    -66.923231
PR09  -9955.097737  -6224.033205  22673.779127     73.792350
PR12  -6414.117214  16728.935499 -18117.912677     20.574717
PR13   8482.668780   7240.256847 -22947.875087    -26.225171
PR14  19772.539692  -7808.001673 -14063.963706     24.386788
PR15  18593.680872 -17253.820502   2690.648973     93.994296
PR17  10875.943002   1768.343708  23006.101414    556.550760
PR18   6292.189304 -15524.302041  19232.259267     39.818188
PR19   -264.422738 -24659.718742   6543.503593   -201.713810
PR20  -8583.598551 -19804.019500 -13564.627441    -77.389297
PR21 -10597.240634   -188.647806 -23206.987189   -329.409560
PR24   9595.745222  19027.872300  14013.321304    111.570143
*  2022 08 29 08 08 50.00000000
PE02  15802.136788  10721.252229 -22613.610190    321.348839
PE03  21599.003398  20107.236274   2214.831635   -594.348269
PE04 -24526.051632  -6551.314066  15229.362050  -1103.798053
PE05   5898.879790  22136.649476  18742.524778   -149.065934
PE07  12963.686499 -11269.907963 -24102.971709   -700.761120
PE08  24451.873863   6439.387853 -15380.341300   -589.488818
PE09 -12931.586517  11114.810793  24196.432830   -639.609812
PE11 -13266.912463  22214.162547 -14395.743268   2444.707089
PE12 -16418.501437   1313.291753 -24602.522790   -140.352348
PE13  13466.426660 -21650.945967  15036.610835    430.427214
PE15  16314.531513  -1131.680924  24672.543544    723.861643
PE19 -20134.422415 -21185.103105  -4683.792879  -4678.561797
PE21   4160.023213 -18199.098848  22978.048098   -754.583936
PE24 -23682.074788  15174.204358  -9197.247998   -807.088261
PE25  -4494.463250  18236.762350 -22863.374436   -586.057104
PE26   2209.320619 -29223.330608  -4204.746538  -1550.353143
PE27  22956.802190 -15697.555288  10157.241310   -379.429705
PE30  27924.646204  -3220.935613  -9293.376563   -793.068498
PE31 -28065.298489   3961.086134   8548.291994   -502.520685
PE33  -9520.930129 -19939.546918 -19698.696362   -453.620182
PE36  -2750.948993  29282.543519   3324.384087   -423.622924
PG01  13519.517122 -19350.458419  11516.504696    293.437029
PG02 -15237.706844   9140.421399 -19178.746609   -647.756811
PG03  21444.972659 -12334.959856  -9637.149990   -341.356357
PG05 -25858.131408   5695.833556  -3063.899934    -94.649013
PG06  -8501.512171 -16281.966991 -19096.965974    442.359649
PG07   4868.051644 -25692.300598   3130.653886    311.551901
PG08  17942.194005  -1605.466641  19592.202058    -82.401857
PG09    407.009398 -18487.860517 -19126.885051   -302.659272
PG11 -14480.726379  -4477.012385 -21811.856803    -13.163777
PG12 -22952.399586  10300.371227  -8617.612081   -269.801288
PG13 -19701.926117  -8376.225555  15674.726979    377.110595
PG14  -6011.928746 -14387.927323  21515.174457   -106.935125
PG15 -17934.600580   3838.566807  18878.461445    -33.408235
PG16  25470.826187   1637.889285  -8428.540699   -522.356449
PG17 -11431.804125 -22358.629282   8993.514059    653.544758
PG18  -5133.831557  25749.633740   3493.431840     66.424260
PG19 -17427.755352 -20176.790690  -1612.331075    203.517962
PG20 -21722.668285  -2251.156517 -14950.170906    490.860060
PG21  15539.900099 -10718.932131  19002.493563    160.045812
PG22  18539.452181  18822.606298  -3115.992851    318.241371
PG23  -3460.329361  15947.156380  20919.316477    -38.334053
PG24 -14215.832921  16320.808739  14797.804771    153.449523
PG25 -12324.577197  16032.140245 -17364.514515    366.136481
PG26  20382.425898   5957.896310 -16233.518446    226.028644
PG27  21550.698003  10375.859497  11742.752403    216.401765
PG29  -2130.675264  17817.012021 -19600.765129   -546.948491
PG30  -2973.954804 -23095.805161  12630.875148   -536.477614
PG31  10305.804642  14393.759448 -19793.624797   -191.396330
PG32  14989.025300  21180.526741   6277.242144   -217.447924
PR01   4587.104844  12576.073563  21707.369420     13.902315
PR02  20863.306721  12124.642214   8408.081864    528.249445
PR03  23518.328179   4153.200579  -9002.879379     62.727697
PR04  12965.033632  -5695.272735 -21195.946322    155.627926
PR05  -4567.820336 -12561.946279 -21713.081942     98.734359
PR07 -23237.236967  -3657.874019   9837.429047     40.131819
PR08 -12809.364504   5981.380956  21277.000874    -66.923221
PR09  -9931.624825  -6244.214048  22678.456154     73.792360
PR12  -6432.555602  16745.647055 -18095.951683     20.574699
PR13   8458.798289   7260.649204 -22950.245792    -26.225160
PR14  19757.134025  -7796.308382 -14092.052847     24.386768
PR15  18595.516432 -17257.270945   2655.255880     93.994283
PR17  10881.392386   1799.396623  23001.071049    556.550757
PR18   6294.954308 -15498.035327  19252.576124     39.818164
PR19   -265.730321 -24650.469988   6578.173592   -201.713907
PR20  -8588.030853 -19822.214042 -13535.196721    -77.389244
PR21 -10602.449536   -220.026018 -23204.363969   -329.409569
PR24   9600.141832  19046.578693  13984.820803    111.570133
*  2022 08 29 08 09 00.00000000
PE02  15780.655016  10728.604357 -22625.106715    321.348859
PE03  21597.573317  20105.451541   2244.721768   -594.348314
PE04 -24537.987092  -6560.819164  15206.023633  -1103.798139
PE05   5884.641474  22124.362195  18761.502309   -149.065905
PE07  12982.254711 -11254.430164 -24100.200860   -700.761147
PE08  24464.041499   6448.865253 -15356.990277   -589.488888
PE09 -12950.287504  11099.351253  24193.541032   -639.609946
PE11 -13263.185650  22200.135299 -14420.816474   2444.705562
PE12 -16414.134796   1288.977240 -24606.716910   -140.352559
PE13  13462.581124 -21636.254682  15061.173833    430.427206
PE15  16310.212201  -1107.263997  24676.502670    723.861610
PE19 -20131.212012 -21181.592085  -4713.354062  -4678.560678
PE21   4181.571200 -18207.241267  22967.681335   -754.583959
PE24 -23690.493727  15178.019030  -9169.201200   -807.088476
PE25  -4515.939723  18244.884209 -22852.665363   -586.057115
PE26   2208.561128 -29227.726023  -4174.482051  -1550.353586
PE27  22966.076958 -15701.788102  10129.672543   -379.429802
PE30  27915.598787  -3218.513801  -9321.345164   -793.068817
PE31 -28056.954157   3958.947301   8576.676567   -502.520694
PE33  -9518.689068 -19959.230067 -19679.836537   -453.620182
PE36  -2749.832664  29286.106741   3293.809429   -423.622979
PG01  13517.185956 -19335.303339  11544.258338    293.436965
PG02 -15234.120010   9114.995838 -19193.057509   -647.756819
PG03  21457.192553 -12335.879931  -9608.252635   -341.356443
PG05 -25855.386988   5692.236987  -3095.271679    -94.649074
PG06  -8493.921675 -16305.101718 -19080.580549    442.359787
PG07   4872.372887 -25694.741422   3099.133609    311.551862
PG08  17959.313406  -1587.435749  19578.358114    -82.401949
PG09    425.317525 -18472.019237 -19141.880849   -302.659228
PG11 -14472.021419  -4503.291593 -21812.256059    -13.163798
PG12 -22963.242910  10299.931376  -8588.198842   -269.801352
PG13 -19712.606781  -8393.332426  15652.544557    377.110664
PG14  -5985.305661 -14394.115945  21518.351960   -106.935089
PG15 -17953.257137   3822.011742  18864.702119    -33.408168
PG16  25461.085804   1641.531303  -8457.733818   -522.356447
PG17 -11423.164119 -22351.798918   9022.902066    653.544860
PG18  -5137.524572  25753.169923   3461.744594     66.424142
PG19 -17427.190847 -20179.427415  -1580.469760    203.517998
PG20 -21706.184089  -2261.223866 -14972.794627    490.860044
PG21  15537.258453 -10695.899034  19018.858581    160.045834
PG22  18540.265455  18827.697951  -3084.641825    318.241402
PG23  -3486.078100  15953.818096  20909.846846    -38.334056
PG24 -14215.129212  16300.997552  14820.253115    153.449407
PG25 -12345.929581  16035.932883 -17345.250118    366.136527
PG26  20363.669089   5966.223520 -16253.779925    226.028663
PG27  21559.971773  10387.886171  11715.948267    216.401745
PG29  -2147.490017  17798.792707 -19615.591951   -546.948494
PG30  -2966.533499 -23110.345271  12605.565707   -536.477618
PG31  10297.240941  14417.281373 -19780.414532   -191.396364
PG32  14981.713952  21176.870887   6307.488457   -217.448026
PR01   4559.129122  12565.981275  21719.112183     13.902326
PR02  20853.196202  12118.978389   8441.352391    528.249556
PR03  23530.465533   4155.994374  -8970.015728     62.727640
PR04  12992.522149  -5685.750007 -21181.694262    155.627948
PR05  -4540.197107 -12550.811411 -21725.329859     98.734397
PR07 -23250.333644  -3661.121920   9805.066953     40.131829
PR08 -12836.784761   5971.917115  21263.069162    -66.923223
PR09  -9908.162868  -6264.417499  22683.078870     73.792360
PR12  -6450.957542  16762.354036 -18073.947092     20.574758
PR13   8434.941763   7281.062790 -22952.561444    -26.225204
PR14  19741.708397  -7784.577992 -14120.108044     24.386735
PR15  18597.312199 -17260.691755   2619.856426     93.994232
PR17  10886.866687   1830.438208  22995.985504    556.550807
PR18   6297.745856 -15471.743694  19272.846737     39.818169
PR19   -267.023882 -24641.173291   6612.827783   -201.713934
PR20  -8592.473572 -19840.364928 -13505.733432    -77.389144
PR21 -10607.684386   -251.396189 -23201.685062   -329.409602
PR24   9604.547724  19065.243057  13956.286718    111.570044
*  2022 08 29 08 09 10.00000000
PE02  15759.168110  10735.977034 -22636.568459    321.348887
PE03  21596.118881  20103.648674   2274.608453   -594.348347
PE04 -24549.911748  -6570.300272  15182.661846  -1103.798224
PE05   5870.379323  22112.073457  18780.451002   -149.065876
PE07  13000.832438 -11238.968138 -24097.392962   -700.761180
PE08  24476.198337   6458.318432 -15333.615634   -589.488943
PE09 -12968.998015  11083.907843  24190.612051   -639.610077
PE11 -13259.466001  22186.080334 -14445.867537   2444.704040
PE12 -16409.787143   1264.655071 -24610.873244   -140.352768
PE13  13458.743504 -21621.536044  15085.713685    430.427211
PE15  16305.912114  -1082.839667  24680.423874    723.861584
PE19 -20127.976235 -21178.064472  -4742.908010  -4678.559695
PE21   4203.103109 -18215.396820  22957.279289   -754.583980
PE24 -23698.883265  15181.830684  -9141.140289   -807.088676
PE25  -4537.399799  18253.019015 -22841.921127   -586.057125
PE26   2207.793032 -29232.090977  -4144.211147  -1550.354012
PE27  22975.322494 -15706.018656  10102.088210   -379.429886
PE30  27906.526878  -3216.075545  -9349.299453   -793.069122
PE31 -28048.584768   3956.792303   8605.047966   -502.520700
PE33  -9516.467135 -19978.896417 -19660.946467   -453.620180
PE36  -2748.708396  29289.638882   3263.229699   -423.623037
PG01  13514.854366 -19320.112594  11571.986588    293.436897
PG02 -15230.544404   9089.549567 -19207.325582   -647.756812
PG03  21469.376814 -12336.798087  -9579.334799   -341.356515
PG05 -25852.607143   5688.627430  -3126.636913    -94.649157
PG06  -8486.351233 -16328.221238 -19064.154230    442.359924
PG07   4876.682552 -25697.146117   3067.606560    311.551814
PG08  17976.430678  -1569.427308  19564.472766    -82.401915
PG09    443.648090 -18456.175398 -19156.836126   -302.659189
PG11 -14463.331708  -4529.576310 -21812.608914    -13.163820
PG12 -22974.050404  10299.490955  -8558.767387   -269.801390
PG13 -19723.280800  -8410.410282  15630.328718    377.110760
PG14  -5958.682084 -14400.320473  21521.483740   -106.935068
PG15 -17971.908131   3805.477562  18850.901548    -33.408109
PG16  25451.312017   1645.185055  -8486.909583   -522.356462
PG17 -11414.496211 -22344.946110   9052.271116    653.544906
PG18  -5141.204168  25756.669934   3430.049909     66.424016
PG19 -17426.602982 -20182.033507  -1548.605134    203.518031
PG20 -21689.679456  -2271.311617 -14995.386151    490.859992
PG21  15534.626462 -10672.845587  19035.184150    160.045868
PG22  18541.056734  18832.758581  -3053.284257    318.241453
PG23  -3511.811532  15960.491797  20900.332579    -38.334073
PG24 -14214.430538  16281.157954  14842.668684    153.449283
PG25 -12367.257010  16039.731421 -17325.949195    366.136568
PG26  20344.892757   5974.568825 -16274.007486    226.028675
PG27  21569.229106  10399.882975  11689.119430    216.401707
PG29  -2164.327927  17780.569596 -19630.377112   -546.948507
PG30  -2959.128601 -23124.858935  12580.229227   -536.477617
PG31  10288.695095  14440.792761 -19767.162163   -191.396392
PG32  14974.373803  21173.192616   6337.721586   -217.448132
PR01   4531.130160  12555.906290  21730.802780     13.902356
PR02  20843.038736  12113.306839   8474.602796    528.249454
PR03  23542.563042   4158.762742  -8937.130552     62.727674
PR04  13020.000191  -5676.256704 -21167.391224    155.627929
PR05  -4512.549139 -12539.693351 -21737.525531     98.734443
PR07 -23263.391503  -3664.343893   9772.681255     40.131796
PR08 -12864.194961   5962.482149  21249.086600    -66.923138
PR09  -9884.711941  -6284.643484  22687.647286     73.792348
PR12  -6469.323012  16779.056364 -18051.898945     20.574726
PR13   8411.099267   7301.497578 -22954.821999    -26.225212
PR14  19726.262884  -7772.810494 -14148.129270     24.386794
PR15  18599.068224 -17264.082884   2584.450661     93.994205
PR17  10892.365929   1861.468371  22990.844688    556.550814
PR18   6300.563995 -15445.427196  19293.071029     39.818180
PR19   -268.303352 -24631.828678   6647.466117   -201.714054
PR20  -8596.926619 -19858.472178 -13476.237641    -77.388994
PR21 -10612.945174   -282.758251 -23198.950466   -329.409657
PR24   9608.962850  19083.865309  13927.719078    111.570099
*  2022 08 29 08 09 20.00000000
PE02  15737.676128  10743.370259 -22647.995403    321.348907
PE03  21594.640066  20101.827712   2304.491639   -594.348383
PE04 -24561.825550  -6579.757397  15159.276729  -1103.798311
PE05   5856.093347  22099.783310  18799.370825   -149.065832
PE07  13019.419633 -11223.521916 -24094.548019   -700.761214
PE08  24488.344325   6467.747393 -15310.217411   -589.489006
PE09 -12987.718006  11068.480591  24187.645895   -639.610207
PE11 -13255.753561  22171.997681 -14470.896415   2444.702512
PE12 -16405.458494   1240.325306 -24614.991778   -140.352977
PE13  13454.913843 -21606.790084  15110.230349    430.427219
PE15  16301.631268  -1058.407991  24684.307147    723.861562
PE19 -20124.715066 -21174.520306  -4772.454667  -4678.558682
PE21   4224.618892 -18223.565475  22946.841978   -754.583995
PE24 -23707.243392  15185.639270  -9113.065314   -807.088882
PE25  -4558.843435  18261.166732 -22831.141745   -586.057134
PE26   2207.016374 -29236.425449  -4113.933876  -1550.354458
PE27  22984.538791 -15710.246902  10074.488359   -379.429967
PE30  27897.430511  -3213.620810  -9377.239378   -793.069430
PE31 -28040.190356   3954.621105   8633.406143   -502.520700
PE33  -9514.264310 -19998.545921 -19642.026183   -453.620185
PE36  -2747.576236  29293.139927   3232.644951   -423.623093
PG01  13512.522411 -19304.886217  11599.689375    293.436822
PG02 -15226.980056   9064.082651 -19221.550811   -647.756803
PG03  21481.525425 -12337.714270  -9550.396556   -341.356593
PG05 -25849.791901   5685.004844  -3157.995563    -94.649163
PG06  -8478.800830 -16351.325486 -19047.687061    442.360049
PG07   4880.980685 -25699.514668   3036.072815    311.551808
PG08  17993.545758  -1551.441346  19550.546055    -82.401874
PG09    462.001061 -18440.329063 -19171.750852   -302.659155
PG11 -14454.657267  -4555.866466 -21812.915373    -13.163836
PG12 -22984.822056  10299.049914  -8529.317785   -269.801493
PG13 -19733.948112  -8427.459104  15608.079523    377.110865
PG14  -5932.058079 -14406.540898  21524.569796   -106.935056
PG15 -17990.553504   3788.964286  18837.059773    -33.408070
PG16  25441.504859   1648.850584  -8516.067925   -522.356492
PG17 -11405.800389 -22338.070916   9081.621151    653.544937
PG18  -5144.870391  25760.133749   3398.347866     66.423883
PG19 -17425.991704 -20184.608984  -1516.737268    203.518087
PG20 -21673.154451  -2281.419778 -15017.945430    490.859942
PG21  15532.004158 -10649.771856  19051.470244    160.045905
PG22  18541.825977  18837.788218  -3021.920223    318.241511
PG23  -3537.529594  15967.177445  20890.773703    -38.334082
PG24 -14213.736944  16261.289995  14865.051423    153.449156
PG25 -12388.559439  16043.535812 -17306.611796    366.136605
PG26  20326.096965   5982.932235 -16294.201074    226.028686
PG27  21578.469939  10411.849908  11662.265961    216.401682
PG29  -2181.188972  17762.342753 -19645.120576   -546.948542
PG30  -2951.740079 -23139.346103  12554.865769   -536.477631
PG31  10280.167104  14464.293543 -19753.867713   -191.396402
PG32  14967.004864  21169.491971   6367.941434   -217.448247
PR01   4503.108042  12545.848669  21742.441162     13.902336
PR02  20832.834284  12107.627641   8507.832951    528.249696
PR03  23554.620645   4161.505737  -8904.223944     62.727722
PR04  13047.467656  -5666.792831 -21153.037251    155.627915
PR05  -4484.876521 -12528.592154 -21749.668936     98.734463
PR07 -23276.410470  -3667.539988   9740.272052     40.131828
PR08 -12891.594988   5953.076067  21235.053230    -66.923205
PR09  -9861.272123  -6304.891959  22692.161379     73.792368
PR12  -6487.651982  16795.753951 -18029.807302     20.574719
PR13   8387.270884   7321.953494 -22957.027472    -26.225237
PR14  19710.797574  -7761.005881 -14176.116439     24.386768
PR15  18600.784542 -17267.444260   2549.038686     93.994181
PR17  10897.890060   1892.487016  22985.648666    556.550788
PR18   6303.408748 -15419.085938  19313.248966     39.818203
PR19   -269.568658 -24622.436191   6682.088493   -201.714103
PR20  -8601.389930 -19876.535710 -13446.709421    -77.389108
PR21 -10618.231872   -314.112093 -23196.160191   -329.409649
PR24   9613.387130  19102.445416  13899.117973    111.570148
*  2022 08 29 08 09 30.00000000
PE02  15716.179122  10750.784031 -22659.387530    321.348935
PE03  21593.136848  20099.988693   2334.371279   -594.348421
PE04 -24573.728453  -6589.190545  15135.868319  -1103.798397
PE05   5841.783560  22087.491801  18818.261749   -149.065796
PE07  13038.016255 -11208.091525 -24091.666036   -700.761244
PE08  24500.479415   6477.152143 -15286.795644   -589.489067
PE09 -13006.447435  11053.069526  24184.642569   -639.610340
PE11 -13252.048374  22157.887365 -14495.903070   2444.700988
PE12 -16401.148866   1215.987996 -24619.072509   -140.353181
PE13  13451.092185 -21592.016829  15134.723788    430.427217
PE15  16297.369678  -1033.969023  24688.152484    723.861538
PE19 -20121.428484 -21170.959627  -4801.993987  -4678.557654
PE21   4246.118511 -18231.747200  22936.369419   -754.584019
PE24 -23715.574104  15189.444744  -9084.976319   -807.089088
PE25  -4580.270589  18269.327327 -22820.327233   -586.057140
PE26   2206.231201 -29240.729421  -4083.650286  -1550.354899
PE27  22993.725845 -15714.472793  10046.873033   -379.430061
PE30  27888.309718  -3211.149564  -9405.164897   -793.069734
PE31 -28031.770954   3952.433674   8661.751054   -502.520711
PE33  -9512.080570 -20018.178530 -19623.075713   -453.620185
PE36  -2746.436229  29296.609861   3202.055234   -423.623143
PG01  13510.190144 -19289.624232  11627.366637    293.436751
PG02 -15223.426999   9038.595148 -19235.733160   -647.756777
PG03  21493.638368 -12338.628426  -9521.437967   -341.356666
PG05 -25846.941286   5681.369183  -3189.347566    -94.649165
PG06  -8471.270455 -16374.414394 -19031.179075    442.360187
PG07   4885.267332 -25701.847050   3004.532442    311.551783
PG08  18010.658587  -1533.477889  19536.578011    -82.401955
PG09    480.376411 -18424.480290 -19186.624995   -302.659114
PG11 -14445.998118  -4582.161996 -21813.175434    -13.163853
PG12 -22995.557848  10298.608199  -8499.850098   -269.801592
PG13 -19744.608659  -8444.478875  15585.797023    377.110943
PG14  -5905.433710 -14412.777212  21527.610121   -106.935033
PG15 -18009.193196   3772.471933  18823.176825    -33.408028
PG16  25431.664365   1652.527932  -8545.208784   -522.356506
PG17 -11397.076635 -22331.173392   9110.952110    653.544963
PG18  -5148.523289  25763.561343   3366.638531     66.423758
PG19 -17425.356969 -20187.153873  -1484.866227    203.518136
PG20 -21656.609131  -2291.548363 -15040.472414    490.859948
PG21  15529.391579 -10626.677892  19067.716834    160.045898
PG22  18542.573140  18842.786888  -2990.549791    318.241584
PG23  -3563.232229  15973.875006  20881.170238    -38.334092
PG24 -14213.048472  16241.393714  14887.401283    153.449039
PG25 -12409.836825  16047.346013 -17287.237960    366.136647
PG26  20307.281769   5991.313766 -16314.360648    226.028705
PG27  21587.694218  10423.786979  11635.387918    216.401659
PG29  -2198.073129  17744.112241 -19659.822312   -546.948571
PG30  -2944.367908 -23153.806727  12529.475387   -536.477629
PG31  10271.656964  14487.783654 -19740.531208   -191.396406
PG32  14959.607113  21165.769000   6398.147938   -217.448356
PR01   4475.062844  12535.808464  21754.027299     13.902350
PR02  20822.582853  12101.940874   8541.042778    528.249623
PR03  23566.638282   4164.223411  -8871.295984     62.727740
PR04  13074.924451  -5657.358390 -21138.632378    155.627932
PR05  -4457.179329 -12517.507878 -21761.760046     98.734575
PR07 -23289.390484  -3670.710255   9707.839421     40.131861
PR08 -12918.984749   5943.698874  21220.969086    -66.923216
PR09  -9837.843488  -6325.162872  22696.621138     73.792363
PR12  -6505.944424  16812.446713 -18007.672215     20.574709
PR13   8363.456686   7342.430479 -22959.177858    -26.225188
PR14  19695.312548  -7749.164147 -14204.069482     24.386755
PR15  18602.461193 -17270.775816   2513.620588     93.994233
PR17  10903.439054   1923.494050  22980.397450    556.550823
PR18   6306.280146 -15392.720009  19333.380499     39.818253
PR19   -270.819727 -24612.995869   6716.694830   -201.714218
PR20  -8605.863433 -19894.555474 -13417.148843    -77.389143
PR21 -10623.544459   -345.457620 -23193.314247   -329.409674
PR24   9617.820494  19120.983332  13870.483469    111.570123
*  2022 08 29 08 09 40.00000000
PE02  15694.677143  10758.218350 -22670.744822    321.348960
PE03  21591.609203  20098.131655   2364.247328   -594.348459
PE04 -24585.620409  -6598.599722  15112.436651  -1103.798478
PE05   5827.449973  22075.198977  18837.123746   -149.065763
PE07  13056.622262 -11192.676995 -24088.747016   -700.761276
PE08  24512.603561   6486.532688 -15263.350368   -589.489125
PE09 -13025.186260  11037.674679  24181.602078   -639.610469
PE11 -13248.350485  22143.749411 -14520.887464   2444.699455
PE12 -16396.858273   1191.643194 -24623.115429   -140.353389
PE13  13447.278572 -21577.216306  15159.193964    430.427220
PE15  16293.127358  -1009.522813  24691.959878    723.861518
PE19 -20118.116467 -21167.382475  -4831.525924  -4678.556634
PE21   4267.601925 -18239.941963  22925.861629   -754.584034
PE24 -23723.875398  15193.247057  -9056.873346   -807.089299
PE25  -4601.681220  18277.500769 -22809.477608   -586.057155
PE26   2205.437557 -29245.002878  -4053.360422  -1550.355339
PE27  23002.883648 -15718.696282  10019.242274   -379.430144
PE30  27879.164532  -3208.661773  -9433.075967   -793.070027
PE31 -28023.326593   3950.229975   8690.082656   -502.520723
PE33  -9509.915893 -20037.794196 -19604.095088   -453.620178
PE36  -2745.288422  29300.048669   3171.460593   -423.623198
PG01  13507.857622 -19274.326664  11655.018312    293.436679
PG02 -15219.885269   9013.087118 -19249.872596   -647.756700
PG03  21505.715627 -12339.540502  -9492.459093   -341.356746
PG05 -25844.055324   5677.720401  -3220.692854    -94.649188
PG06  -8463.760097 -16397.487898 -19014.630309    442.360315
PG07   4889.542537 -25704.143239   2972.985509    311.551710
PG08  18027.769105  -1515.536963  19522.568665    -82.402014
PG09    498.774116 -18408.629138 -19201.458525   -302.659076
PG11 -14437.354283  -4608.462835 -21813.389096    -13.163874
PG12 -23006.257762  10298.165759  -8470.364388   -269.801661
PG13 -19755.262382  -8461.469579  15563.481265    377.111009
PG14  -5878.809045 -14419.029403  21530.604707   -106.935019
PG15 -18027.827148   3756.000523  18809.252736    -33.407996
PG16  25421.790568   1656.217144  -8574.332100   -522.356490
PG17 -11388.324933 -22324.253590   9140.263932    653.545041
PG18  -5152.162908  25766.952690   3334.921974     66.423625
PG19 -17424.698731 -20189.668205  -1452.992080    203.518182
PG20 -21640.043553  -2301.697385 -15062.967056    490.859958
PG21  15526.788761 -10603.563746  19083.923889    160.045891
PG22  18543.298179  18847.754616  -2959.173027    318.241673
PG23  -3588.919378  15980.584447  20871.522203    -38.334101
PG24 -14212.365164  16221.469154  14909.718214    153.448914
PG25 -12431.089125  16051.161980 -17267.827726    366.136682
PG26  20288.447223   5999.713433 -16334.486165    226.028718
PG27  21596.901885  10435.694192  11608.485359    216.401626
PG29  -2214.980378  17725.878124 -19674.482289   -546.948583
PG30  -2937.012060 -23168.240758  12504.058135   -536.477641
PG31  10263.164672  14511.263028 -19727.152675   -191.396447
PG32  14952.180530  21162.023752   6428.341036   -217.448466
PR01   4446.994645  12525.785729  21765.561164     13.902345
PR02  20812.284452  12096.246617   8574.232197    528.249559
PR03  23578.615896   4166.915819  -8838.346750     62.727758
PR04  13102.370480  -5647.953382 -21124.176639    155.627960
PR05  -4429.457639 -12506.440579 -21773.798832     98.734573
PR07 -23302.331482  -3673.854745   9675.383440     40.131873
PR08 -12946.364151   5934.350571  21206.834201    -66.923258
PR09  -9814.426114  -6345.456166  22701.026552     73.792434
PR12  -6524.200311  16829.134565 -17985.493738     20.574705
PR13   8339.656751   7362.928474 -22961.273150    -26.225167
PR14  19679.807890  -7737.285285 -14231.988331     24.386757
PR15  18604.098216 -17274.077490   2478.196450     93.994210
PR17  10909.012881   1954.489378  22975.091052    556.550845
PR18   6309.178219 -15366.329496  19353.465582     39.818297
PR19   -272.056488 -24603.507750   6751.285043   -201.714247
PR20  -8610.347057 -19912.531421 -13387.555978    -77.389231
PR21 -10628.882913   -376.794735 -23190.412638   -329.409677
PR24   9622.262872  19139.479007  13841.815637    111.570233
*  2022 08 29 08 09 50.00000000
PE02  15673.170243  10765.673217 -22682.067260    321.348985
PE03  21590.057104  20096.256635   2394.119740   -594.348497
PE04 -24597.501371  -6607.984935  15088.981762  -1103.798558
PE05   5813.092600  22062.904884  18855.956786   -149.065722
PE07  13075.237612 -11177.278355 -24085.790965   -700.761310
PE08  24524.716714   6495.889034 -15239.881621   -589.489195
PE09 -13043.934439  11022.296077  24178.524426   -639.610598
PE11 -13244.659938  22129.583843 -14545.849557   2444.697916
PE12 -16392.586731   1167.290952 -24627.120532   -140.353579
PE13  13443.473050 -21562.388540  15183.640839    430.427220
PE15  16288.904324   -985.069417  24695.729324    723.861486
PE19 -20114.778996 -21163.788893  -4861.050434  -4678.555610
PE21   4289.069092 -18248.149732  22915.318622   -754.584058
PE24 -23732.147269  15197.046162  -9028.756438   -807.089510
PE25  -4623.075290  18285.687026 -22798.592887   -586.057160
PE26   2204.635487 -29249.245802  -4023.064331  -1550.355788
PE27  23012.012195 -15722.917323   9991.596123   -379.430239
PE30  27869.994986  -3206.157404  -9460.972545   -793.070336
PE31 -28014.857307   3948.009974   8718.400905   -502.520724
PE33  -9507.770256 -20057.392873 -19585.084336   -453.620175
PE36  -2744.132862  29303.456337   3140.861076   -423.623250
PG01  13505.524900 -19258.993537  11682.644339    293.436608
PG02 -15216.354899   8987.558619 -19263.969085   -647.756662
PG03  21517.757184 -12340.450443  -9463.459996   -341.356822
PG05 -25841.134040   5674.058454  -3252.031362    -94.649262
PG06  -8456.269747 -16420.545929 -18998.040799    442.360446
PG07   4893.806345 -25706.403211   2941.432084    311.551629
PG08  18044.877255  -1497.618591  19508.518047    -82.402128
PG09    517.194150 -18392.775663 -19216.251410   -302.659032
PG11 -14428.725784  -4634.768919 -21813.556361    -13.163884
PG12 -23016.921781  10297.722541  -8440.860717   -269.801702
PG13 -19765.909222  -8478.431198  15541.132298    377.111090
PG14  -5852.184147 -14425.297463  21533.553547   -106.934988
PG15 -18046.455301   3739.550075  18795.287540    -33.407942
PG16  25411.883500   1659.918262  -8603.437815   -522.356471
PG17 -11379.545264 -22317.311567   9169.556557    653.545130
PG18  -5155.789295  25770.307766   3303.198262     66.423495
PG19 -17424.016945 -20192.152008  -1421.114892    203.518225
PG20 -21623.457775  -2311.866857 -15085.429308    490.859979
PG21  15524.195740 -10580.429471  19100.091380    160.045890
PG22  18544.001050  18852.691431  -2927.789998    318.241748
PG23  -3614.590983  15987.305734  20861.829618    -38.334119
PG24 -14211.687063  16201.516354  14932.002167    153.448788
PG25 -12452.316296  16054.983668 -17248.381133    366.136730
PG26  20269.593384   6008.131250 -16354.577581    226.028735
PG27  21606.092886  10447.571556  11581.558341    216.401605
PG29  -2231.910696  17707.640464 -19689.100477   -546.948595
PG30  -2929.672508 -23182.648148  12478.614066   -536.477648
PG31  10254.690226  14534.731601 -19713.732140   -191.396484
PG32  14944.725095  21158.256274   6458.520664   -217.448576
PR01   4418.903523  12515.780515  21777.042729     13.902328
PR02  20801.939090  12090.544950   8607.401128    528.249594
PR03  23590.553426   4169.583014  -8805.376323     62.727735
PR04  13129.805649  -5638.577809 -21109.670068    155.628017
PR05  -4401.711527 -12495.390314 -21785.785263     98.734538
PR07 -23315.233402  -3676.973509   9642.904188     40.131859
PR08 -12973.733100   5925.031159  21192.648610    -66.923219
PR09  -9791.020076  -6365.771789  22705.377610     73.792471
PR12  -6542.419615  16845.817423 -17963.271924     20.574718
PR13   8315.871153   7383.447419 -22963.313344    -26.225152
PR14  19664.283684  -7725.369289 -14259.872921     24.386755
PR15  18605.695653 -17277.349216   2442.766359     93.994147
PR17  10914.611515   1985.472906  22969.729485    556.550875
PR18   6312.102997 -15339.914488  19373.504165     39.818346
PR19   -273.278868 -24593.971874   6785.859050   -201.714168
PR20  -8614.840728 -19930.463504 -13357.930897    -77.389297
PR21 -10634.247211   -408.123342 -23187.455373   -329.409691
PR24   9626.714193  19157.932395  13813.114545    111.570184
*  2022 08 29 08 10 00.00000000
PE02  15651.658478  10773.148630 -22693.354826    321.349015
PE03  21588.480530  20094.363673   2423.988462   -594.348534
PE04 -24609.371291  -6617.346192  15065.503691  -1103.798639
PE05   5798.711457  22050.609572  18874.760837   -149.065687
PE07  13093.862260 -11161.895635 -24082.797887   -700.761336
PE08  24536.818826   6505.221189 -15216.389440   -589.489253
PE09 -13062.691927  11006.933752  24175.409622   -639.610732
PE11 -13240.976777  22115.390690 -14570.789308   2444.696385
PE12 -16388.334257   1142.931327 -24631.087807   -140.353781
PE13  13439.675661 -21547.533565  15208.064374    430.427220
PE15  16284.700591   -960.608891  24699.460814    723.861466
PE19 -20111.416051 -21160.178918  -4890.567461  -4678.554620
PE21   4310.519968 -18256.370470  22904.740421   -754.584080
PE24 -23740.389711  15200.842014  -9000.625645   -807.089718
PE25  -4644.452752  18293.886061 -22787.673086   -586.057172
PE26   2203.825037 -29253.458173  -3992.762064  -1550.356228
PE27  23021.111480 -15727.135868   9963.934629   -379.430325
PE30  27860.801116  -3203.636422  -9488.854581   -793.070639
PE31 -28006.363129   3945.773637   8746.705754   -502.520724
PE33  -9505.643639 -20076.974509 -19566.043488   -453.620160
PE36  -2742.969595  29306.832850   3110.256738   -423.623305
PG01  13503.192034 -19243.624885  11710.244647    293.436539
PG02 -15212.835919   8962.009715 -19278.022608   -647.756639
PG03  21529.763024 -12341.358197  -9434.440748   -341.356899
PG05 -25838.177461   5670.383296  -3283.363020    -94.649325
PG06  -8448.799390 -16443.588422 -18981.410585    442.360577
PG07   4898.058804 -25708.626951   2909.872241    311.551649
PG08  18061.982972  -1479.722802  19494.426199    -82.402207
PG09    535.636478 -18376.919930 -19231.003623   -302.658994
PG11 -14420.112640  -4661.080177 -21813.677230    -13.163908
PG12 -23027.549891  10297.278495  -8411.339154   -269.801747
PG13 -19776.549120  -8495.363715  15518.750187    377.111152
PG14  -5825.559083 -14431.581379  21536.456641   -106.934969
PG15 -18065.077595   3723.120606  18781.281274    -33.407898
PG16  25401.943199   1663.631328  -8632.525858   -522.356476
PG17 -11370.737619 -22310.347383   9198.829927    653.545257
PG18  -5159.402497  25773.626547   3271.467474     66.423377
PG19 -17423.311563 -20194.605297  -1389.234735    203.518251
PG20 -21606.851861  -2322.056787 -15107.859121    490.859966
PG21  15521.612553 -10557.275129  19116.219280    160.045915
PG22  18544.681710  18857.597362  -2896.400780    318.241776
PG23  -3640.246984  15994.038831  20852.092510    -38.334134
PG24 -14211.014212  16181.535364  14954.253087    153.448663
PG25 -12473.518295  16058.811032 -17228.898230    366.136759
PG26  20250.720314   6016.567229 -16374.634845    226.028756
PG27  21615.267160  10459.419071  11554.606936    216.401566
PG29  -2248.864059  17689.399328 -19703.676841   -546.948634
PG30  -2922.349221 -23197.028848  12453.143245   -536.477650
PG31  10246.233623  14558.189302 -19700.269629   -191.396496
PG32  14937.240818  21154.466610   6488.686729   -217.448683
PR01   4390.789561  12505.792883  21788.471944     13.902397
PR02  20791.546725  12084.835952   8640.549447    528.249596
PR03  23602.450812   4172.225049  -8772.384794     62.727784
PR04  13157.229858  -5629.231673 -21095.112712    155.628016
PR05  -4373.941081 -12484.357138 -21797.719324     98.734537
PR07 -23328.096171  -3680.066600   9610.401764     40.131928
PR08 -13001.091479   5915.740649  21178.412352    -66.923242
PR09  -9767.625449  -6386.109693  22709.674291     73.792460
PR12  -6560.602306  16862.495197 -17941.006832     20.574733
PR13   8292.099972   7403.987241 -22965.298455    -26.225186
PR14  19648.740016  -7713.416154 -14287.723161     24.386762
PR15  18607.253537 -17280.590924   2407.330419     93.994148
PR17  10920.234903   2016.444541  22964.312813    556.550904
PR18   6315.054502 -15313.475090  19393.496215     39.818396
PR19   -274.486794 -24584.388284   6820.416751   -201.714156
PR20  -8619.344383 -19948.351638 -13328.273672    -77.389348
PR21 -10639.637329   -439.443332 -23184.442462   -329.409745
PR24   9631.174378  19176.343465  13784.380280    111.570124
*  2022 08 29 08 10 10.00000000
PE02  15630.141890  10780.644590 -22704.607508    321.349033
PE03  21586.879452  20092.452803   2453.853462   -594.348570
PE04 -24621.230126  -6626.683497  15042.002467  -1103.798715
PE05   5784.306548  22038.313084  18893.535877   -149.065654
PE07  13112.496170 -11146.528863 -24079.767787   -700.761377
PE08  24548.909852   6514.529159 -15192.873856   -589.489327
PE09 -13081.458684  10991.587730  24172.257664   -639.610864
PE11 -13237.301044  22101.169970 -14595.706687   2444.694858
PE12 -16384.100861   1118.564362 -24635.017259   -140.354000
PE13  13435.886449 -21532.651396  15232.464535    430.427223
PE15  16280.516172   -936.141277  24703.154346    723.861444
PE19 -20108.027609 -21156.552595  -4920.076979  -4678.553588
PE21   4331.954521 -18264.604155  22894.127032   -754.584097
PE24 -23748.602727  15204.634566  -8972.480999   -807.089925
PE25  -4665.813576  18302.097849 -22776.718222   -586.057180
PE26   2203.006254 -29257.639983  -3962.453659  -1550.356666
PE27  23030.181499 -15731.351870   9936.257826   -379.430409
PE30  27851.582952  -3201.098799  -9516.722046   -793.070938
PE31 -27997.844088   3943.520930   8774.997167   -502.520734
PE33  -9503.536015 -20096.539064 -19546.972569   -453.620151
PE36  -2741.798668  29310.178192   3079.647611   -423.623361
PG01  13500.859076 -19228.220713  11737.819195    293.436467
PG02 -15209.328371   8936.440456 -19292.033103   -647.756626
PG03  21541.733127 -12342.263707  -9405.401389   -341.356976
PG05 -25835.185607   5666.694880  -3314.687770    -94.649362
PG06  -8441.349023 -16466.615312 -18964.739690    442.360705
PG07   4902.299954 -25710.814418   2878.306039    311.551650
PG08  18079.086209  -1461.849615  19480.293132    -82.402237
PG09    554.101093 -18361.061986 -19245.715127   -302.658959
PG11 -14411.514876  -4687.396560 -21813.751697    -13.163926
PG12 -23038.142066  10296.833563  -8381.799747   -269.801830
PG13 -19787.182021  -8512.267115  15496.334947    377.111264
PG14  -5798.933918 -14437.881146  21539.313972   -106.934947
PG15 -18083.693972   3706.712140  18767.233960    -33.407859
PG16  25391.969690   1667.356386  -8661.596192   -522.356503
PG17 -11361.901965 -22303.361077   9228.083976    653.545312
PG18  -5163.002562  25776.909007   3239.729656     66.423247
PG19 -17422.582549 -20197.028130  -1357.351665    203.518300
PG20 -21590.225855  -2332.267199 -15130.256450    490.859930
PG21  15519.039236 -10534.100753  19132.307555    160.045924
PG22  18545.340113  18862.472429  -2865.005421    318.241797
PG23  -3665.887323  16000.783708  20842.310888    -38.334154
PG24 -14210.346650  16161.526209  14976.470936    153.448541
PG25 -12494.695080  16062.644030 -17209.379039    366.136793
PG26  20231.828053   6025.021392 -16394.657936    226.028771
PG27  21624.424658  10471.236753  11527.631174    216.401541
PG29  -2265.840451  17671.154772 -19718.211358   -546.948661
PG30  -2915.042180 -23211.382811  12427.645705   -536.477666
PG31  10237.794856  14581.636078 -19686.765170   -191.396436
PG32  14929.727617  21150.654821   6518.839227   -217.448799
PR01   4362.652827  12495.822869  21799.848828     13.902404
PR02  20781.107466  12079.119701   8673.677166    528.249762
PR03  23614.308001   4174.841978  -8739.372216     62.727699
PR04  13184.643025  -5619.914978 -21080.504585    155.628040
PR05  -4346.146359 -12473.341110 -21809.600963     98.734556
PR07 -23340.919748  -3683.134066   9577.876202     40.131914
PR08 -13028.439244   5906.479028  21164.125447    -66.923166
PR09  -9744.242312  -6406.469808  22713.916604     73.792471
PR12  -6578.748365  16879.167812 -17918.698506     20.574729
PR13   8268.343272   7424.547910 -22967.228439    -26.225177
PR14  19633.176961  -7701.425871 -14315.539029     24.386765
PR15  18608.771921 -17283.802565   2371.888675     93.994108
PR17  10925.883065   2047.404187  22958.840944    556.550943
PR18   6318.032783 -15287.011359  19413.441655     39.818383
PR19   -275.680197 -24574.757008   6854.958095   -201.714166
PR20  -8623.857931 -19966.195846 -13298.584375    -77.389510
PR21 -10645.053248   -470.754634 -23181.373906   -329.409750
PR24   9635.643378  19194.712134  13755.612874    111.570177
*  2022 08 29 08 10 20.00000000
PE02  15608.620535  10788.161094 -22715.825285    321.349059
PE03  21585.253847  20090.524063   2483.714686   -594.348608
PE04 -24633.077826  -6635.996858  15018.478129  -1103.798791
PE05   5769.877890  22026.015470  18912.281874   -149.065622
PE07  13131.139297 -11131.178068 -24076.700668   -700.761406
PE08  24560.989743   6523.812951 -15169.334909   -589.489388
PE09 -13100.234667  10976.258041  24169.068560   -639.611002
PE11 -13233.632784  22086.921713 -14620.601652   2444.693333
PE12 -16379.886559   1094.190114 -24638.908875   -140.354199
PE13  13432.105457 -21517.742065  15256.841284    430.427216
PE15  16276.351082   -911.666633  24706.809911    723.861419
PE19 -20104.613650 -21152.909963  -4949.578933  -4678.552543
PE21   4353.372707 -18272.850750  22883.478476   -754.584117
PE24 -23756.786311  15208.423771  -8944.322549   -807.090130
PE25  -4687.157717  18310.322353 -22765.728311   -586.057192
PE26   2202.179181 -29261.791210  -3932.139167  -1550.357106
PE27  23039.222246 -15735.565282   9908.565759   -379.430496
PE30  27842.340530  -3198.544499  -9544.574891   -793.071257
PE31 -27989.300218   3941.251819   8803.275097   -502.520743
PE33  -9501.447364 -20116.086487 -19527.871612   -453.620156
PE36  -2740.620129  29313.492351   3049.033749   -423.623413
PG01  13498.526083 -19212.781055  11765.367911    293.436396
PG02 -15205.832286   8910.850904 -19306.000549   -647.756600
PG03  21553.667478 -12343.166920  -9376.341991   -341.357045
PG05 -25832.158505   5662.993161  -3346.005542    -94.649378
PG06  -8433.918631 -16489.626531 -18948.028157    442.360830
PG07   4906.529843 -25712.965598   2846.733552    311.551671
PG08  18096.186901  -1443.999058  19466.118887    -82.402192
PG09    572.587959 -18345.201894 -19260.385893   -302.658913
PG11 -14402.932511  -4713.717995 -21813.779765    -13.163953
PG12 -23048.698293  10296.387697  -8352.242564   -269.801899
PG13 -19797.807865  -8529.141382  15473.886645    377.111370
PG14  -5772.308716 -14444.196750  21542.125538   -106.934940
PG15 -18102.304372   3690.324692  18753.145635    -33.407867
PG16  25381.963012   1671.093479  -8690.648746   -522.356551
PG17 -11353.038294 -22296.352712   9257.318648    653.545314
PG18  -5166.589537  25780.155121   3207.984888     66.423123
PG19 -17421.829856 -20199.420521  -1325.465755    203.518361
PG20 -21573.579821  -2342.498100 -15152.621246    490.859882
PG21  15516.475827 -10510.906404  19148.356177    160.045935
PG22  18545.976217  18867.316663  -2833.603997    318.241854
PG23  -3691.511943  16007.540329  20832.484778    -38.334170
PG24 -14209.684422  16141.488939  14998.655659    153.448419
PG25 -12515.846607  16066.482618 -17189.823608    366.136828
PG26  20212.916664   6033.493750 -16414.646800    226.028783
PG27  21633.565321  10483.024605  11500.631127    216.401504
PG29  -2282.839846  17652.906864 -19732.703995   -546.948725
PG30  -2907.751352 -23225.709989  12402.121511   -536.477676
PG31  10229.373924  14605.071857 -19673.218790   -191.396380
PG32  14922.185504  21146.820949   6548.978066   -217.448911
PR01   4334.493405  12485.870532  21811.173330     13.902442
PR02  20770.621271  12073.396278   8706.784160    528.249677
PR03  23626.124932   4177.433856  -8706.338682     62.727736
PR04  13212.045050  -5610.627722 -21065.845732    155.628068
PR05  -4318.327446 -12462.342285 -21821.430164     98.734513
PR07 -23353.704061  -3686.175960   9545.327602     40.131879
PR08 -13055.776276   5897.246304  21149.787936    -66.923118
PR09  -9720.870738  -6426.852087  22718.104529     73.792456
PR12  -6596.857762  16895.835177 -17896.347006     20.574759
PR13   8244.601134   7445.129351 -22969.103310    -26.225173
PR14  19617.594607  -7689.398437 -14343.320435     24.386812
PR15  18610.250841 -17286.984067   2336.441233     93.994176
PR17  10931.555950   2078.351751  22953.313945    556.550977
PR18   6321.037860 -15260.523400  19433.340453     39.818416
PR19   -276.859004 -24565.078091   6889.482983   -201.714210
PR20  -8628.381310 -19983.996045 -13268.863075    -77.389557
PR21 -10650.494945   -502.057140 -23178.249716   -329.409734
PR24   9640.121111  19213.038372  13726.812414    111.570130
*  2022 08 29 08 10 30.00000000
PE02  15587.094466  10795.698145 -22727.008140    321.349080
PE03  21583.603691  20088.577493   2513.572090   -594.348649
PE04 -24644.914345  -6645.286282  14994.930715  -1103.798876
PE05   5755.425497  22013.716776  18930.998799   -149.065586
PE07  13149.791599 -11115.843280 -24073.596537   -700.761445
PE08  24573.058452   6533.072572 -15145.772634   -589.489457
PE09 -13119.019833  10960.944714  24165.842314   -639.611132
PE11 -13229.972042  22072.645943 -14645.474163   2444.691811
PE12 -16375.691369   1069.808634 -24642.762649   -140.354399
PE13  13428.332728 -21502.805600  15281.194582    430.427216
PE15  16272.205335   -887.185013  24710.427505    723.861398
PE19 -20101.174154 -21149.251063  -4979.073278  -4678.551492
PE21   4374.774485 -18281.110222  22872.794768   -754.584137
PE24 -23764.940458  15212.209582  -8916.150338   -807.090337
PE25  -4708.485136  18318.559541 -22754.703371   -586.057204
PE26   2201.343865 -29265.911839  -3901.818635  -1550.357546
PE27  23048.233715 -15739.776058   9880.858471   -379.430586
PE30  27833.073882  -3195.973490  -9572.413072   -793.071564
PE31 -27980.731552   3938.966271   8831.539499   -502.520745
PE33  -9499.377661 -20135.616731 -19508.740644   -453.620161
PE36  -2739.434022  29316.775310   3018.415199   -423.623468
PG01  13496.193110 -19197.305938  11792.890734    293.436332
PG02 -15202.347696   8885.241120 -19319.924915   -647.756558
PG03  21565.566060 -12344.067781  -9347.262615   -341.357130
PG05 -25829.096182   5659.278095  -3377.316271    -94.649359
PG06  -8426.508204 -16512.622013 -18931.276022    442.360966
PG07   4910.748516 -25715.080467   2815.154847    311.551636
PG08  18113.284988  -1426.171155  19451.903495    -82.402250
PG09    591.097049 -18329.339712 -19275.015891   -302.658876
PG11 -14394.365566  -4740.044418 -21813.761434    -13.163970
PG12 -23059.218554  10295.940842  -8322.667667   -269.801942
PG13 -19808.426594  -8545.986499  15451.405328    377.111471
PG14  -5745.683544 -14450.528182  21544.891332   -106.934916
PG15 -18120.908734   3673.958283  18739.016334    -33.407866
PG16  25371.923198   1674.842649  -8719.683460   -522.356567
PG17 -11344.146588 -22289.322342   9286.533881    653.545318
PG18  -5170.163468  25783.364867   3176.233237     66.423002
PG19 -17421.053437 -20201.782500  -1293.577071    203.518418
PG20 -21556.913816  -2352.749502 -15174.953461    490.859861
PG21  15513.922360 -10487.692136  19164.365117    160.045982
PG22  18546.589977  18872.130090  -2802.196576    318.241907
PG23  -3717.120785  16014.308660  20822.614199    -38.334184
PG24 -14209.027568  16121.423594  15020.807208    153.448295
PG25 -12536.972835  16070.326750 -17170.231975    366.136866
PG26  20193.986202   6041.984318 -16434.601395    226.028801
PG27  21642.689092  10494.782635  11473.606852    216.401475
PG29  -2299.862223  17634.655665 -19747.154720   -546.948778
PG30  -2900.476711 -23240.010334  12376.570717   -536.477681
PG31  10220.970824  14628.496576 -19659.630515   -191.396400
PG32  14914.614458  21142.965043   6579.103183   -217.449027
PR01   4306.311373  12475.935924  21822.445423     13.902438
PR02  20760.088150  12067.665760   8739.870351    528.249601
PR03  23637.901546   4180.000735  -8673.284272     62.727708
PR04  13239.435838  -5601.369908 -21051.136190    155.628101
PR05  -4290.484421 -12451.360719 -21833.206896     98.734458
PR07 -23366.449048  -3689.192333   9512.756042     40.131916
PR08 -13083.102483   5888.042479  21135.399853    -66.923063
PR09  -9697.510804  -6447.256475  22722.238056     73.792521
PR12  -6614.930471  16912.497210 -17873.952384     20.574757
PR13   8220.873631   7465.731506 -22970.923064    -26.225178
PR14  19601.993038  -7677.333846 -14371.067314     24.386836
PR15  18611.690337 -17290.135367   2300.988178     93.994148
PR17  10937.253529   2109.287139  22947.731827    556.550944
PR18   6324.069762 -15234.011300  19453.192560     39.818446
PR19   -278.023143 -24555.351572   6923.991334   -201.714205
PR20  -8632.914446 -20001.752187 -13239.109845    -77.389532
PR21 -10655.962395   -533.350752 -23175.069899   -329.409761
PR24   9644.607508  19231.322133  13697.978970    111.570182
*  2022 08 29 08 10 40.00000000
PE02  15565.563733  10803.255739 -22738.156056    321.349104
PE03  21581.928960  20086.613129   2543.425627   -594.348687
PE04 -24656.739636  -6654.551776  14971.360259  -1103.798959
PE05   5740.949381  22001.417048  18949.686623   -149.065555
PE07  13168.453034 -11100.524525 -24070.455396   -700.761474
PE08  24585.115931   6542.308029 -15122.187067   -589.489521
PE09 -13137.814138  10945.647777  24162.578933   -639.611270
PE11 -13226.318860  22058.342685 -14670.324183   2444.690278
PE12 -16371.515303   1045.419977 -24646.578577   -140.354600
PE13  13424.568307 -21487.842027  15305.524392    430.427217
PE15  16268.078947   -862.696469  24714.007123    723.861366
PE19 -20097.709102 -21145.575935  -5008.559968  -4678.550413
PE21   4396.159816 -18289.382540  22862.075927   -754.584165
PE24 -23773.065166  15215.991952  -8887.964409   -807.090549
PE25  -4729.795791  18326.809381 -22743.643419   -586.057219
PE26   2200.500350 -29270.001854  -3871.492108  -1550.357993
PE27  23057.215901 -15743.984151   9853.136005   -379.430674
PE30  27823.783043  -3193.385739  -9600.236547   -793.071872
PE31 -27972.138123   3936.664250   8859.790332   -502.520755
PE33  -9497.326885 -20155.129748 -19489.579697   -453.620158
PE36  -2738.240396  29320.027056   2987.792008   -423.623528
PG01  13493.860212 -19181.795385  11820.387603    293.436266
PG02 -15198.874636   8859.611162 -19333.806166   -647.756541
PG03  21577.428856 -12344.966238  -9318.163324   -341.357195
PG05 -25825.998662   5655.549635  -3408.619891    -94.649343
PG06  -8419.117729 -16535.601691 -18914.483320    442.361111
PG07   4914.956019 -25717.159000   2783.569993    311.551558
PG08  18130.380413  -1408.365931  19437.646988    -82.402250
PG09    609.628338 -18313.475497 -19289.605091   -302.658819
PG11 -14385.814063  -4766.375765 -21813.696705    -13.163977
PG12 -23069.702834  10295.492947  -8293.075119   -269.801977
PG13 -19819.038148  -8562.802449  15428.891046    377.111559
PG14  -5719.058467 -14456.875431  21547.611349   -106.934891
PG15 -18139.507000   3657.612929  18724.846088    -33.407883
PG16  25361.850281   1678.603939  -8748.700276   -522.356546
PG17 -11335.226831 -22282.270022   9315.729615    653.545279
PG18  -5173.724404  25786.538219   3144.474772     66.422890
PG19 -17420.253249 -20204.114098  -1261.685680    203.518395
PG20 -21540.227898  -2363.021419 -15197.253047    490.859855
PG21  15511.378872 -10464.457999  19180.334346    160.045968
PG22  18547.181351  18876.912740  -2770.783224    318.241976
PG23  -3742.713791  16021.088667  20812.699174    -38.334183
PG24 -14208.376132  16101.330216  15042.925532    153.448182
PG25 -12558.073721  16074.176382 -17150.604182    366.136923
PG26  20175.036722   6050.493110 -16454.521679    226.028825
PG27  21651.795917  10506.510847  11446.558409    216.401455
PG29  -2316.907560  17616.401238 -19761.563504   -546.948825
PG30  -2893.218229 -23254.283799  12350.993377   -536.477686
PG31  10212.585550  14651.910169 -19646.000372   -191.396416
PG32  14907.014459  21139.087152   6609.214515   -217.449123
PR01   4278.106809  12466.019096  21833.665079     13.902433
PR02  20749.508113  12061.928228   8772.935660    528.249417
PR03  23649.637787   4182.542670  -8640.209063     62.727707
PR04  13266.815296  -5592.141535 -21036.375992    155.628130
PR05  -4262.617361 -12440.396466 -21844.931134     98.734539
PR07 -23379.154648  -3692.183238   9480.161601     40.131930
PR08 -13110.417771   5878.867554  21120.961232    -66.923031
PR09  -9674.162585  -6467.682917  22726.317174     73.792549
PR12  -6632.966465  16929.153825 -17851.514694     20.574769
PR13   8197.160839   7486.354313 -22972.687698    -26.225188
PR14  19586.372337  -7665.232091 -14398.779597     24.386856
PR15  18613.090451 -17293.256402   2265.529595     93.994201
PR17  10942.975773   2140.210258  22942.094605    556.550983
PR18   6327.128519 -15207.475149  19472.997930     39.818468
PR19   -279.172543 -24545.577492   6958.483063   -201.714248
PR20  -8637.457266 -20019.464224 -13209.324757    -77.389527
PR21 -10661.455576   -564.635377 -23171.834463   -329.409793
PR24   9649.102496  19249.563369  13669.112611    111.570193
*  2022 08 29 08 10 50.00000000
PE02  15544.028386  10810.833877 -22749.269015    321.349129
PE03  21580.229630  20084.631009   2573.275251   -594.348723
PE04 -24668.553653  -6663.793347  14947.766798  -1103.799037
PE05   5726.449557  21989.116336  18968.345318   -149.065519
PE07  13187.123560 -11085.221836 -24067.277253   -700.761506
PE08  24597.162133   6551.519330 -15098.578244   -589.489583
PE09 -13156.617540  10930.367260  24159.278420   -639.611399
PE11 -13222.673283  22044.011965 -14695.151674   2444.688736
PE12 -16367.358378   1021.024194 -24650.356652   -140.354823
PE13  13420.812236 -21472.851374  15329.830677    430.427218
PE15  16263.971930   -838.201054  24717.548758    723.861341
PE19 -20094.218472 -21141.884622  -5038.038959  -4678.549357
PE21   4417.528658 -18297.667671  22851.321968   -754.584180
PE24 -23781.160431  15219.770834  -8859.764806   -807.090761
PE25  -4751.089645  18335.071840 -22732.548472   -586.057236
PE26   2199.648683 -29274.061238  -3841.159634  -1550.358432
PE27  23066.168800 -15748.189513   9825.398403   -379.430757
PE30  27814.468047  -3190.781213  -9628.045273   -793.072178
PE31 -27963.519963   3934.345723   8888.027552   -502.520765
PE33  -9495.295012 -20174.625491 -19470.388799   -453.620155
PE36  -2737.039297  29323.247576   2957.164224   -423.623585
PG01  13491.527444 -19166.249423  11847.858458    293.436206
PG02 -15195.413139   8833.961091 -19347.644269   -647.756525
PG03  21589.255851 -12345.862235  -9289.044178   -341.357248
PG05 -25822.865971   5651.807738  -3439.916336    -94.649364
PG06  -8411.747197 -16558.565501 -18897.650087    442.361257
PG07   4919.152397 -25719.201176   2751.979059    311.551532
PG08  18147.473116  -1390.583409  19423.349396    -82.402243
PG09    628.181799 -18297.609309 -19304.153461   -302.658771
PG11 -14377.278023  -4792.711970 -21813.585577    -13.163982
PG12 -23080.151115  10295.043959  -8263.464982   -269.801999
PG13 -19829.642471  -8579.589218  15406.343847    377.111545
PG14  -5692.433550 -14463.238487  21550.285582   -106.934863
PG15 -18158.099110   3641.288651  18710.634932    -33.408006
PG16  25351.744296   1682.377391  -8777.699134   -522.356504
PG17 -11326.279006 -22275.195806   9344.905790    653.545270
PG18  -5177.272390  25789.675153   3112.709561     66.422773
PG19 -17419.429247 -20206.415343  -1229.791647    203.518408
PG20 -21523.522124  -2373.313863 -15219.519957    490.859863
PG21  15508.845399 -10441.204047  19196.263834    160.045954
PG22  18547.750294  18881.664638  -2739.364008    318.242058
PG23  -3768.290902  16027.880316  20802.739722    -38.334185
PG24 -14207.730154  16081.208847  15065.010583    153.448075
PG25 -12579.149222  16078.031469 -17130.940268    366.136979
PG26  20156.068280   6059.020140 -16474.407610    226.028857
PG27  21660.885740  10518.209251  11419.485854    216.401439
PG29  -2333.975833  17598.143647 -19775.930315   -546.948834
PG30  -2885.975878 -23268.530334  12325.389545   -536.477678
PG31  10204.218101  14675.312571 -19632.328389   -191.396438
PG32  14899.385488  21135.187324   6639.312000   -217.449226
PR01   4249.879794  12456.120101  21844.832273     13.902348
PR02  20738.881169  12056.183761   8805.980007    528.249437
PR03  23661.333595   4185.059716  -8607.113137     62.727668
PR04  13294.183328  -5582.942606 -21021.565176    155.628140
PR05  -4234.726342 -12429.449582 -21856.602847     98.734584
PR07 -23391.820800  -3695.148725   9447.544357     40.131935
PR08 -13137.722048   5869.721530  21106.472106    -66.922969
PR09  -9650.826156  -6488.131357  22730.341873     73.792600
PR12  -6650.965719  16945.804937 -17829.033992     20.574775
PR13   8173.462831   7506.997713 -22974.397206    -26.225184
PR14  19570.732587  -7653.093169 -14426.457218     24.386795
PR15  18614.451224 -17296.347106   2230.065569     93.994225
PR17  10948.722653   2171.121013  22936.402291    556.550976
PR18   6330.214161 -15180.915036  19492.756514     39.818513
PR19   -280.307133 -24535.755889   6992.958088   -201.714197
PR20  -8642.009697 -20037.132109 -13179.507881    -77.389496
PR21 -10666.974465   -595.910917 -23168.543417   -329.409834
PR24   9653.606007  19267.762034  13640.213406    111.570143
*  2022 08 29 08 11 00.00000000
PE02  15522.488491  10818.432556 -22760.346998    321.349153
PE03  21578.505678  20082.631174   2603.120909   -594.348770
PE04 -24680.356348  -6673.011002  14924.150371  -1103.799121
PE05   5711.926036  21976.814684  18986.974853   -149.065482
PE07  13205.803135 -11069.935239 -24064.062110   -700.761537
PE08  24609.197008   6560.706480 -15074.946207   -589.489649
PE09 -13175.429997  10915.103192  24155.940785   -639.611530
PE11 -13219.035355  22029.653810 -14719.956595   2444.687201
PE12 -16363.220610    996.621339 -24654.096863   -140.355026
PE13  13417.064560 -21457.833671  15354.113396    430.427218
PE15  16259.884300   -813.698825  24721.052405    723.861317
PE19 -20090.702247 -21138.177163  -5067.510195  -4678.548304
PE21   4438.880969 -18305.965581  22840.532909   -754.584204
PE24 -23789.226247  15223.546181  -8831.551575   -807.090972
PE25  -4772.366648  18343.346884 -22721.418548   -586.057242
PE26   2198.788906 -29278.089976  -3810.821264  -1550.358865
PE27  23075.092405 -15752.392101   9797.645713   -379.430852
PE30  27805.128928  -3188.159876  -9655.839203   -793.072474
PE31 -27954.877109   3932.010659   8916.251106   -502.520774
PE33  -9493.282017 -20194.103910 -19451.167978   -453.620147
PE36  -2735.830772  29326.436854   2926.531900   -423.623646
PG01  13489.194863 -19150.668085  11875.303225    293.436139
PG02 -15191.963234   8808.290972 -19361.439206   -647.756520
PG03  21601.047028 -12346.755720  -9259.905250   -341.357323
PG05 -25819.698138   5648.052358  -3471.205535    -94.649353
PG06  -8404.396593 -16581.513373 -18880.776366    442.361393
PG07   4923.337698 -25721.206981   2720.382118    311.551579
PG08  18164.563032  -1372.823617  19409.010762    -82.402261
PG09    646.757397 -18281.741207 -19318.660974   -302.658714
PG11 -14368.757465  -4819.052965 -21813.428057    -13.163996
PG12 -23090.563383  10294.593827  -8233.837324   -269.802067
PG13 -19840.239501  -8596.346787  15383.763795    377.111515
PG14  -5665.808859 -14469.617335  21552.914029   -106.934831
PG15 -18176.685005   3624.985462  18696.382903    -33.408033
PG16  25341.605281   1686.163047  -8806.679962   -522.356493
PG17 -11317.303105 -22268.099755   9374.062347    653.545268
PG18  -5180.807475  25792.775647   3080.937680     66.422644
PG19 -17418.581380 -20208.686254  -1197.895046    203.518448
PG20 -21506.796561  -2383.626840 -15241.754142    490.859849
PG21  15506.321978 -10417.930341  19212.153554    160.045942
PG22  18548.296764  18886.385816  -2707.939004    318.242153
PG23  -3793.852063  16034.683571  20792.735869    -38.334195
PG24 -14207.089677  16061.059535  15087.062305    153.447946
PG25 -12600.199295  16081.891966 -17111.240283    366.137030
PG26  20137.080939   6067.565418 -16494.259135    226.028909
PG27  21669.958501  10529.877849  11392.389260    216.401414
PG29  -2351.067019  17579.882956 -19790.255121   -546.948847
PG30  -2878.749627 -23282.749894  12299.759285   -536.477677
PG31  10195.868475  14698.703711 -19618.614593   -191.396473
PG32  14891.727554  21131.265600   6669.395546   -217.449332
PR01   4221.630409  12446.238996  21855.946954     13.902390
PR02  20728.207279  12050.432437   8839.003267    528.249402
PR03  23672.988911   4187.551925  -8573.996586     62.727630
PR04  13321.539836  -5573.773118 -21006.703786    155.628138
PR05  -4206.811452 -12418.520121 -21868.222019     98.734625
PR07 -23404.447434  -3698.088848   9414.904409     40.131977
PR08 -13165.015195   5860.604414  21091.932521    -66.922999
PR09  -9627.501592  -6508.601746  22734.312134     73.792590
PR12  -6668.928203  16962.450459 -17806.510333     20.574788
PR13   8149.779689   7527.661630 -22976.051604    -26.225200
PR14  19555.073878  -7640.917076 -14454.100089     24.386867
PR15  18615.772689 -17299.407413   2194.596205     93.994245
PR17  10954.494118   2202.019313  22930.654948    556.550984
PR18   6333.326706 -15154.331066  19512.468279     39.818529
PR19   -281.426840 -24525.886812   7027.416314   -201.714246
PR20  -8646.571675 -20054.755761 -13149.659291    -77.389532
PR21 -10672.519035   -627.177264 -23165.196768   -329.409839
PR24   9658.117959  19285.918100  13611.281444    111.570178
*  2022 08 29 08 11 10.00000000
PE02  15500.944076  10826.051778 -22771.389992    321.349179
PE03  21576.757076  20080.613656   2632.962569   -594.348807
PE04 -24692.147674  -6682.204750  14900.511009  -1103.799196
PE05   5697.378832  21964.512139  19005.575202   -149.065445
PE07  13224.491715 -11054.664761 -24060.809973   -700.761562
PE08  24621.220515   6569.869489 -15051.290983   -589.489714
PE09 -13194.251465  10899.855600  24152.566025   -639.611663
PE11 -13215.405119  22015.268242 -14744.738912   2444.685670
PE12 -16359.102008    972.211460 -24657.799214   -140.355238
PE13  13413.325319 -21442.788940  15378.372518    430.427230
PE15  16255.816070   -789.189827  24724.518060    723.861297
PE19 -20087.160403 -21134.453599  -5096.973650  -4678.547260
PE21   4460.216713 -18314.276240  22829.708764   -754.584217
PE24 -23797.262618  15227.317948  -8803.324753   -807.091180
PE25  -4793.626778  18351.634481 -22710.253663   -586.057250
PE26   2197.921071 -29282.088052  -3780.477035  -1550.359306
PE27  23083.986712 -15756.591862   9769.877968   -379.430941
PE30  27795.765717  -3185.521703  -9683.618302   -793.072778
PE31 -27946.209587   3929.659020   8944.460969   -502.520776
PE33  -9491.287880 -20213.564964 -19431.917267   -453.620145
PE36  -2734.614866  29329.594876   2895.895070   -423.623698
PG01  13486.862520 -19135.051379  11902.721868    293.436083
PG02 -15188.524963   8782.600850 -19375.190915   -647.756533
PG03  21612.802372 -12347.646636  -9230.746580   -341.357389
PG05 -25816.495184   5644.283449  -3502.487434    -94.649353
PG06  -8397.065910 -16604.445245 -18863.862179    442.361532
PG07   4927.511962 -25723.176372   2688.779230    311.551593
PG08  18181.650113  -1355.086574  19394.631097    -82.402216
PG09    665.355121 -18265.871242 -19333.127595   -302.658663
PG11 -14360.252411  -4845.398694 -21813.224133    -13.164011
PG12 -23100.939615  10294.142495  -8204.192196   -269.802183
PG13 -19850.829183  -8613.075145  15361.150910    377.111542
PG14  -5639.184460 -14476.011971  21555.496675   -106.934806
PG15 -18195.264625   3608.703387  18682.090024    -33.408003
PG16  25331.433263   1689.960952  -8835.642727   -522.356490
PG17 -11308.299094 -22260.981913   9403.199225    653.545266
PG18  -5184.329707  25795.839675   3049.159181     66.422519
PG19 -17417.709620 -20210.926883  -1165.995932    203.518524
PG20 -21490.051250  -2393.960374 -15263.955558    490.859798
PG21  15503.808643 -10394.636915  19228.003473    160.045940
PG22  18548.820715  18891.076295  -2676.508259    318.242269
PG23  -3819.397212  16041.498399  20782.687626    -38.334212
PG24 -14206.454744  16040.882309  15109.080662    153.447838
PG25 -12621.223901  16085.757831 -17091.504245    366.137072
PG26  20118.074740   6076.128966 -16514.076233    226.028935
PG27  21679.014150  10541.516658  11365.268658    216.401388
PG29  -2368.181098  17561.619225 -19804.537899   -546.948914
PG30  -2871.539456 -23296.942429  12274.102632   -536.477675
PG31  10187.536661  14722.083537 -19604.859011   -191.396533
PG32  14884.040580  21127.322048   6699.465147   -217.449445
PR01   4193.358726  12436.375818  21867.009142     13.902351
PR02  20717.486552  12044.674337   8872.005454    528.249406
PR03  23684.603682   4190.019355  -8540.859462     62.727640
PR04  13348.884737  -5564.633075 -20991.791840    155.628144
PR05  -4178.872750 -12407.608144 -21879.788602     98.734619
PR07 -23417.034505  -3701.003659   9382.241793     40.131898
PR08 -13192.297169   5851.516193  21077.342490    -66.922935
PR09  -9604.188970  -6529.094017  22738.227965     73.792627
PR12  -6686.853900  16979.090312 -17783.943766     20.574805
PR13   8126.111474   7548.346036 -22977.650850    -26.225181
PR14  19539.396280  -7628.703803 -14481.708186     24.386896
PR15  18617.054904 -17302.437269   2159.121548     93.994236
PR17  10960.290184   2232.905059  22924.852490    556.550996
PR18   6336.466205 -15127.723296  19532.133151     39.818571
PR19   -282.531592 -24515.970285   7061.857683   -201.714312
PR20  -8651.143110 -20072.335201 -13119.779055    -77.389537
PR21 -10678.089266   -658.434348 -23161.794524   -329.409824
PR24   9662.638301  19304.031483  13582.316755    111.570196
*  2022 08 29 08 11 20.00000000
PE02  15479.395205  10833.691540 -22782.397979    321.349199
PE03  21574.983802  20078.578496   2662.800179   -594.348852
PE04 -24703.927585  -6691.374596  14876.848752  -1103.799284
PE05   5682.807958  21952.208750  19024.146336   -149.065414
PE07  13243.189259 -11039.410432 -24057.520847   -700.761599
PE08  24633.232602   6579.008362 -15027.612613   -589.489776
PE09 -13213.081903  10884.624513  24149.154149   -639.611794
PE11 -13211.782619  22000.855290 -14769.498587   2444.684141
PE12 -16355.002588    947.794612 -24661.463694   -140.355437
PE13  13409.594559 -21427.717211  15402.608003    430.427227
PE15  16251.767255   -764.674118  24727.945716    723.861271
PE19 -20083.592921 -21130.713973  -5126.429269  -4678.546225
PE21   4481.535850 -18322.599615  22818.849551   -754.584247
PE24 -23805.269537  15231.086086  -8775.084386   -807.091387
PE25  -4814.869986  18359.934598 -22699.053833   -586.057264
PE26   2197.045219 -29286.055451  -3750.126998  -1550.359753
PE27  23092.851718 -15760.788751   9742.095215   -379.431034
PE30  27786.378451  -3182.866658  -9711.382525   -793.073090
PE31 -27937.517433   3927.290774   8972.657089   -502.520790
PE33  -9489.312577 -20233.008602 -19412.636692   -453.620148
PE36  -2733.391627  29332.721630   2865.253787   -423.623759
PG01  13484.530472 -19119.399340  11930.114313    293.436026
PG02 -15185.098355   8756.890793 -19388.899377   -647.756555
PG03  21624.521865 -12348.534930  -9201.568240   -341.357471
PG05 -25813.257136   5640.500966  -3533.761961    -94.649336
PG06  -8389.755135 -16627.361049 -18846.907570    442.361675
PG07   4931.675238 -25725.109336   2657.170468    311.551599
PG08  18198.734295  -1337.372306  19380.210443    -82.402261
PG09    683.974937 -18249.999476 -19347.553297   -302.658617
PG11 -14351.762880  -4871.749089 -21812.973813    -13.164017
PG12 -23111.279798  10293.689912  -8174.529665   -269.802308
PG13 -19861.411458  -8629.774274  15338.505256    377.111604
PG14  -5612.560416 -14482.422381  21558.033519   -106.934786
PG15 -18213.837910   3592.442442  18667.756334    -33.407948
PG16  25321.228280   1693.771147  -8864.587357   -522.356501
PG17 -11299.266966 -22253.842340   9432.316362    653.545307
PG18  -5187.839133  25798.867214   3017.374140     66.422405
PG19 -17416.813914 -20213.137250  -1134.094378    203.518603
PG20 -21473.286256  -2404.314471 -15286.124157    490.859794
PG21  15501.305431 -10371.323832  19243.813564    160.045902
PG22  18549.322106  18895.736106  -2645.071851    318.242357
PG23  -3844.926293  16048.324764  20772.595020    -38.334218
PG24 -14205.825394  16020.677217  15131.065600    153.447724
PG25 -12642.222995  16089.629018 -17071.732206    366.137131
PG26  20099.049746   6084.710795 -16533.858853    226.028954
PG27  21688.052630  10553.125680  11338.124119    216.401369
PG29  -2385.318047  17543.352517 -19818.778615   -546.949008
PG30  -2864.345332 -23311.107892  12248.419650   -536.477672
PG31  10179.222658  14745.451978 -19591.061671   -191.396572
PG32  14876.324576  21123.356706   6729.520712   -217.449546
PR01   4165.064826  12426.530625  21878.018787     13.902331
PR02  20706.718947  12038.909539   8904.986444    528.249386
PR03  23696.177849   4192.462059  -8507.701860     62.727615
PR04  13376.217930  -5555.522477 -20976.829382    155.628143
PR05  -4150.910324 -12396.713702 -21891.302578     98.734613
PR07 -23429.581944  -3703.893208   9349.556609     40.131943
PR08 -13219.567852   5842.456875  21062.702059    -66.922935
PR09  -9580.888363  -6549.608119  22742.089349     73.792615
PR12  -6704.742780  16995.724407 -17761.334349     20.574840
PR13   8102.458266   7569.050854 -22979.194959    -26.225227
PR14  19523.699885  -7616.453348 -14509.281422     24.386841
PR15  18618.297904 -17305.436607   2123.641703     93.994274
PR17  10966.110799   2263.778161  22918.994980    556.551022
PR18   6339.632675 -15101.091831  19551.751097     39.818594
PR19   -283.621320 -24506.006355   7096.282100   -201.714350
PR20  -8655.723937 -20089.870348 -13089.867247    -77.389431
PR21 -10683.685134   -689.682059 -23158.336693   -329.409753
PR24   9667.166953  19322.102156  13553.319428    111.570143
*  2022 08 29 08 11 30.00000000
PE02  15457.841929  10841.351842 -22793.370941    321.349215
PE03  21573.185833  20076.525733   2692.633691   -594.348879
PE04 -24715.696035  -6700.520548  14853.163635  -1103.799365
PE05   5668.213427  21939.904562  19042.688226   -149.065379
PE07  13261.895725 -11024.172281 -24054.194737   -700.761631
PE08  24645.233223   6588.123109 -15003.911132   -589.489838
PE09 -13231.921265  10869.409960  24145.705163   -639.611921
PE11 -13208.167898  21986.414977 -14794.235579   2444.682609
PE12 -16350.922366    923.370847 -24665.090299   -140.355630
PE13  13405.872321 -21412.618512  15426.819814    430.427234
PE15  16247.737867   -740.151748  24731.335368    723.861243
PE19 -20079.999783 -21126.958325  -5155.877008  -4678.545182
PE21   4502.838338 -18330.935672  22807.955286   -754.584268
PE24 -23813.247002  15234.850551  -8746.830519   -807.091611
PE25  -4836.096232  18368.247202 -22687.819077   -586.057282
PE26   2196.161396 -29289.992157  -3719.771200  -1550.360192
PE27  23101.687415 -15764.982723   9714.297496   -379.431123
PE30  27776.967163  -3180.194707  -9739.131828   -793.073399
PE31 -27928.800680   3924.905888   9000.839421   -502.520791
PE33  -9487.356083 -20252.434778 -19393.326285   -453.620141
PE36  -2732.161102  29335.817101   2834.608100   -423.623812
PG01  13482.198773 -19103.711994  11957.480499    293.435950
PG02 -15181.683443   8731.160860 -19402.564559   -647.756568
PG03  21636.205492 -12349.420549  -9172.370294   -341.357551
PG05 -25809.984021   5636.704866  -3565.029050    -94.649320
PG06  -8382.464256 -16650.260720 -18829.912574    442.361806
PG07   4935.827571 -25727.005851   2625.555900    311.551589
PG08  18215.815519  -1319.680838  19365.748831    -82.402159
PG09    702.616819 -18234.125967 -19361.938048   -302.658582
PG11 -14343.288894  -4898.104084 -21812.677097    -13.164032
PG12 -23121.583916  10293.236026  -8144.849793   -269.802402
PG13 -19871.986266  -8646.444158  15315.826882    377.111627
PG14  -5585.936794 -14488.848554  21560.524556   -106.934769
PG15 -18232.404802   3576.202644  18653.381867    -33.407893
PG16  25310.990365   1697.593675  -8893.513792   -522.356502
PG17 -11290.206705 -22246.681090   9461.413701    653.545354
PG18  -5191.335800  25801.858241   2985.582626     66.422271
PG19 -17415.894220 -20215.317385  -1102.190450    203.518657
PG20 -21456.501637  -2414.689143 -15308.259890    490.859775
PG21  15498.812377 -10347.991144  19259.583799    160.045853
PG22  18549.800894  18900.365277  -2613.629846    318.242432
PG23  -3870.439249  16055.162633  20762.458070    -38.334230
PG24 -14205.201670  16000.444302  15153.017069    153.447614
PG25 -12663.196537  16093.505481 -17051.924205    366.137162
PG26  20080.006013   6093.310917 -16553.606952    226.028969
PG27  21697.073883  10564.704924  11310.955701    216.401344
PG29  -2402.477841  17525.082896 -19832.977239   -546.949053
PG30  -2857.167228 -23325.246237  12222.710394   -536.477678
PG31  10170.926461  14768.808969 -19577.222600   -191.396612
PG32  14868.579521  21119.369624   6759.562178   -217.449654
PR01   4136.748791  12416.703468  21888.975863     13.902366
PR02  20695.904477  12033.138123   8937.946157    528.249370
PR03  23707.711354   4194.880092  -8474.523857     62.727662
PR04  13403.539322  -5546.441322 -20961.816450    155.628157
PR05  -4122.924251 -12385.836850 -21902.763920     98.734602
PR07 -23442.089692  -3706.757550   9316.848936     40.131970
PR08 -13246.827151   5833.426460  21048.011263    -66.923009
PR09  -9557.599847  -6570.143997  22745.896274     73.792634
PR12  -6722.594818  17012.352660 -17738.682136     20.574853
PR13   8078.820140   7589.776023 -22980.683926    -26.225198
PR14  19507.984775  -7604.165706 -14536.819731     24.386798
PR15  18619.501729 -17308.405363   2088.156757     93.994305
PR17  10971.955934   2294.638526  22913.082433    556.551054
PR18   6342.826146 -15074.436762  19571.322069     39.818624
PR19   -284.695952 -24495.995064   7130.689483   -201.714279
PR20  -8660.314084 -20107.361156 -13059.923939    -77.389440
PR21 -10689.306614   -720.920302 -23154.823285   -329.409816
PR24   9671.703844  19340.130072  13524.289532    111.570081
*  2022 08 29 08 11 40.00000000
PE02  15436.284299  10849.032681 -22804.308861    321.349246
PE03  21571.363144  20074.455403   2722.463062   -594.348918
PE04 -24727.452976  -6709.642614  14829.455695  -1103.799459
PE05   5653.595254  21927.599623  19061.200843   -149.065336
PE07  13280.611070 -11008.950335 -24050.831648   -700.761657
PE08  24657.222330   6597.213735 -14980.186578   -589.489901
PE09 -13250.769511  10854.211967  24142.219072   -639.612074
PE11 -13204.561000  21971.947331 -14818.949853   2444.681084
PE12 -16346.861355    898.940218 -24668.679021   -140.355831
PE13  13402.158650 -21397.492870  15451.007912    430.427236
PE15  16243.727921   -715.622773  24734.687012    723.861217
PE19 -20076.380968 -21123.186696  -5185.316819  -4678.544191
PE21   4524.124138 -18339.284380  22797.025987   -754.584291
PE24 -23821.195010  15238.611293  -8718.563194   -807.091818
PE25  -4857.305477  18376.572260 -22676.549412   -586.057288
PE26   2195.269650 -29293.898153  -3689.409688  -1550.360624
PE27  23110.493801 -15769.173729   9686.484856   -379.431205
PE30  27767.531887  -3177.505820  -9766.866169   -793.073691
PE31 -27920.059361   3922.504329   9029.007924   -502.520797
PE33  -9485.418376 -20271.843445 -19373.986075   -453.620126
PE36  -2730.923338  29338.881275   2803.958054   -423.623873
PG01  13479.867479 -19087.989366  11984.820367    293.435878
PG02 -15178.280260   8705.411112 -19416.186429   -647.756592
PG03  21647.853239 -12350.303436  -9143.152801   -341.357640
PG05 -25806.675865   5632.895102  -3596.288636    -94.649258
PG06  -8375.193260 -16673.144192 -18812.877229    442.361923
PG07   4939.969006 -25728.865895   2593.935596    311.551599
PG08  18232.893726  -1302.012192  19351.246293    -82.402169
PG09    721.280738 -18218.250771 -19376.281818   -302.658541
PG11 -14334.830473  -4924.463615 -21812.333985    -13.164058
PG12 -23131.851952  10292.780783  -8115.152644   -269.802440
PG13 -19882.553551  -8663.084783  15293.115837    377.111675
PG14  -5559.313659 -14495.290478  21562.969778   -106.934759
PG15 -18250.965240   3559.984012  18638.966655    -33.407879
PG16  25300.719553   1701.428576  -8922.421974   -522.356479
PG17 -11281.118294 -22239.498218   9490.491180    653.545461
PG18  -5194.819756  25804.812732   2953.784706     66.422137
PG19 -17414.950491 -20217.467317  -1070.284215    203.518717
PG20 -21439.697452  -2425.084402 -15330.362711    490.859760
PG21  15496.329517 -10324.638904  19275.314149    160.045826
PG22  18550.257034  18904.963835  -2582.182312    318.242473
PG23  -3895.936021  16062.011970  20752.276799    -38.334246
PG24 -14204.583614  15980.183605  15174.935022    153.447467
PG25 -12684.144484  16097.387177 -17032.080283    366.137188
PG26  20060.943595   6101.929348 -16573.320488    226.028982
PG27  21706.077855  10576.254398  11283.763463    216.401301
PG29  -2419.660458  17506.810424 -19847.133742   -546.949078
PG30  -2850.005115 -23339.357416  12196.974919   -536.477697
PG31  10162.648068  14792.154446 -19563.341825   -191.396619
PG32  14860.805398  21115.360852   6789.589481   -217.449776
PR01   4108.410698  12406.894398  21899.880344     13.902360
PR02  20685.043151  12027.360166   8970.884514    528.249481
PR03  23719.204141   4197.273508  -8441.325535     62.727700
PR04  13430.848818  -5537.389611 -20946.753078    155.628200
PR05  -4094.914609 -12374.977644 -21914.172599     98.734554
PR07 -23454.557686  -3709.596735   9284.118851     40.131978
PR08 -13274.074973   5824.424947  21033.270135    -66.922995
PR09  -9534.323498  -6590.701594  22749.648731     73.792658
PR12  -6740.409989  17028.974986 -17715.987182     20.574833
PR13   8055.197168   7610.521483 -22982.117750    -26.225184
PR14  19492.251034  -7591.840874 -14564.323045     24.386825
PR15  18620.666423 -17311.343475   2052.666794     93.994309
PR17  10977.825558   2325.486058  22907.114862    556.551123
PR18   6346.046645 -15047.758176  19590.846021     39.818639
PR19   -285.755417 -24485.936453   7165.079748   -201.714288
PR20  -8664.913475 -20124.807578 -13029.949204    -77.389521
PR21 -10694.953682   -752.148982 -23151.254308   -329.409856
PR24   9676.248904  19358.115186  13495.227138    111.569991
*  2022 08 29 08 11 50.00000000
PE02  15414.722366  10856.734057 -22815.211724    321.349271
PE03  21569.515711  20072.367546   2752.288244   -594.348954
PE04 -24739.198363  -6718.740802  14805.724967  -1103.799526
PE05   5638.953452  21915.293979  19079.684160   -149.065303
PE07  13299.335251 -10993.744624 -24047.431586   -700.761695
PE08  24669.199876   6606.280249 -14956.438987   -589.489964
PE09 -13269.626596  10839.030565  24138.695882   -639.612202
PE11 -13200.961969  21957.452378 -14843.641369   2444.679545
PE12 -16342.819569    874.502779 -24672.229857   -140.356047
PE13  13398.453588 -21382.340312  15475.172262    430.427235
PE15  16239.737430   -691.087244  24738.000641    723.861195
PE19 -20072.736457 -21119.399128  -5214.748660  -4678.543165
PE21   4545.393210 -18347.645705  22786.061669   -754.584315
PE24 -23829.113558  15242.368268  -8690.282455   -807.092018
PE25  -4878.497682  18384.909739 -22665.244855   -586.057306
PE26   2194.370024 -29297.773426  -3659.042508  -1550.361070
PE27  23119.270870 -15773.361723   9658.657335   -379.431295
PE30  27758.072657  -3174.799963  -9794.585505   -793.074000
PE31 -27911.293510   3920.086063   9057.162553   -502.520798
PE33  -9483.499431 -20291.234556 -19354.616092   -453.620132
PE36  -2729.678382  29341.914139   2773.303698   -423.623920
PG01  13477.536644 -19072.231482  12012.133855    293.435785
PG02 -15174.888839   8679.641608 -19429.764954   -647.756622
PG03  21659.465088 -12351.183539  -9113.915825   -341.357725
PG05 -25803.332695   5629.071630  -3627.540653    -94.649232
PG06  -8367.942137 -16696.011398 -18795.801569    442.362043
PG07   4944.099590 -25730.689444   2562.309624    311.551620
PG08  18249.968857  -1284.366392  19336.702861    -82.402151
PG09    739.966669 -18202.373947 -19390.584578   -302.658521
PG11 -14326.387637  -4950.827617 -21811.944478    -13.164083
PG12 -23142.083890  10292.324131  -8085.438279   -269.802446
PG13 -19893.113252  -8679.696133  15270.372171    377.111698
PG14  -5532.691076 -14501.748143  21565.369182   -106.934754
PG15 -18269.519166   3543.786562  18624.510732    -33.407813
PG16  25290.415879   1705.275895  -8951.311843   -522.356476
PG17 -11272.001718 -22232.293779   9519.548740    653.545548
PG18  -5198.291049  25807.730663   2921.980449     66.422007
PG19 -17413.982686 -20219.587077  -1038.375739    203.518790
PG20 -21422.873759  -2435.500260 -15352.432573    490.859771
PG21  15493.856886 -10301.267166  19291.004584    160.045825
PG22  18550.690484  18909.531809  -2550.729314    318.242484
PG23  -3921.416551  16068.872740  20742.051228    -38.334269
PG24 -14203.971266  15959.895169  15196.819409    153.447338
PG25 -12705.066794  16101.274059 -17012.200480    366.137218
PG26  20041.862550   6110.566100 -16592.999421    226.028982
PG27  21715.064491  10587.774109  11256.547463    216.401252
PG29  -2436.865875  17488.535165 -19861.248094   -546.949100
PG30  -2842.858966 -23353.441381  12171.213277   -536.477719
PG31  10154.387472  14815.488343 -19549.419373   -191.396631
PG32  14853.002186  21111.330438   6819.602560   -217.449904
PR01   4080.050628  12397.103465  21910.732202     13.902367
PR02  20674.134981  12021.575750   9003.801438    528.249603
PR03  23730.656153   4199.642363  -8408.106973     62.727673
PR04  13458.146325  -5528.367343 -20931.639304    155.628241
PR05  -4066.881476 -12364.136137 -21925.528588     98.734516
PR07 -23466.985867  -3712.410817   9251.366434     40.132015
PR08 -13301.311225   5815.452337  21018.478710    -66.923023
PR09  -9511.059389  -6611.280856  22753.346711     73.792683
PR12  -6758.188269  17045.591300 -17693.249542     20.574873
PR13   8031.589425   7631.287173 -22983.496426    -26.225224
PR14  19476.498747  -7579.478846 -14591.791298     24.386807
PR15  18621.792028 -17314.250878   2017.171898     93.994308
PR17  10983.719643   2356.320666  22901.092283    556.551154
PR18   6349.294202 -15021.056164  19610.322906     39.818691
PR19   -286.799644 -24475.830562   7199.452814   -201.714210
PR20  -8669.522039 -20142.209568 -12999.943112    -77.389675
PR21 -10700.626313   -783.368004 -23147.629771   -329.409923
PR24   9680.802060  19376.057452  13466.132316    111.569998
*  2022 08 29 08 12 00.00000000
PE02  15393.156193  10864.455963 -22826.079508    321.349301
PE03  21567.643513  20070.262203   2782.109186   -594.348994
PE04 -24750.932147  -6727.815120  14781.971491  -1103.799609
PE05   5624.288033  21902.987680  19098.138148   -149.065263
PE07  13318.068227 -10978.555176 -24043.994554   -700.761723
PE08  24681.165812   6615.322656 -14932.668401   -589.490032
PE09 -13288.492476  10823.865781  24135.135600   -639.612337
PE11 -13197.370848  21942.930146 -14868.310086   2444.678012
PE12 -16338.797024    850.058585 -24675.742797   -140.356248
PE13  13394.757180 -21367.160867  15499.312823    430.427230
PE15  16235.766407   -666.545217  24741.276251    723.861170
PE19 -20069.066234 -21115.595663  -5244.172474  -4678.542128
PE21   4566.645511 -18356.019614  22775.062352   -754.584337
PE24 -23837.002642  15246.121427  -8661.988349   -807.092223
PE25  -4899.672800  18393.259605 -22653.905424   -586.057317
PE26   2193.462563 -29301.617957  -3628.669711  -1550.361513
PE27  23128.018617 -15777.546659   9630.814985   -379.431384
PE30  27748.589510  -3172.077102  -9822.289790   -793.074306
PE31 -27902.503162   3917.651060   9085.303257   -502.520808
PE33  -9481.599223 -20310.608062 -19335.216364   -453.620123
PE36  -2728.426282  29344.915677   2742.645084   -423.623974
PG01  13475.206324 -19056.438378  12039.420891    293.435715
PG02 -15171.509210   8653.852416 -19443.300116   -647.756643
PG03  21671.041026 -12352.060804  -9084.659439   -341.357807
PG05 -25799.954539   5625.234405  -3658.785030    -94.649238
PG06  -8360.710871 -16718.862272 -18778.685640    442.362172
PG07   4948.219370 -25732.476488   2530.678056    311.551637
PG08  18267.040848  -1266.743463  19322.118575    -82.402201
PG09    758.674575 -18186.495557 -19404.846295   -302.658480
PG11 -14317.960408  -4977.196020 -21811.508583    -13.164112
PG12 -23152.279718  10291.866019  -8055.706766   -269.802459
PG13 -19903.665310  -8696.278193  15247.595944    377.111767
PG14  -5506.069108 -14508.221535  21567.722765   -106.934733
PG15 -18288.066521   3527.610311  18610.014135    -33.407774
PG16  25280.079380   1709.135671  -8980.183330   -522.356466
PG17 -11262.856968 -22225.067834   9548.586323    653.545596
PG18  -5201.749726  25810.612014   2890.169931     66.421878
PG19 -17412.990750 -20221.676686  -1006.465093    203.518829
PG20 -21406.030621  -2445.936726 -15374.469425    490.859757
PG21  15491.394517 -10277.875992  19306.655081    160.045854
PG22  18551.101203  18914.069229  -2519.270931    318.242529
PG23  -3946.880781  16075.744909  20731.781384    -38.334291
PG24 -14203.364670  15939.579042  15218.670176    153.447185
PG25 -12725.963426  16105.166081 -16992.284848    366.137245
PG26  20022.762939   6119.221185 -16612.643697    226.029000
PG27  21724.033731  10599.264060  11229.307771    216.401212
PG29  -2454.094067  17470.257183 -19875.320262   -546.949116
PG30  -2835.728749 -23367.498087  12145.425534   -536.477727
PG31  10146.144671  14838.810590 -19535.455273   -191.396627
PG32  14845.169894  21107.278423   6849.601326   -217.450022
PR01   4051.668664  12387.330727  21921.531390     13.902393
PR02  20663.179928  12015.784951   9036.696799    528.249471
PR03  23742.067328   4201.986710  -8374.868263     62.727665
PR04  13485.431743  -5519.374518 -20916.475173    155.628297
PR05  -4038.824942 -12353.312384 -21936.831870     98.734502
PR07 -23479.374165  -3715.199849   9218.591782     40.132079
PR08 -13328.535790   5806.508636  21003.637035    -66.922968
PR09  -9487.807597  -6631.881731  22756.990196     73.792686
PR12  -6775.929627  17062.201514 -17670.469275     20.574895
PR13   8007.996990   7652.073014 -22984.819968    -26.225197
PR14  19460.728004  -7567.079622 -14619.224403     24.386814
PR15  18622.878577 -17317.127507   1981.672176     93.994258
PR17  10989.638134   2387.142260  22895.014758    556.551202
PR18   6352.568833 -14994.330831  19629.752690     39.818713
PR19   -287.828564 -24465.677442   7233.808582   -201.714302
PR20  -8674.139709 -20159.567046 -12969.905739    -77.389671
PR21 -10706.324480   -814.577256 -23143.949684   -329.409916
PR24   9685.363231  19393.956843  13437.005154    111.570021
*  2022 08 29 08 12 10.00000000
PE02  15371.585810  10872.198407 -22836.912204    321.349324
PE03  21565.746524  20068.139405   2811.925854   -594.349034
PE04 -24762.654285  -6736.865575  14758.195299  -1103.799691
PE05   5609.599013  21890.680767  19116.562778   -149.065231
PE07  13336.809954 -10963.382017 -24040.520560   -700.761752
PE08  24693.120094   6624.340970 -14908.874845   -589.490099
PE09 -13307.367110  10808.717643  24131.538227   -639.612475
PE11 -13193.787679  21928.380656 -14892.955975   2444.676479
PE12 -16334.793732    825.607681 -24679.217843   -140.356436
PE13  13391.069464 -21351.954563  15523.429562    430.427228
PE15  16231.814867   -641.996741  24744.513836    723.861142
PE19 -20065.370271 -21111.776340  -5273.588235  -4678.541100
PE21   4587.881009 -18364.406077  22764.028048   -754.584362
PE24 -23844.862263  15249.870724  -8633.680913   -807.092429
PE25  -4920.830805  18401.621825 -22642.531135   -586.057327
PE26   2192.547316 -29305.431734  -3598.291336  -1550.361951
PE27  23136.737040 -15781.728488   9602.957833   -379.431476
PE30  27739.082477  -3169.337209  -9849.978989   -793.074605
PE31 -27893.688346   3915.199280   9113.430009   -502.520812
PE33  -9479.717732 -20329.963921 -19315.786923   -453.620121
PE36  -2727.167082  29347.885880   2711.982246   -423.624027
PG01  13472.876572 -19040.610062  12066.681437    293.435631
PG02 -15168.141411   8628.043580 -19456.791854   -647.756619
PG03  21682.581036 -12352.935175  -9055.383681   -341.357892
PG05 -25796.541420   5621.383382  -3690.021712    -94.649227
PG06  -8353.499456 -16741.696749 -18761.529463    442.362303
PG07   4952.328389 -25734.226983   2499.040954    311.551646
PG08  18284.109648  -1249.143427  19307.493452    -82.402223
PG09    777.404446 -18170.615648 -19419.066944   -302.658446
PG11 -14309.548802  -5003.568771 -21811.026291    -13.164145
PG12 -23162.439412  10291.406391  -8025.958157   -269.802505
PG13 -19914.209671  -8712.830948  15224.787183    377.111872
PG14  -5479.447825 -14514.710647  21570.030514   -106.934728
PG15 -18306.607243   3511.455280  18595.476891    -33.407735
PG16  25269.710085   1713.007949  -9009.036397   -522.356490
PG17 -11253.684014 -22217.820426   9577.603864    653.545659
PG18  -5205.195835  25813.456757   2858.353204     66.421740
PG19 -17411.974659 -20223.736194   -974.552336    203.518860
PG20 -21389.168084  -2456.393817 -15396.473229    490.859714
PG21  15488.942450 -10254.465414  19322.265602    160.045881
PG22  18551.489144  18918.576119  -2487.807207    318.242609
PG23  -3972.328658  16082.628440  20721.467276    -38.334320
PG24 -14202.763863  15919.235255  15240.487287    153.447057
PG25 -12746.834338  16109.063202 -16972.333405    366.137276
PG26  20003.644805   6127.894620 -16632.253297    226.028997
PG27  21732.985525  10610.724270  11202.044421    216.401169
PG29  -2471.345013  17451.976536 -19889.350223   -546.949135
PG30  -2828.614440 -23381.527484  12119.611727   -536.477747
PG31  10137.919657  14862.121135 -19521.449554   -191.396614
PG32  14837.308449  21103.204873   6879.585768   -217.450146
PR01   4023.264878  12377.576220  21932.277927     13.902433
PR02  20652.178102  12009.987851   9069.570620    528.249388
PR03  23753.437618   4204.306608  -8341.609459     62.727640
PR04  13512.704989  -5510.411133 -20901.260703    155.628309
PR05  -4010.745064 -12342.506442 -21948.082400     98.734492
PR07 -23491.722540  -3717.963883   9185.794935     40.132047
PR08 -13355.748623   5797.593831  20988.745125    -66.922944
PR09  -9464.568194  -6652.504150  22760.579194     73.792734
PR12  -6793.634050  17078.805551 -17647.646427     20.574879
PR13   7984.419924   7672.878980 -22986.088338    -26.225208
PR14  19444.938873  -7554.643194 -14646.622337     24.386832
PR15  18623.926130 -17319.973310   1946.167674     93.994277
PR17  10995.581048   2417.950739  22888.882201    556.551202
PR18   6355.870587 -14967.582236  19649.135301     39.818725
PR19   -288.842103 -24455.477116   7268.147000   -201.714313
PR20  -8678.766397 -20176.880034 -12939.837153    -77.389654
PR21 -10712.048164   -845.776674 -23140.214051   -329.409958
PR24   9689.932368  19411.813276  13407.845684    111.570133
*  2022 08 29 08 12 20.00000000
PE02  15350.011281  10879.961382 -22847.709791    321.349349
PE03  21563.824721  20065.999195   2841.738195   -594.349074
PE04 -24774.364727  -6745.892174  14734.396430  -1103.799772
PE05   5594.886406  21878.373290  19134.958021   -149.065191
PE07  13355.560391 -10948.225175 -24037.009609   -700.761784
PE08  24705.062673   6633.335194 -14885.058362   -589.490164
PE09 -13326.250455  10793.586179  24127.903771   -639.612607
PE11 -13190.212507  21913.803938 -14917.578993   2444.674951
PE12 -16330.809706    801.150122 -24682.654985   -140.356627
PE13  13387.390487 -21336.721427  15547.522442    430.427233
PE15  16227.882823   -617.441870  24747.713391    723.861124
PE19 -20061.648554 -21107.941201  -5302.995889  -4678.540091
PE21   4609.099659 -18372.805058  22752.958777   -754.584383
PE24 -23852.692418  15253.616113  -8605.360194   -807.092636
PE25  -4941.971651  18409.996365 -22631.122007   -586.057339
PE26   2191.624327 -29309.214741  -3567.907433  -1550.362391
PE27  23145.426134 -15785.907164   9575.085929   -379.431559
PE30  27729.551592  -3166.580252  -9877.653055   -793.074919
PE31 -27884.849098   3912.730694   9141.542758   -502.520827
PE33  -9477.854931 -20349.302083 -19296.327799   -453.620120
PE36  -2725.900832  29350.824733   2681.315239   -423.624078
PG01  13470.547442 -19024.746569  12093.915423    293.435557
PG02 -15164.785472   8602.215168 -19470.240149   -647.756621
PG03  21694.085103 -12353.806597  -9026.088624   -341.357969
PG05 -25793.093365   5617.518518  -3721.250628    -94.649185
PG06  -8346.307875 -16764.514764 -18744.333083    442.362439
PG07   4956.426693 -25735.940917   2467.398391    311.551615
PG08  18301.175195  -1231.566306  19292.827531    -82.402231
PG09    796.156246 -18154.734283 -19433.246492   -302.658398
PG11 -14301.152840  -5029.945799 -21810.497608    -13.164177
PG12 -23172.562961  10290.945195  -7996.192519   -269.802581
PG13 -19924.746273  -8729.354385  15201.945948    377.111972
PG14  -5452.827290 -14521.215463  21572.292427   -106.934718
PG15 -18325.141274   3495.321485  18580.899038    -33.407697
PG16  25259.308034   1716.892769  -9037.870974   -522.356503
PG17 -11244.482847 -22210.551616   9606.601307    653.545696
PG18  -5208.629424  25816.264872   2826.530344     66.421611
PG19 -17410.934362 -20225.765623   -942.637540    203.518894
PG20 -21372.286212  -2466.871541 -15418.443932    490.859669
PG21  15486.500718 -10231.035496  19337.836124    160.045878
PG22  18551.854267  18923.052510  -2456.338221    318.242666
PG23  -3997.760120  16089.523298  20711.108932    -38.334334
PG24 -14202.168890  15898.863856  15262.270687    153.446933
PG25 -12767.679489  16112.965375 -16952.346202    366.137323
PG26  19984.508210   6136.586417 -16651.828167    226.029018
PG27  21741.919816  10622.154742  11174.757485    216.401141
PG29  -2488.618688  17433.693289 -19903.337944   -546.949158
PG30  -2821.516010 -23395.529526  12093.771919   -536.477748
PG31  10129.712426  14885.419906 -19507.402241   -191.396638
PG32  14829.417860  21099.109830   6909.555798   -217.450253
PR01   3994.839353  12367.840000  21942.971766     13.902387
PR02  20641.129465  12004.184529   9102.422771    528.249482
PR03  23764.766964   4206.602110  -8308.330656     62.727612
PR04  13539.965963  -5501.477190 -20885.995940    155.628295
PR05  -3982.641931 -12331.718363 -21959.280159     98.734495
PR07 -23504.030920  -3720.702973   9152.975991     40.132046
PR08 -13382.949607   5788.707927  20973.803023    -66.922876
PR09  -9441.341257  -6673.148063  22764.113689     73.792785
PR12  -6811.301509  17095.403320 -17624.781058     20.574905
PR13   7960.858307   7693.704992 -22987.301551    -26.225225
PR14  19429.131447  -7542.169560 -14673.985012     24.386803
PR15  18624.934721 -17322.788217   1910.658496     93.994322
PR17  11001.548330   2448.746013  22882.694678    556.551261
PR18   6359.199481 -14940.810483  19668.470706     39.818730
PR19   -289.840191 -24445.229634   7302.467971   -201.714332
PR20  -8683.402036 -20194.148453 -12909.737428    -77.389690
PR21 -10717.797336   -876.966146 -23136.422885   -329.409989
PR24   9694.509389  19429.626725  13378.653994    111.570075
*  2022 08 29 08 12 30.00000000
PE02  15328.432655  10887.744887 -22858.472253    321.349371
PE03  21561.878079  20063.841610   2871.546165   -594.349112
PE04 -24786.063428  -6754.894927  14710.574920  -1103.799846
PE05   5580.150225  21866.065296  19153.323851   -149.065151
PE07  13374.319493 -10933.084680 -24033.461704   -700.761817
PE08  24716.993502   6642.305339 -14861.218988   -589.490223
PE09 -13345.142466  10778.471416  24124.232238   -639.612739
PE11 -13186.645374  21899.200017 -14942.179102   2444.673413
PE12 -16326.844961    776.685963 -24686.054219   -140.356819
PE13  13383.720290 -21321.461487  15571.591424    430.427238
PE15  16223.970287   -592.880658  24750.874913    723.861097
PE19 -20057.901063 -21104.090288  -5332.395390  -4678.539076
PE21   4630.301423 -18381.216526  22741.854556   -754.584403
PE24 -23860.493105  15257.357547  -8577.026235   -807.092848
PE25  -4963.095300  18418.383192 -22619.678057   -586.057350
PE26   2190.693643 -29312.966963  -3537.518049  -1550.362827
PE27  23154.085894 -15790.082640   9547.199317   -379.431643
PE30  27719.996892  -3163.806196  -9905.311947   -793.075227
PE31 -27875.985451   3910.245269   9169.641461   -502.520836
PE33  -9476.010798 -20368.622503 -19276.839020   -453.620115
PE36  -2724.627576  29353.732222   2650.644109   -423.624137
PG01  13468.218991 -19008.847927  12121.122786    293.435489
PG02 -15161.441425   8576.367242 -19483.644970   -647.756552
PG03  21705.553212 -12354.675018  -8996.774332   -341.358040
PG05 -25789.610403   5613.639766  -3752.471713    -94.649200
PG06  -8339.136118 -16787.316250 -18727.096536    442.362572
PG07   4960.514328 -25737.618268   2435.750434    311.551591
PG08  18318.237429  -1214.012125  19278.120845    -82.402145
PG09    814.929947 -18138.851520 -19447.384911   -302.658354
PG11 -14292.772543  -5056.327039 -21809.922535    -13.164194
PG12 -23182.650350  10290.482380  -7966.409916   -269.802725
PG13 -19935.275059  -8745.848487  15179.072290    377.112089
PG14  -5426.207568 -14527.735974  21574.508500   -106.934700
PG15 -18343.668554   3479.208943  18566.280609    -33.407657
PG16  25248.873259   1720.790174  -9066.687003   -522.356515
PG17 -11235.253452 -22203.261459   9635.578591    653.545692
PG18  -5212.050541  25819.036336   2794.701420     66.421487
PG19 -17409.869813 -20227.765002   -910.720770    203.518940
PG20 -21355.385064  -2477.369910 -15440.381489    490.859635
PG21  15484.069355 -10207.586291  19353.366618    160.045831
PG22  18552.196528  18927.498430  -2424.864039    318.242724
PG23  -4023.175112  16096.429449  20700.706374    -38.334343
PG24 -14201.579790  15878.464888  15284.020329    153.446825
PG25 -12788.498838  16116.872554 -16932.323279    366.137367
PG26  19965.353210   6145.296589 -16671.368268    226.029037
PG27  21750.836548  10633.555485  11147.447020    216.401121
PG29  -2505.915069  17415.407504 -19917.283397   -546.949208
PG30  -2814.433429 -23409.504167  12067.906164   -536.477757
PG31  10121.522974  14908.706840 -19493.313365   -191.396686
PG32  14821.498108  21094.993344   6939.511353   -217.450365
PR01   3966.392169  12358.122117  21953.612879     13.902408
PR02  20630.034029  11998.375062   9135.253174    528.249660
PR03  23776.055308   4208.873273  -8275.031931     62.727617
PR04  13567.214572  -5492.572685 -20870.680921    155.628303
PR05  -3954.515622 -12320.948201 -21970.425121     98.734462
PR07 -23516.299248  -3723.417171   9120.135030     40.132052
PR08 -13410.138649   5779.850922  20958.810767    -66.922948
PR09  -9418.126858  -6693.813413  22767.593670     73.792822
PR12  -6828.931980  17111.994738 -17601.873222     20.574876
PR13   7937.312212   7714.550989 -22988.459604    -26.225206
PR14  19413.305809  -7529.658718 -14701.312363     24.386796
PR15  18625.904394 -17325.572168   1875.144727     93.994332
PR17  11007.539952   2479.527989  22876.452203    556.551291
PR18   6362.555544 -14914.015663  19687.758858     39.818729
PR19   -290.822759 -24434.935038   7336.771413   -201.714361
PR20  -8688.046553 -20211.372256 -12879.606636    -77.389783
PR21 -10723.571971   -908.145577 -23132.576194   -329.410008
PR24   9699.094221  19447.397145  13349.430156    111.570114
*  2022 08 29 08 12 40.00000000
PE02  15306.849986  10895.548920 -22869.199573    321.349391
PE03  21559.906577  20061.666689   2901.349717   -594.349147
PE04 -24797.750341  -6763.873841  14686.730805  -1103.799933
PE05   5565.390485  21853.756832  19171.660238   -149.065115
PE07  13393.087220 -10917.960559 -24029.876853   -700.761854
PE08  24728.912534   6651.251411 -14837.356760   -589.490297
PE09 -13364.043100  10763.373383  24120.523633   -639.612874
PE11 -13183.086324  21884.568919 -14966.756265   2444.671885
PE12 -16322.899511    752.215256 -24689.415540   -140.357010
PE13  13380.058916 -21306.174772  15595.636472    430.427242
PE15  16220.077274   -568.313159  24753.998395    723.861072
PE19 -20054.127779 -21100.223643  -5361.786694  -4678.538031
PE21   4651.486261 -18389.640446  22730.715401   -754.584428
PE24 -23868.264320  15261.094978  -8548.679080   -807.093054
PE25  -4984.201712  18426.782273 -22608.199302   -586.057362
PE26   2189.755308 -29316.688385  -3507.123230  -1550.363267
PE27  23162.716316 -15794.254868   9519.298038   -379.431734
PE30  27710.418410  -3161.015011  -9932.955621   -793.075532
PE31 -27867.097439   3907.742970   9197.726075   -502.520842
PE33  -9474.185309 -20387.925132 -19257.320617   -453.620115
PE36  -2723.347364  29356.608334   2619.968905   -423.624191
PG01  13465.891272 -18992.914161  12148.303468    293.435425
PG02 -15158.109304   8550.499860 -19497.006285   -647.756489
PG03  21716.985349 -12355.540382  -8967.440866   -341.358112
PG05 -25786.092559   5609.747083  -3783.684902    -94.649244
PG06  -8331.984170 -16810.101141 -18709.819859    442.362708
PG07   4964.591342 -25739.259016   2404.097154    311.551570
PG08  18335.296291  -1196.480906  19263.373425    -82.402187
PG09    833.725522 -18122.967416 -19461.482169   -302.658308
PG11 -14284.407930  -5082.712426 -21809.301073    -13.164205
PG12 -23192.701562  10290.017891  -7936.610409   -269.802863
PG13 -19945.795970  -8762.313240  15156.166258    377.112240
PG14  -5399.588724 -14534.272167  21576.678727   -106.934678
PG15 -18362.189023   3463.117671  18551.621638    -33.407600
PG16  25238.405796   1724.700206  -9095.484426   -522.356524
PG17 -11225.995814 -22195.950011   9664.535657    653.545683
PG18  -5215.459234  25821.771126   2762.866500     66.421366
PG19 -17408.780969 -20229.734363   -878.802093    203.518999
PG20 -21338.464697  -2487.888935 -15462.285852    490.859596
PG21  15481.648397 -10184.117854  19368.857055    160.045778
PG22  18552.515885  18931.913909  -2393.384728    318.242837
PG23  -4048.573575  16103.346857  20690.259623    -38.334351
PG24 -14200.996606  15858.038394  15305.736163    153.446706
PG25 -12809.292343  16120.784695 -16912.264678    366.137423
PG26  19946.179862   6154.025148 -16690.873557    226.029058
PG27  21759.735666  10644.926508  11120.113086    216.401093
PG29  -2523.234132  17397.119245 -19931.186551   -546.949260
PG30  -2807.366669 -23423.451360  12042.014518   -536.477756
PG31  10113.351294  14931.981871 -19479.182951   -191.396713
PG32  14813.549175  21090.855463   6969.452370   -217.450467
PR01   3937.923406  12348.422623  21964.201242     13.902436
PR02  20618.891806  11992.559531   9168.061751    528.249654
PR03  23787.302595   4211.120152  -8241.713367     62.727632
PR04  13594.450721  -5483.697619 -20855.315683    155.628271
PR05  -3926.366215 -12310.196011 -21981.517259     98.734469
PR07 -23528.527462  -3726.106532   9087.272129     40.132064
PR08 -13437.315657   5771.022817  20943.768390    -66.922924
PR09  -9394.925073  -6714.500144  22771.019129     73.792891
PR12  -6846.525439  17128.579720 -17578.922976     20.574895
PR13   7913.781713   7735.416910 -22989.562494    -26.225180
PR14  19397.462044  -7517.110663 -14728.604323     24.386736
PR15  18626.835191 -17328.325099   1839.626453     93.994287
PR17  11013.555881   2510.296574  22870.154792    556.551318
PR18   6365.938803 -14887.197865  19706.999712     39.818744
PR19   -291.789735 -24424.593370   7371.057243   -201.714306
PR20  -8692.699874 -20228.551400 -12849.444850    -77.389731
PR21 -10729.372045   -939.314871 -23128.673990   -329.410042
PR24   9703.686794  19465.124492  13320.174238    111.570009
*  2022 08 29 08 12 50.00000000
PE02  15285.263324  10903.373479 -22879.891735    321.349416
PE03  21557.910191  20059.474470   2931.148805   -594.349184
PE04 -24809.425420  -6772.828925  14662.864123  -1103.800015
PE05   5550.607199  21841.447943  19189.967155   -149.065079
PE07  13411.863526 -10902.852839 -24026.255060   -700.761883
PE08  24740.819723   6660.173418 -14813.471714   -589.490360
PE09 -13382.952314  10748.292108  24116.777962   -639.613004
PE11 -13179.535401  21869.910673 -14991.310444   2444.670366
PE12 -16318.973367    727.738053 -24692.738941   -140.357203
PE13  13376.406409 -21290.861310  15619.657549    430.427239
PE15  16216.203795   -543.739424  24757.083834    723.861048
PE19 -20050.328683 -21096.341306  -5391.169755  -4678.537038
PE21   4672.654133 -18398.076785  22719.541329   -754.584451
PE24 -23876.006062  15264.828361  -8520.318771   -807.093260
PE25  -5005.290848  18435.193574 -22596.685761   -586.057371
PE26   2188.809370 -29320.378991  -3476.723024  -1550.363708
PE27  23171.317397 -15798.423802   9491.382137   -379.431820
PE30  27700.816181  -3158.206664  -9960.584034   -793.075841
PE31 -27858.185094   3905.223766   9225.796556   -502.520843
PE33  -9472.378437 -20407.209925 -19237.772620   -453.620110
PE36  -2722.060241  29359.453057   2589.289672   -423.624248
PG01  13463.564340 -18976.945300  12175.457407    293.435360
PG02 -15154.789139   8524.613083 -19510.324061   -647.756450
PG03  21728.381499 -12356.402636  -8938.088288   -341.358178
PG05 -25782.539862   5605.840425  -3814.890127    -94.649359
PG06  -8324.852020 -16832.869373 -18692.503089    442.362846
PG07   4968.657779 -25740.863137   2372.438619    311.551538
PG08  18352.351721  -1178.972671  19248.585304    -82.402217
PG09    852.542942 -18107.082028 -19475.538239   -302.658252
PG11 -14276.059020  -5109.101895 -21808.633223    -13.164224
PG12 -23202.716582  10289.551677  -7906.794061   -269.802959
PG13 -19956.308946  -8778.748632  15133.227901    377.112355
PG14  -5372.970823 -14540.824029  21578.803103   -106.934650
PG15 -18380.702623   3447.047685  18536.922160    -33.407568
PG16  25227.905682   1728.622906  -9124.263183   -522.356519
PG17 -11216.709917 -22188.617327   9693.472445    653.545670
PG18  -5218.855550  25824.469219   2731.025652     66.421253
PG19 -17407.667788 -20231.673736   -846.881576    203.519082
PG20 -21321.525170  -2498.428627 -15484.156976    490.859606
PG21  15479.237878 -10160.630236  19384.307408    160.045750
PG22  18552.812295  18936.298973  -2361.900356    318.242908
PG23  -4073.955453  16110.275485  20679.768702    -38.334349
PG24 -14200.419378  15837.584417  15327.418143    153.446583
PG25 -12830.059963  16124.701751 -16892.170439    366.137467
PG26  19926.988222   6162.772109 -16710.343994    226.029086
PG27  21768.617113  10656.267818  11092.755739    216.401065
PG29  -2540.575853  17378.828573 -19945.047379   -546.949301
PG30  -2800.315700 -23437.371058  12016.097036   -536.477750
PG31  10105.197382  14955.244935 -19465.011030   -191.396737
PG32  14805.571041  21086.696237   6999.378787   -217.450569
PR01   3909.433145  12338.741564  21974.736828     13.902393
PR02  20607.702808  11986.738015   9200.848423    528.249721
PR03  23798.508769   4213.342802  -8208.375041     62.727568
PR04  13621.674317  -5474.851989 -20839.900263    155.628246
PR05  -3898.193790 -12299.461846 -21992.556546     98.734441
PR07 -23540.715503  -3728.771107   9054.387369     40.132138
PR08 -13464.480536   5762.223610  20928.675930    -66.922896
PR09  -9371.735976  -6735.208198  22774.390058     73.792940
PR12  -6864.081862  17145.158179 -17555.930374     20.574922
PR13   7890.266881   7756.302691 -22990.610219    -26.225187
PR14  19381.600235  -7504.525393 -14755.860828     24.386771
PR15  18627.727157 -17331.046949   1804.103759     93.994280
PR17  11019.596087   2541.051676  22863.802458    556.551327
PR18   6369.349284 -14860.357180  19726.193221     39.818732
PR19   -292.741049 -24414.204672   7405.325378   -201.714284
PR20  -8697.361925 -20245.685839 -12819.252142    -77.389787
PR21 -10735.197531   -970.473935 -23124.716280   -329.410073
PR24   9708.287036  19482.808720  13290.886311    111.570040
*  2022 08 29 08 13 00.00000000
PE02  15263.672731  10911.218558 -22890.548717    321.349436
PE03  21555.888897  20057.264995   2960.943379   -594.349225
PE04 -24821.088617  -6781.760188  14638.974911  -1103.800093
PE05   5535.800381  21829.138679  19208.244573   -149.065049
PE07  13430.648370 -10887.761550 -24022.596330   -700.761918
PE08  24752.715018   6669.071366 -14789.563893   -589.490417
PE09 -13401.870063  10733.227617  24112.995232   -639.613137
PE11 -13175.992648  21855.225308 -15015.841594   2444.668834
PE12 -16315.066545    703.254412 -24696.024412   -140.357411
PE13  13372.762813 -21275.521130  15643.654614    430.427241
PE15  16212.349864   -519.159512  24760.131225    723.861019
PE19 -20046.503757 -21092.443320  -5420.544519  -4678.535972
PE21   4693.804999 -18406.525510  22708.332362   -754.584474
PE24 -23883.718327  15268.557647  -8491.945359   -807.093471
PE25  -5026.362663  18443.617060 -22585.137452   -586.057384
PE26   2187.855870 -29324.038766  -3446.317482  -1550.364150
PE27  23179.889131 -15802.589396   9463.451665   -379.431912
PE30  27691.190241  -3155.381124  -9988.197140   -793.076144
PE31 -27849.248453   3902.687624   9253.852853   -502.520853
PE33  -9470.590159 -20426.476835 -19218.195059   -453.620117
PE36  -2720.766257  29362.266376   2558.606465   -423.624304
PG01  13461.238251 -18960.941378  12202.584530    293.435290
PG02 -15151.480962   8498.706981 -19523.598278   -647.756411
PG03  21739.741649 -12357.261726  -8908.716674   -341.358262
PG05 -25778.952339   5601.919746  -3846.087321    -94.649459
PG06  -8317.739651 -16855.620880 -18675.146271    442.362979
PG07   4972.713687 -25742.430621   2340.774901    311.551492
PG08  18369.403655  -1161.487446  19233.756525    -82.402216
PG09    871.382170 -18091.195418 -19489.553090   -302.658208
PG11 -14267.725834  -5135.495376 -21807.918991    -13.164238
PG12 -23212.695401  10289.083685  -7876.960942   -269.803036
PG13 -19966.813929  -8795.154645  15110.257282    377.112449
PG14  -5346.353928 -14547.391549  21580.881626   -106.934623
PG15 -18399.209294   3430.999001  18522.182212    -33.407534
PG16  25217.372953   1732.558314  -9153.023206   -522.356482
PG17 -11207.395754 -22181.263471   9722.388902    653.545691
PG18  -5222.239538  25827.130594   2699.178955     66.421136
PG19 -17406.530217 -20233.583143   -814.959288    203.519152
PG20 -21304.566546  -2508.988995 -15505.994807    490.859603
PG21  15476.837834 -10137.123500  19399.717653    160.045719
PG22  18553.085717  18940.653655  -2330.410999    318.242963
PG23  -4099.320687  16117.215300  20669.233640    -38.334358
PG24 -14199.848151  15817.103005  15349.066214    153.446462
PG25 -12850.801656  16128.623675 -16872.040615    366.137512
PG26  19907.778354   6171.537480 -16729.779527    226.029104
PG27  21777.480831  10667.579421  11065.375053    216.401046
PG29  -2557.940206  17360.535555 -19958.865847   -546.949337
PG30  -2793.280492 -23451.263213  11990.153781   -536.477751
PG31  10097.061232  14978.495961 -19450.797631   -191.396761
PG32  14797.563715  21082.515708   7029.290517   -217.450677
PR01   3880.921470  12329.079000  21985.219592     13.902394
PR02  20596.466997  11980.910592   9233.613061    528.249819
PR03  23809.673770   4215.541277  -8175.017047     62.727486
PR04  13648.885261  -5466.035797 -20824.434708    155.628262
PR05  -3869.998434 -12288.745757 -22003.542965     98.734392
PR07 -23552.863303  -3731.410950   9021.480846     40.132110
PR08 -13491.633174   5753.453306  20913.533429    -66.922812
PR09  -9348.559638  -6755.937525  22777.706437     73.792948
PR12  -6881.601222  17161.730029 -17532.895476     20.574923
PR13   7866.767796   7777.208257 -22991.602793    -26.225142
PR14  19365.720471  -7491.902905 -14783.081791     24.386725
PR15  18628.580327 -17333.737649   1768.576749     93.994260
PR17  11025.660516   2571.793205  22857.395266    556.551371
PR18   6372.787005 -14833.493714  19745.339352     39.818718
PR19   -293.676631 -24403.768996   7439.575719   -201.714284
PR20  -8702.032638 -20262.775492 -12789.028585    -77.389757
PR21 -10741.048399  -1001.622655 -23120.703079   -329.410171
PR24   9712.894865  19500.449804  13261.566465    111.570122
*  2022 08 29 08 13 10.00000000
PE02  15242.078239  10919.084161 -22901.170513    321.349463
PE03  21553.842673  20055.038297   2990.733403   -594.349265
PE04 -24832.739887  -6790.667635  14615.063204  -1103.800176
PE05   5520.970047  21816.829083  19226.492465   -149.065011
PE07  13449.441709 -10872.686715 -24018.900669   -700.761952
PE08  24764.598377   6677.945270 -14765.633322   -589.490479
PE09 -13420.796307  10718.179940  24109.175446   -639.613268
PE11 -13172.458108  21840.512841 -15040.349692   2444.667303
PE12 -16311.179057    678.764376 -24699.271960   -140.357610
PE13  13369.128166 -21260.154259  15667.627638    430.427247
PE15  16208.515493   -494.573468  24763.140562    723.861002
PE19 -20042.652979 -21088.529727  -5449.910958  -4678.534929
PE21   4714.938822 -18414.986588  22697.088509   -754.584495
PE24 -23891.401118  15272.282792  -8463.558876   -807.093682
PE25  -5047.417129  18452.052700 -22573.554392   -586.057401
PE26   2186.894861 -29327.667699  -3415.906641  -1550.364588
PE27  23188.431517 -15806.751601   9435.506646   -379.432003
PE30  27681.540623  -3152.538358 -10015.794907   -793.076449
PE31 -27840.287546   3900.134510   9281.894940   -502.520867
PE33  -9468.820453 -20445.725817 -19198.587962   -453.620115
PE36  -2719.465454  29365.048280   2527.919318   -423.624362
PG01  13458.913058 -18944.902407  12229.684804    293.435220
PG02 -15148.184808   8472.781598 -19536.828881   -647.756395
PG03  21751.065782 -12358.117595  -8879.326060   -341.358335
PG05 -25775.330015   5597.985002  -3877.276426    -94.649473
PG06  -8310.647057 -16878.355594 -18657.749426    442.363105
PG07   4976.759109 -25743.961427   2309.106061    311.551458
PG08  18386.452044  -1144.025250  19218.887100    -82.402205
PG09    890.243198 -18075.307634 -19503.526693   -302.658171
PG11 -14259.408390  -5161.892814 -21807.158372    -13.164258
PG12 -23222.637991  10288.613860  -7847.111102   -269.803115
PG13 -19977.310862  -8811.531269  15087.254427    377.112523
PG14  -5319.738109 -14553.974715  21582.914285   -106.934598
PG15 -18417.708975   3414.971639  18507.401821    -33.407484
PG16  25206.807639   1736.506476  -9181.764455   -522.356473
PG17 -11198.053296 -22173.888481   9751.284956    653.545743
PG18  -5225.611247  25829.755229   2667.326457     66.421009
PG19 -17405.368231 -20235.462635   -783.035291    203.519193
PG20 -21287.588873  -2519.570054 -15527.799311    490.859617
PG21  15474.448298 -10113.597683  19415.087754    160.045707
PG22  18553.336105  18944.977980  -2298.916703    318.243002
PG23  -4124.669222  16124.166264  20658.654443    -38.334369
PG24 -14199.282959  15796.594191  15370.680340    153.446341
PG25 -12871.517384  16132.550426 -16851.875222    366.137550
PG26  19888.550297   6180.321281 -16749.180135    226.029120
PG27  21786.326773  10678.861335  11037.971059    216.401015
PG29  -2575.327171  17342.240247 -19972.641934   -546.949385
PG30  -2786.261021 -23465.127781  11964.184790   -536.477756
PG31  10088.942839  15001.734896 -19436.542777   -191.396788
PG32  14789.527128  21078.313943   7059.187546   -217.450788
PR01   3852.388453  12319.434964  21995.649552     13.902458
PR02  20585.184487  11975.077342   9266.355689    528.249723
PR03  23820.797549   4217.715638  -8141.639441     62.727471
PR04  13676.083469  -5457.249035 -20808.919037    155.628310
PR05  -3841.780210 -12278.047804 -22014.476472     98.734395
PR07 -23564.970821  -3734.026119   8988.552601     40.132038
PR08 -13518.773520   5744.711889  20898.340908    -66.922767
PR09  -9325.396138  -6776.688053  22780.968280     73.792968
PR12  -6899.083503  17178.295189 -17509.818329     20.574889
PR13   7843.284519   7798.133575 -22992.540179    -26.225160
PR14  19349.822826  -7479.243199 -14810.267186     24.386688
PR15  18629.394760 -17336.397152   1733.045470     93.994259
PR17  11031.749182   2602.521062  22850.933131    556.551388
PR18   6376.252014 -14806.607524  19764.438034     39.818747
PR19   -294.596411 -24393.286365   7473.808219   -201.714217
PR20  -8706.711926 -20279.820386 -12758.774252    -77.389772
PR21 -10746.924633  -1032.760969 -23116.634388   -329.410184
PR24   9717.510230  19518.047663  13232.214732    111.570198
*  2022 08 29 08 13 20.00000000
PE02  15220.479910  10926.970282 -22911.757102    321.349491
PE03  21551.771495  20052.794417   3020.518825   -594.349300
PE04 -24844.379183  -6799.551277  14591.129039  -1103.800256
PE05   5506.116210  21804.519204  19244.710802   -149.064974
PE07  13468.243501 -10857.628365 -24015.168084   -700.761979
PE08  24776.469751   6686.795135 -14741.680044   -589.490540
PE09 -13439.731000  10703.149103  24105.318612   -639.613394
PE11 -13168.931823  21825.773306 -15064.834693   2444.665766
PE12 -16307.310916    654.268004 -24702.481574   -140.357807
PE13  13365.502513 -21244.760727  15691.576580    430.427250
PE15  16204.700696   -469.981349  24766.111841    723.860980
PE19 -20038.776333 -21084.600568  -5479.269020  -4678.533919
PE21   4736.055561 -18423.459986  22685.809792   -754.584516
PE24 -23899.054431  15276.003748  -8435.159371   -807.093887
PE25  -5068.454203  18460.500458 -22561.936597   -586.057412
PE26   2185.926385 -29331.265773  -3385.490551  -1550.365029
PE27  23196.944551 -15810.910371   9407.547134   -379.432090
PE30  27671.867363  -3149.678336 -10043.377286   -793.076760
PE31 -27831.302409   3897.564391   9309.922764   -502.520873
PE33  -9467.069293 -20464.956822 -19178.951362   -453.620114
PE36  -2718.157883  29367.798756   2497.228284   -423.624419
PG01  13456.588814 -18928.828421  12256.758155    293.435153
PG02 -15144.900708   8446.837001 -19550.015850   -647.756377
PG03  21762.353884 -12358.970190  -8849.916521   -341.358409
PG05 -25771.672920   5594.036149  -3908.457373    -94.649435
PG06  -8303.574222 -16901.073452 -18640.312598    442.363222
PG07   4980.794093 -25745.455544   2277.432174    311.551404
PG08  18403.496823  -1126.586108  19203.977072    -82.402134
PG09    909.125986 -18059.418738 -19517.459019   -302.658127
PG11 -14251.106706  -5188.294139 -21806.351370    -13.164285
PG12 -23232.544345  10288.142151  -7817.244609   -269.803169
PG13 -19987.799686  -8827.878489  15064.219397    377.112576
PG14  -5293.123428 -14560.573514  21584.901078   -106.934575
PG15 -18436.201608   3398.965615  18492.581024    -33.407459
PG16  25196.209780   1740.467431  -9210.486862   -522.356483
PG17 -11188.682534 -22166.492420   9780.160554    653.545770
PG18  -5228.970724  25832.343101   2635.468237     66.420879
PG19 -17404.181778 -20237.312234   -751.109655    203.519228
PG20 -21270.592214  -2530.171813 -15549.570437    490.859593
PG21  15472.069306 -10090.052846  19430.417686    160.045698
PG22  18553.563419  18949.271978  -2267.417547    318.243066
PG23  -4150.001000  16131.128342  20648.031142    -38.334374
PG24 -14198.723846  15776.058023  15392.260467    153.446213
PG25 -12892.207104  16136.481957 -16831.674315    366.137591
PG26  19869.304116   6189.123522 -16768.545768    226.029135
PG27  21795.154880  10690.113565  11010.543830    216.400978
PG29  -2592.736721  17323.942714 -19986.375607   -546.949430
PG30  -2779.257254 -23478.964714  11938.190129   -536.477774
PG31  10080.842197  15024.961670 -19422.246501   -191.396800
PG32  14781.461287  21074.090983   7089.069788   -217.450905
PR01   3823.834178  12309.809513  22006.026660     13.902493
PR02  20573.855238  11969.238343   9299.076178    528.249683
PR03  23831.880048   4219.865939  -8108.242314     62.727532
PR04  13703.268842  -5448.491705 -20793.353296    155.628299
PR05  -3813.539205 -12267.368037 -22025.357050     98.734378
PR07 -23577.037988  -3736.616664   8955.602734     40.132023
PR08 -13545.901459   5735.999364  20883.098411    -66.922712
PR09  -9302.245548  -6797.459733  22784.175567     73.793006
PR12  -6916.528679  17194.853572 -17486.698993     20.574902
PR13   7819.817128   7819.078568 -22993.422392    -26.225184
PR14  19333.907390  -7466.546270 -14837.416928     24.386660
PR15  18630.170493 -17339.025389   1697.510028     93.994260
PR17  11037.862030   2633.235156  22844.416120    556.551426
PR18   6379.744326 -14779.698717  19783.489234     39.818755
PR19   -295.500319 -24382.756831   7508.022777   -201.714252
PR20  -8711.399722 -20296.820441 -12728.489215    -77.389740
PR21 -10752.826201  -1063.888767 -23112.510221   -329.410257
PR24   9722.133048  19535.602272  13202.831200    111.570231
*  2022 08 29 08 13 30.00000000
PE02  15198.877795  10934.876921 -22922.308466    321.349508
PE03  21549.675340  20050.533393   3050.299601   -594.349349
PE04 -24856.006458  -6808.411123  14567.172453  -1103.800336
PE05   5491.238885  21792.209087  19262.899557   -149.064942
PE07  13487.053701 -10842.586527 -24011.398580   -700.762016
PE08  24788.329093   6695.620969 -14717.704096   -589.490614
PE09 -13458.674098  10688.135133  24101.424736   -639.613535
PE11 -13165.413837  21811.006728 -15089.296559   2444.664250
PE12 -16303.462136    629.765348 -24705.653249   -140.358010
PE13  13361.885896 -21229.340561  15715.501403    430.427247
PE15  16200.905485   -445.383208  24769.045057    723.860947
PE19 -20034.873798 -21080.655884  -5508.618657  -4678.532846
PE21   4757.155179 -18431.945669  22674.496228   -754.584539
PE24 -23906.678263  15279.720468  -8406.746888   -807.094102
PE25  -5089.473845  18468.960302 -22550.284088   -586.057422
PE26   2184.950489 -29334.832973  -3355.069261  -1550.365470
PE27  23205.428228 -15815.065659   9379.573170   -379.432181
PE30  27662.170494  -3146.801026 -10070.944236   -793.077071
PE31 -27822.293075   3894.977236   9337.936284   -502.520878
PE33  -9465.336655 -20484.169806 -19159.285288   -453.620114
PE36  -2716.843590  29370.517791   2466.533411   -423.624459
PG01  13454.265576 -18912.719448  12283.804522    293.435086
PG02 -15141.628694   8420.873253 -19563.159154   -647.756321
PG03  21773.605941 -12359.819457  -8820.488119   -341.358493
PG05 -25767.981079   5590.073143  -3939.630095    -94.649383
PG06  -8296.521131 -16923.774388 -18622.835827    442.363362
PG07   4984.818685 -25746.912950   2245.753307    311.551391
PG08  18420.537934  -1109.170040  19189.026473    -82.402205
PG09    928.030508 -18043.528788 -19531.350039   -302.658083
PG11 -14242.820802  -5214.699287 -21805.497987    -13.164299
PG12 -23242.414447  10287.668505  -7787.361526   -269.803222
PG13 -19998.280342  -8844.196290  15041.152243    377.112628
PG14  -5266.509951 -14567.187934  21586.842001   -106.934551
PG15 -18454.687132   3382.980944  18477.719858    -33.407428
PG16  25185.579410   1744.441221  -9239.190370   -522.356497
PG17 -11179.283455 -22159.075345   9809.015636    653.545748
PG18  -5232.318018  25834.894187   2603.604362     66.420750
PG19 -17402.970816 -20239.131970   -719.182445    203.519247
PG20 -21253.576628  -2540.794281 -15571.308136    490.859553
PG21  15469.700892 -10066.489043  19445.707422    160.045727
PG22  18553.767617  18953.535679  -2235.913596    318.243169
PG23  -4175.315965  16138.101498  20637.363759    -38.334386
PG24 -14198.170853  15755.494544  15413.806547    153.446098
PG25 -12912.870776  16140.418221 -16811.437933    366.137635
PG26  19850.039866   6197.944213 -16787.876384    226.029152
PG27  21803.965095  10701.336119  10983.093424    216.400946
PG29  -2610.168832  17305.643019 -20000.066837   -546.949499
PG30  -2772.269163 -23492.773967  11912.169851   -536.477771
PG31  10072.759300  15048.176219 -19407.908830   -191.396811
PG32  14773.366173  21069.846877   7118.937180   -217.451016
PR01   3795.258726  12300.202696  22016.350892     13.902435
PR02  20562.479265  11963.393676   9331.774449    528.249619
PR03  23842.921212   4221.992237  -8074.825748     62.727559
PR04  13730.441287  -5439.763803 -20777.737523    155.628334
PR05  -3785.275499 -12256.706509 -22036.184672     98.734383
PR07 -23589.064747  -3739.182639   8922.631322     40.132044
PR08 -13573.016899   5727.315731  20867.805973    -66.922670
PR09  -9279.107941  -6818.252506  22787.328291     73.793028
PR12  -6933.936726  17211.405093 -17463.537525     20.574926
PR13   7796.365697   7840.043174 -22994.249430    -26.225156
PR14  19317.974246  -7453.812116 -14864.530952     24.386707
PR15  18630.907569 -17341.622299   1661.970507     93.994247
PR17  11043.999030   2663.935395  22837.844246    556.551475
PR18   6383.263967 -14752.767383  19802.492907     39.818727
PR19   -296.388284 -24372.180438   7542.219313   -201.714361
PR20  -8716.095951 -20313.775612 -12698.173547    -77.389730
PR21 -10758.753078  -1095.005952 -23108.330588   -329.410235
PR24   9726.763249  19553.113585  13173.415941    111.570242
*  2022 08 29 08 13 40.00000000
PE02  15177.271944  10942.804074 -22932.824591    321.349532
PE03  21547.554187  20048.255265   3080.075685   -594.349382
PE04 -24867.621667  -6817.247180  14543.193483  -1103.800413
PE05   5476.338088  21779.898780  19281.058701   -149.064900
PE07  13505.872268 -10827.561228 -24007.592162   -700.762049
PE08  24800.176355   6704.422782 -14693.705514   -589.490683
PE09 -13477.625560  10673.138059  24097.493822   -639.613663
PE11 -13161.904193  21796.213135 -15113.735253   2444.662714
PE12 -16299.632729    605.256460 -24708.786981   -140.358198
PE13  13358.278358 -21213.893791  15739.402071    430.427246
PE15  16197.129873   -420.779098  24771.940206    723.860924
PE19 -20030.945357 -21076.695718  -5537.959826  -4678.531832
PE21   4778.237635 -18440.443606  22663.147833   -754.584557
PE24 -23914.272614  15283.432906  -8378.321471   -807.094309
PE25  -5110.476016  18477.432196 -22538.596881   -586.057436
PE26   2183.967218 -29338.369285  -3324.642816  -1550.365904
PE27  23213.882545 -15819.217417   9351.584797   -379.432267
PE30  27652.450054  -3143.906395 -10098.495713   -793.077376
PE31 -27813.259579   3892.373010   9365.935456   -502.520883
PE33  -9463.622513 -20503.364721 -19139.589771   -453.620114
PE36  -2715.522623  29373.205373   2435.834746   -423.624513
PG01  13451.943396 -18896.575517  12310.823846    293.435009
PG02 -15138.368796   8394.890414 -19576.258760   -647.756293
PG03  21784.821940 -12360.665341  -8791.040917   -341.358573
PG05 -25764.254522   5586.095940  -3970.794528    -94.649332
PG06  -8289.487773 -16946.458336 -18605.319148    442.363493
PG07   4988.832932 -25748.333624   2214.069529    311.551355
PG08  18437.575315  -1091.777070  19174.035337    -82.402139
PG09    946.956735 -18027.637839 -19545.199723   -302.658042
PG11 -14234.550696  -5241.108191 -21804.598227    -13.164330
PG12 -23252.248283  10287.192868  -7757.461915   -269.803285
PG13 -20008.752772  -8860.484658  15018.053014    377.112704
PG14  -5239.897743 -14573.817962  21588.737049   -106.934541
PG15 -18473.165489   3367.017642  18462.818356    -33.407371
PG16  25174.916565   1748.427887  -9267.874918   -522.356505
PG17 -11169.856043 -22151.637310   9837.850143    653.545772
PG18  -5235.653176  25837.408467   2571.734902     66.420616
PG19 -17401.735301 -20240.921876   -687.253730    203.519249
PG20 -21236.542173  -2551.437470 -15593.012364    490.859497
PG21  15467.343090 -10042.906328  19460.956934    160.045744
PG22  18553.948656  18957.769112  -2204.404918    318.243268
PG23  -4200.614060  16145.085695  20626.652316    -38.334408
PG24 -14197.624020  15734.903799  15435.318533    153.445964
PG25 -12933.508359  16144.359173 -16791.166118    366.137669
PG26  19830.757606   6206.783369 -16807.171942    226.029170
PG27  21812.757365  10712.529008  10955.619900    216.400911
PG29  -2627.623480  17287.341224 -20013.715595   -546.949555
PG30  -2765.296718 -23506.555491  11886.124012   -536.477787
PG31  10064.694142  15071.378478 -19393.529793   -191.396841
PG32  14765.241770  21065.581676   7148.789659   -217.451129
PR01   3766.662178  12290.614561  22026.622223     13.902415
PR02  20551.056580  11957.543418   9364.450425    528.249434
PR03  23853.920984   4224.094587  -8041.389822     62.727568
PR04  13757.600709  -5431.065327 -20762.071755    155.628311
PR05  -3756.989171 -12246.063274 -22046.959313     98.734458
PR07 -23601.051037  -3741.724099   8889.638446     40.132011
PR08 -13600.119748   5718.660985  20852.463631    -66.922626
PR09  -9255.983391  -6839.066315  22790.426443     73.793026
PR12  -6951.307624  17227.949667 -17440.333979     20.574967
PR13   7772.930296   7861.027331 -22995.021291    -26.225155
PR14  19302.023479  -7441.040737 -14891.609192     24.386711
PR15  18631.606032 -17344.187818   1626.426993     93.994195
PR17  11050.160148   2694.621687  22831.217527    556.551516
PR18   6386.810965 -14725.813612  19821.449007     39.818752
PR19   -297.260237 -24361.557227   7576.397743   -201.714263
PR20  -8720.800539 -20330.685855 -12667.827321    -77.389749
PR21 -10764.705236  -1126.112430 -23104.095500   -329.410175
PR24   9731.400760  19570.581561  13143.969025    111.570245
*  2022 08 29 08 13 50.00000000
PE02  15155.662412  10950.751739 -22943.305459    321.349554
PE03  21545.408010  20045.960071   3109.847029   -594.349423
PE04 -24879.224763  -6826.059458  14519.192167  -1103.800498
PE05   5461.413832  21767.588330  19299.188207   -149.064865
PE07  13524.699157 -10812.552495 -24003.748837   -700.762087
PE08  24812.011491   6713.200582 -14669.684336   -589.490751
PE09 -13496.585339  10658.157907  24093.525879   -639.613794
PE11 -13158.402933  21781.392553 -15138.150738   2444.661176
PE12 -16295.822709    580.741393 -24711.882763   -140.358412
PE13  13354.679941 -21198.420446  15763.278546    430.427240
PE15  16193.373872   -396.169074  24774.797283    723.860897
PE19 -20026.990990 -21072.720110  -5567.292482  -4678.530705
PE21   4799.302890 -18448.953761  22651.764626   -754.584584
PE24 -23921.837482  15287.141013  -8349.883163   -807.094527
PE25  -5131.460678  18485.916107 -22526.874995   -586.057452
PE26   2182.976619 -29341.874695  -3294.211265  -1550.366350
PE27  23222.307499 -15823.365599   9323.582059   -379.432364
PE30  27642.706075  -3140.994414 -10126.031676   -793.077687
PE31 -27804.201954   3889.751683   9393.920238   -502.520898
PE33  -9461.926844 -20522.541521 -19119.864840   -453.620111
PE36  -2714.195028  29375.861489   2405.132336   -423.624574
PG01  13449.622331 -18880.396653  12337.816068    293.434940
PG02 -15135.121048   8368.888545 -19589.314638   -647.756333
PG03  21796.001867 -12361.507787  -8761.574977   -341.358640
PG05 -25760.493276   5582.104495  -4001.950607    -94.649280
PG06  -8282.474132 -16969.125232 -18587.762600    442.363622
PG07   4992.836879 -25749.717545   2182.380910    311.551299
PG08  18454.608909  -1074.407220  19159.003696    -82.402116
PG09    965.904637 -18011.745951 -19559.008043   -302.657994
PG11 -14226.296408  -5267.520787 -21803.652089    -13.164352
PG12 -23262.045837  10286.715188  -7727.545841   -269.803349
PG13 -20019.216917  -8876.743581  14994.921760    377.112807
PG14  -5213.286868 -14580.463585  21590.586218   -106.934521
PG15 -18491.636619   3351.075728  18447.876552    -33.407337
PG16  25164.221282   1752.427471  -9296.540448   -522.356553
PG17 -11160.400284 -22144.178372   9866.664016    653.545812
PG18  -5238.976247  25839.885917   2539.859924     66.420501
PG19 -17400.475190 -20242.681983   -655.323575    203.519256
PG20 -21219.488908  -2562.101390 -15614.683075    490.859439
PG21  15464.995935 -10019.304754  19476.166195    160.045777
PG22  18554.106494  18961.972307  -2172.891579    318.243339
PG23  -4225.895227  16152.080899  20615.896835    -38.334418
PG24 -14197.083389  15714.285830  15456.796378    153.445853
PG25 -12954.119812  16148.304767 -16770.858911    366.137710
PG26  19811.457389   6215.641001 -16826.432402    226.029193
PG27  21821.531633  10723.692240  10928.123317    216.400887
PG29  -2645.100639  17269.037391 -20027.321854   -546.949621
PG30  -2758.339891 -23520.309242  11860.052668   -536.477793
PG31  10056.646717  15094.568383 -19379.109419   -191.396843
PG32  14757.088060  21061.295430   7178.627164   -217.451231
PR01   3738.044615  12281.045158  22036.840629     13.902361
PR02  20539.587196  11951.687649   9397.104028    528.249432
PR03  23864.879312   4226.173045  -8007.934617     62.727621
PR04  13784.747015  -5422.396273 -20746.356030    155.628362
PR05  -3728.680300 -12235.438383 -22057.680946     98.734451
PR07 -23612.996801  -3744.241098   8856.624184     40.132052
PR08 -13627.209911   5710.035126  20837.071422    -66.922613
PR09  -9232.871972  -6859.901101  22793.470016     73.793034
PR12  -6968.641348  17244.487208 -17417.088413     20.574956
PR13   7749.510998   7882.030975 -22995.737974    -26.225151
PR14  19286.055172  -7428.232129 -14918.651584     24.386758
PR15  18632.265927 -17346.721887   1590.879571     93.994209
PR17  11056.345354   2725.293939  22824.535977    556.551547
PR18   6390.385345 -14698.837496  19840.357488     39.818777
PR19   -298.116107 -24350.887243   7610.557985   -201.714296
PR20  -8725.513412 -20347.551127 -12637.450610    -77.389735
PR21 -10770.682649  -1157.208106 -23099.804968   -329.410206
PR24   9736.045509  19588.006155  13114.490523    111.570153
*  2022 08 29 08 14 00.00000000
PE02  15134.049252  10958.719913 -22953.751052    321.349575
PE03  21543.236791  20043.647851   3139.613582   -594.349460
PE04 -24890.815699  -6834.847966  14495.168542  -1103.800583
PE05   5446.466136  21755.277783  19317.288041   -149.064825
PE07  13543.534324 -10797.560357 -23999.868610   -700.762117
PE08  24823.834451   6721.954376 -14645.640602   -589.490809
PE09 -13515.553391  10643.194703  24089.520914   -639.613925
PE11 -13154.910100  21766.545014 -15162.542970   2444.659641
PE12 -16292.032089    556.220206 -24714.940586   -140.358618
PE13  13351.090689 -21182.920556  15787.130787    430.427242
PE15  16189.637496   -371.553191  24777.616286    723.860878
PE19 -20023.010681 -21068.729102  -5596.616570  -4678.529699
PE21   4820.350904 -18457.476100  22640.346628   -754.584607
PE24 -23929.372864  15290.844742  -8321.432013   -807.094735
PE25  -5152.427787  18494.412000 -22515.118447   -586.057467
PE26   2181.978735 -29345.349184  -3263.774656  -1550.366783
PE27  23230.703085 -15827.510156   9295.565004   -379.432448
PE30  27632.938594  -3138.065049 -10153.552077   -793.077990
PE31 -27795.120236   3887.113222   9421.890580   -502.520908
PE33  -9460.249621 -20541.700158 -19100.110528   -453.620111
PE36  -2712.860854  29378.486128   2374.426234   -423.624624
PG01  13447.302434 -18864.182895  12364.781113    293.434867
PG02 -15131.885475   8342.867713 -19602.326766   -647.756338
PG03  21807.145709 -12362.346741  -8732.090372   -341.358726
PG05 -25756.697368   5578.098768  -4033.098258    -94.649250
PG06  -8275.480192 -16991.775012 -18570.166230    442.363746
PG07   4996.830576 -25751.064701   2150.687524    311.551245
PG08  18471.638652  -1057.060510  19143.931595    -82.402056
PG09    984.874179 -17995.853183 -19572.774970   -302.657956
PG11 -14218.057957  -5293.937003 -21802.659584    -13.164379
PG12 -23271.807104  10286.235413  -7697.613372   -269.803439
PG13 -20029.672719  -8892.973045  14971.758546    377.112909
PG14  -5186.677391 -14587.124789  21592.389507   -106.934509
PG15 -18510.100462   3335.155214  18432.894486    -33.407287
PG16  25153.493601   1756.440011  -9325.186892   -522.356636
PG17 -11150.916170 -22136.698595   9895.457199    653.546022
PG18  -5242.287277  25842.326516   2507.979507     66.420364
PG19 -17399.190434 -20244.412313   -623.392051    203.519268
PG20 -21202.416897  -2572.786046 -15636.320215    490.859400
PG21  15462.659461  -9995.684382  19491.335180    160.045794
PG22  18554.241091  18966.145296  -2141.373655    318.243390
PG23  -4251.159410  16159.087070  20605.097344    -38.334438
PG24 -14196.549002  15693.640687  15478.240029    153.445721
PG25 -12974.705095  16152.254955 -16750.516364    366.137743
PG26  19792.139284   6224.517116 -16845.657712    226.029206
PG27  21830.287839  10734.825821  10900.603747    216.400849
PG29  -2662.600283  17250.731586 -20040.885579   -546.949685
PG30  -2751.398648 -23534.035172  11833.955881   -536.477796
PG31  10048.617020  15117.745864 -19364.647741   -191.396870
PG32  14748.905048  21056.988178   7208.449613   -217.451347
PR01   3709.406121  12271.494543  22047.006064     13.902371
PR02  20528.071077  11945.826450   9429.735129    528.249509
PR03  23875.796136   4228.227668  -7974.460224     62.727616
PR04  13811.880106  -5413.756641 -20730.590395    155.628405
PR05  -3700.348976 -12224.831888 -22068.349554     98.734424
PR07 -23624.901970  -3746.733687   8823.588634     40.132047
PR08 -13654.287279   5701.438157  20821.629389    -66.922579
PR09  -9209.773755  -6880.756813  22796.458991     73.793020
PR12  -6985.937875  17261.017628 -17393.800884     20.574967
PR13   7726.107882   7903.054032 -22996.399494    -26.225166
PR14  19270.069413  -7415.386289 -14945.658043     24.386737
PR15  18632.887290 -17349.224438   1555.328346     93.994246
PR17  11062.554595   2755.952062  22817.799663    556.551578
PR18   6393.987120 -14671.839142  19859.218319     39.818797
PR19   -298.955823 -24340.170538   7644.699942   -201.714291
PR20  -8730.234504 -20364.371347 -12607.043490    -77.389746
PR21 -10776.685285  -1188.292870 -23095.459003   -329.410217
PR24   9740.697413  19605.387342  13084.980526    111.570062
*  2022 08 29 08 14 10.00000000
PE02  15112.432510  10966.708593 -22964.161358    321.349601
PE03  21541.040503  20041.318642   3169.375313   -594.349494
PE04 -24902.394431  -6843.612711  14471.122642  -1103.800667
PE05   5431.495008  21742.967185  19335.358186   -149.064789
PE07  13562.377730 -10782.584839 -23995.951487   -700.762150
PE08  24835.645193   6730.684177 -14621.574340   -589.490869
PE09 -13534.529677  10628.248476  24085.478927   -639.614055
PE11 -13151.425739  21751.670538 -15186.911922   2444.658114
PE12 -16288.260880    531.692941 -24717.960456   -140.358823
PE13  13347.510643 -21167.394145  15810.958768    430.427255
PE15  16185.920753   -346.931496  24780.397207    723.860858
PE19 -20019.004408 -21064.722738  -5625.932062  -4678.528699
PE21   4841.381642 -18466.010592  22628.893847   -754.584623
PE24 -23936.878763  15294.544051  -8292.968056   -807.094944
PE25  -5173.377316  18502.919841 -22503.327255   -586.057472
PE26   2180.973618 -29348.792747  -3233.333030  -1550.367222
PE27  23239.069304 -15831.651045   9267.533665   -379.432530
PE30  27623.147645  -3135.118272 -10181.056885   -793.078294
PE31 -27786.014457   3884.457592   9449.846451   -502.520922
PE33  -9458.590822 -20560.840592 -19080.326862   -453.620107
PE36  -2711.520147  29381.079277   2343.716475   -423.624680
PG01  13444.983758 -18847.934253  12391.718948    293.434795
PG02 -15128.662118   8316.827967 -19615.295092   -647.756309
PG03  21818.253449 -12363.182150  -8702.587144   -341.358806
PG05 -25752.866827   5574.078707  -4064.237430    -94.649257
PG06  -8268.505946 -17014.407607 -18552.530056    442.363872
PG07   5000.814063 -25752.375054   2118.989429    311.551193
PG08  18488.664491  -1039.736964  19128.819044    -82.402093
PG09   1003.865347 -17979.959584 -19586.500475   -302.657911
PG11 -14209.835359  -5320.356788 -21801.620699    -13.164398
PG12 -23281.532054  10285.753488  -7667.664558   -269.803532
PG13 -20040.120119  -8909.173036  14948.563394    377.113004
PG14  -5160.069378 -14593.801564  21594.146904   -106.934507
PG15 -18528.556958   3319.256119  18417.872185    -33.407241
PG16  25142.733548   1760.465552  -9353.814212   -522.356708
PG17 -11141.403674 -22129.198017   9924.229625    653.546269
PG18  -5245.586319  25844.730245   2476.093698     66.420235
PG19 -17397.881005 -20246.112917   -591.459219    203.519289
PG20 -21185.326187  -2583.491459 -15657.923751    490.859392
PG21  15460.333701  -9972.045252  19506.463854    160.045779
PG22  18554.352401  18970.288102  -2109.851195    318.243459
PG23  -4276.406555  16166.104176  20594.253857    -38.334454
PG24 -14196.020895  15672.968404  15499.649448    153.445595
PG25 -12995.264168  16156.209696 -16730.138497    366.137781
PG26  19772.803327   6233.411737 -16864.847852    226.029219
PG27  21839.025940  10745.929770  10873.061222    216.400821
PG29  -2680.122390  17232.423864 -20054.406754   -546.949733
PG30  -2744.472966 -23547.733237  11807.833692   -536.477808
PG31  10040.605042  15140.910868 -19350.144780   -191.396900
PG32  14740.692671  21052.659990   7238.256981   -217.451470
PR01   3680.746769  12261.962747  22057.118545     13.902325
PR02  20516.508338  11939.959897   9462.343751    528.249639
PR03  23886.671409   4230.258515  -7940.966701     62.727616
PR04  13838.999900  -5405.146425 -20714.774871    155.628419
PR05  -3671.995261 -12214.243845 -22078.965097     98.734452
PR07 -23636.766506  -3749.201927   8790.531838     40.132065
PR08 -13681.351796   5692.870062  20806.137553    -66.922592
PR09  -9186.688817  -6901.633380  22799.393382     73.792954
PR12  -7003.197188  17277.540849 -17370.471443     20.574953
PR13   7702.721007   7924.096464 -22997.005815    -26.225172
PR14  19254.066280  -7402.503221 -14972.628543     24.386777
PR15  18633.470181 -17351.695422   1519.773364     93.994222
PR17  11068.787877   2786.595956  22811.008499    556.551644
PR18   6397.616342 -14644.818607  19878.031428     39.818811
PR19   -299.779319 -24329.407138   7678.823563   -201.714339
PR20  -8734.963722 -20381.146545 -12576.606027    -77.389828
PR21 -10782.713127  -1219.366657 -23091.057612   -329.410273
PR24   9745.356423  19622.725042  13055.439064    111.570179
*  2022 08 29 08 14 20.00000000
PE02  15090.812239  10974.717776 -22974.536360    321.349617
PE03  21538.819124  20038.972484   3199.132167   -594.349540
PE04 -24913.960910  -6852.353704  14447.054504  -1103.800740
PE05   5416.500466  21730.656582  19353.398608   -149.064763
PE07  13581.229330 -10767.625968 -23991.997474   -700.762188
PE08  24847.443667   6739.389992 -14597.485592   -589.490948
PE09 -13553.514150  10613.319252  24081.399929   -639.614189
PE11 -13147.949890  21736.769156 -15211.257553   2444.656586
PE12 -16284.509095    507.159655 -24720.942363   -140.359029
PE13  13343.939845 -21151.841246  15834.762446    430.427247
PE15  16182.223659   -322.304046  24783.140043    723.860825
PE19 -20014.972154 -21060.701058  -5655.238905  -4678.527557
PE21   4862.395063 -18474.557202  22617.406307   -754.584647
PE24 -23944.355175  15298.238890  -8264.491340   -807.095151
PE25  -5194.309219  18511.439597 -22491.501438   -586.057493
PE26   2179.961310 -29352.205366  -3202.886438  -1550.367668
PE27  23247.406150 -15835.788217   9239.488089   -379.432625
PE30  27613.333264  -3132.154050 -10208.546051   -793.078611
PE31 -27776.884651   3881.784762   9477.787802   -502.520928
PE33  -9456.950421 -20579.962772 -19060.513875   -453.620099
PE36  -2710.172953  29383.640924   2313.003113   -423.624742
PG01  13442.666358 -18831.650764  12418.629500    293.434726
PG02 -15125.451005   8290.769375 -19628.219594   -647.756300
PG03  21829.325076 -12364.013958  -8673.065366   -341.358876
PG05 -25749.001680   5570.044274  -4095.368051    -94.649225
PG06  -8261.551378 -17037.022952 -18534.854125    442.364005
PG07   5004.787390 -25753.648593   2087.286699    311.551142
PG08  18505.686365  -1022.436603  19113.666088    -82.402200
PG09   1022.878104 -17964.065215 -19600.184529   -302.657872
PG11 -14201.628634  -5346.780069 -21800.535445    -13.164419
PG12 -23291.220680  10285.269360  -7637.699469   -269.803596
PG13 -20050.559058  -8925.343541  14925.336369    377.113066
PG14  -5133.462895 -14600.493895  21595.858410   -106.934493
PG15 -18547.006048   3303.378458  18402.809687    -33.407220
PG16  25131.941164   1764.504134  -9382.422339   -522.356739
PG17 -11131.862788 -22121.676702   9952.981240    653.546450
PG18  -5248.873419  25847.097080   2444.202578     66.420101
PG19 -17396.546853 -20247.783818   -559.525148    203.519320
PG20 -21168.216843  -2594.217633 -15679.493631    490.859286
PG21  15458.018690  -9948.387425  19521.552195    160.045775
PG22  18554.440384  18974.400758  -2078.324276    318.243578
PG23  -4301.636603  16173.132178  20583.366400    -38.334471
PG24 -14195.499111  15652.269028  15521.024582    153.445468
PG25 -13015.796990  16160.168941 -16709.725362    366.137825
PG26  19753.449585   6242.324871 -16884.002772    226.029238
PG27  21847.745874  10757.004092  10845.495814    216.400787
PG29  -2697.666933  17214.114291 -20067.885344   -546.949761
PG30  -2737.562813 -23561.403391  11781.686165   -536.477816
PG31  10032.610778  15164.063324 -19335.600568   -191.396863
PG32  14732.450935  21048.310907   7268.049187   -217.451577
PR01   3652.066644  12252.449828  22067.178028     13.902322
PR02  20504.898942  11934.088071   9494.929766    528.249550
PR03  23897.505073   4232.265641  -7907.454140     62.727648
PR04  13866.106296  -5396.565622 -20698.909503    155.628418
PR05  -3643.619244 -12203.674305 -22089.527556     98.734407
PR07 -23648.590341  -3751.645870   8757.453895     40.132118
PR08 -13708.403351   5684.330844  20790.595959    -66.922602
PR09  -9163.617229  -6922.530749  22802.273172     73.792996
PR12  -7020.419262  17294.056782 -17347.100150     20.574926
PR13   7679.350451   7945.158196 -22997.556952    -26.225136
PR14  19238.045860  -7389.582922 -14999.562999     24.386817
PR15  18634.014638 -17354.134773   1484.214731     93.994168
PR17  11075.045149   2817.225534  22804.162553    556.551659
PR18   6401.273023 -14617.775998  19896.796784     39.818857
PR19   -300.586523 -24318.597095   7712.928751   -201.714369
PR20  -8739.701001 -20397.876641 -12546.138299    -77.389907
PR21 -10788.766142  -1250.429359 -23086.600808   -329.410277
PR24   9750.022454  19640.019231  13025.866228    111.570323
*  2022 08 29 08 14 30.00000000
PE02  15069.188491  10982.747460 -22984.876041    321.349643
PE03  21536.572632  20036.609415   3228.884100   -594.349584
PE04 -24925.515092  -6861.070954  14422.964167  -1103.800829
PE05   5401.482525  21718.346021  19371.409281   -149.064718
PE07  13600.089080 -10752.683772 -23988.006578   -700.762222
PE08  24859.229827   6748.071831 -14573.374396   -589.491016
PE09 -13572.506766  10598.407058  24077.283925   -639.614320
PE11 -13144.482597  21721.840894 -15235.579824   2444.655044
PE12 -16280.776747    482.620403 -24723.886302   -140.359226
PE13  13340.378338 -21136.261887  15858.541786    430.427251
PE15  16178.546225   -297.670894  24785.844791    723.860801
PE19 -20010.913901 -21056.664104  -5684.537054  -4678.526514
PE21   4883.391128 -18483.115896  22605.884025   -754.584669
PE24 -23951.802100  15301.929213  -8236.001908   -807.095362
PE25  -5215.223460  18519.971233 -22479.641014   -586.057503
PE26   2178.941859 -29355.587026  -3172.434925  -1550.368111
PE27  23255.713621 -15839.921624   9211.428320   -379.432705
PE30  27603.495486  -3129.172351 -10236.019534   -793.078920
PE31 -27767.730854   3879.094701   9505.714590   -502.520936
PE33  -9455.328392 -20599.066653 -19040.671595   -453.620102
PE36  -2708.819322  29386.171056   2282.286196   -423.624796
PG01  13440.350289 -18815.332456  12445.512710    293.434651
PG02 -15122.252166   8264.691997 -19641.100243   -647.756322
PG03  21840.360577 -12364.842111  -8643.525099   -341.358959
PG05 -25745.101957   5565.995423  -4126.490056    -94.649213
PG06  -8254.616472 -17059.620984 -18517.138476    442.364135
PG07   5008.750603 -25754.885297   2055.579404    311.551094
PG08  18522.704212  -1005.159448  19098.472760    -82.402231
PG09   1041.912423 -17948.170134 -19613.827104   -302.657836
PG11 -14193.437800  -5373.206781 -21799.403824    -13.164433
PG12 -23300.872969  10284.782977  -7607.718167   -269.803638
PG13 -20060.989478  -8941.484548  14902.077520    377.113155
PG14  -5106.858005 -14607.201769  21597.524018   -106.934470
PG15 -18565.447671   3287.522247  18387.707026    -33.407202
PG16  25121.116487   1768.555798  -9411.011214   -522.356763
PG17 -11122.293498 -22114.134707   9981.711982    653.546529
PG18  -5252.148626  25849.427001   2412.306213     66.419983
PG19 -17395.187935 -20249.425047   -527.589905    203.519361
PG20 -21151.088922  -2604.964579 -15701.029809    490.859216
PG21  15455.714461  -9924.710955  19536.600174    160.045770
PG22  18554.504999  18978.483295  -2046.792963    318.243695
PG23  -4326.849498  16180.171040  20572.434996    -38.334479
PG24 -14194.983690  15631.542605  15542.365386    153.445357
PG25 -13036.303523  16164.132645 -16689.277001    366.137859
PG26  19734.078113   6251.256528 -16903.122430    226.029249
PG27  21856.447587  10768.048798  10817.907583    216.400761
PG29  -2715.233889  17195.802930 -20081.321321   -546.949788
PG30  -2730.668159 -23575.045587  11755.513353   -536.477825
PG31  10024.634222  15187.203168 -19321.015135   -191.396876
PG32  14724.179822  21043.940979   7297.826170   -217.451682
PR01   3623.365828  12242.955833  22077.184489     13.902291
PR02  20493.242902  11928.211051   9527.493097    528.249874
PR03  23908.297073   4234.249104  -7873.922621     62.727611
PR04  13893.199202  -5388.014230 -20682.994332    155.628380
PR05  -3615.221004 -12193.123321 -22100.036906     98.734466
PR07 -23660.373416  -3754.065569   8724.354883     40.132140
PR08 -13735.441850   5675.820501  20775.004645    -66.922669
PR09  -9140.559065  -6943.448863  22805.098352     73.793020
PR12  -7037.604075  17310.565341 -17323.687060     20.574899
PR13   7655.996287   7966.239163 -22998.052906    -26.225148
PR14  19222.008238  -7376.625389 -15026.461347     24.386834
PR15  18634.520706 -17356.542430   1448.652532     93.994081
PR17  11081.326379   2847.840702  22797.261839    556.551662
PR18   6404.957189 -14590.711407  19915.514341     39.818864
PR19   -301.377366 -24307.740452   7747.015424   -201.714384
PR20  -8744.446266 -20414.561592 -12515.640378    -77.389919
PR21 -10794.844304  -1281.480879 -23082.088601   -329.410349
PR24   9754.695435  19657.269866  12996.262090    111.570337
*  2022 08 29 08 14 40.00000000
PE02  15047.561319  10990.797641 -22995.180386    321.349663
PE03  21534.301006  20034.229475   3258.631066   -594.349617
PE04 -24937.056928  -6869.764469  14398.851668  -1103.800910
PE05   5386.441202  21706.035549  19389.390177   -149.064685
PE07  13618.956937 -10737.758277 -23983.978804   -700.762252
PE08  24871.003627   6756.729702 -14549.240787   -589.491084
PE09 -13591.507481  10583.511922  24073.130922   -639.614445
PE11 -13141.023903  21706.885782 -15259.878698   2444.653510
PE12 -16277.063848    458.075237 -24726.792270   -140.359418
PE13  13336.826163 -21120.656098  15882.296750    430.427248
PE15  16174.888462   -273.032093  24788.511446    723.860780
PE19 -20006.829631 -21052.611919  -5713.826464  -4678.525464
PE21   4904.369798 -18491.686640  22594.327017   -754.584694
PE24 -23959.219536  15305.614972  -8207.499805   -807.095576
PE25  -5236.119998  18528.514715 -22467.746002   -586.057514
PE26   2177.915310 -29358.937714  -3141.978538  -1550.368555
PE27  23263.991714 -15844.051221   9183.354401   -379.432802
PE30  27593.634347  -3126.173146 -10263.477291   -793.079224
PE31 -27758.553100   3876.387375   9533.626772   -502.520949
PE33  -9453.724711 -20618.152190 -19020.800054   -453.620104
PE36  -2707.459299  29388.669663   2251.565769   -423.624848
PG01  13438.035604 -18798.979357  12472.368518    293.434587
PG02 -15119.065633   8238.595895 -19653.937008   -647.756343
PG03  21851.359938 -12365.666553  -8613.966408   -341.359031
PG05 -25741.167684   5561.932111  -4157.603379    -94.649147
PG06  -8247.701215 -17082.201637 -18499.383145    442.364267
PG07   5012.703748 -25756.085145   2023.867612    311.551041
PG08  18539.717974   -987.905522  19083.239093    -82.402345
PG09   1060.968272 -17932.274396 -19627.428171   -302.657783
PG11 -14185.262876  -5399.636859 -21798.225837    -13.164449
PG12 -23310.488906  10284.294285  -7577.720715   -269.803664
PG13 -20071.411321  -8957.596043  14878.786898    377.113263
PG14  -5080.254774 -14613.925172  21599.143727   -106.934446
PG15 -18583.881769   3271.687501  18372.564239    -33.407157
PG16  25110.259551   1772.620585  -9439.580779   -522.356799
PG17 -11112.695790 -22106.572087  10010.421795    653.546500
PG18  -5255.411988  25851.719986   2380.404673     66.419852
PG19 -17393.804210 -20251.036638   -495.653556    203.519478
PG20 -21133.942485  -2615.732305 -15722.532240    490.859164
PG21  15453.421049  -9901.015897  19551.607765    160.045760
PG22  18554.546203  18982.535742  -2015.257325    318.243822
PG23  -4352.045184  16187.220725  20561.459668    -38.334494
PG24 -14194.474672  15610.789178  15563.671811    153.445236
PG25 -13056.783724  16168.100761 -16668.793454    366.137898
PG26  19714.688968   6260.206722 -16922.206787    226.029261
PG27  21865.131025  10779.063897  10790.296587    216.400736
PG29  -2732.823230  17177.489842 -20094.714656   -546.949815
PG30  -2723.788973 -23588.659779  11729.315313   -536.477841
PG31  10016.675366  15210.330337 -19306.388511   -191.396905
PG32  14715.879316  21039.550256   7327.587867   -217.451784
PR01   3594.644403  12233.480811  22087.137902     13.902289
PR02  20481.540234  11922.328914   9560.033665    528.249911
PR03  23919.047355   4236.208961  -7840.372225     62.727582
PR04  13920.278524  -5379.492244 -20667.029394    155.628334
PR05  -3586.800623 -12182.590943 -22110.493121     98.734449
PR07 -23672.115674  -3756.461081   8691.234883     40.132154
PR08 -13762.467202   5667.339028  20759.363646    -66.922767
PR09  -9117.514398  -6964.387662  22807.868915     73.793032
PR12  -7054.751606  17327.066442 -17300.232231     20.574899
PR13   7632.658584   7987.339303 -22998.493673    -26.225162
PR14  19205.953499  -7363.630623 -15053.323522     24.386823
PR15  18634.988429 -17358.918331   1413.086852     93.994098
PR17  11087.631533   2878.441368  22790.306376    556.551729
PR18   6408.668865 -14563.624923  19934.184056     39.818868
PR19   -302.151779 -24296.837255   7781.083500   -201.714283
PR20  -8749.199443 -20431.201354 -12485.112339    -77.389913
PR21 -10800.947584  -1312.521123 -23077.521003   -329.410433
PR24   9759.375293  19674.476905  12966.626720    111.570450
*  2022 08 29 08 14 50.00000000
PE02  15025.930774  10998.868317 -23005.449378    321.349689
PE03  21532.004222  20031.832703   3288.373018   -594.349656
PE04 -24948.586374  -6878.434260  14374.717043  -1103.800994
PE05   5371.376510  21693.725213  19407.341267   -149.064647
PE07  13637.832857 -10722.849510 -23979.914158   -700.762284
PE08  24882.765018   6765.363614 -14525.084804   -589.491145
PE09 -13610.516252  10568.633869  24068.940927   -639.614575
PE11 -13137.573850  21691.903845 -15284.154139   2444.651977
PE12 -16273.370411    433.524210 -24729.660260   -140.359636
PE13  13333.283363 -21105.023908  15906.027303    430.427254
PE15  16171.250384   -248.387698  24791.140004    723.860760
PE19 -20002.719326 -21048.544544  -5743.107090  -4678.524449
PE21   4925.331035 -18500.269399  22582.735303   -754.584719
PE24 -23966.607483  15309.296121  -8178.985073   -807.095776
PE25  -5256.998797  18537.070008 -22455.816418   -586.057527
PE26   2176.881709 -29362.257416  -3111.517325  -1550.368990
PE27  23272.240425 -15848.176958   9155.266374   -379.432884
PE30  27583.749882  -3123.156401 -10290.919281   -793.079526
PE31 -27749.351424   3873.662752   9561.524307   -502.520956
PE33  -9452.139353 -20637.219335 -19000.899282   -453.620100
PE36  -2706.092933  29391.136731   2220.841880   -423.624905
PG01  13435.722358 -18782.591498  12499.196864    293.434504
PG02 -15115.891436   8212.481131 -19666.729857   -647.756353
PG03  21862.323146 -12366.487231  -8584.389353   -341.359105
PG05 -25737.198892   5557.854294  -4188.707956    -94.649162
PG06  -8240.805593 -17104.764846 -18481.588172    442.364408
PG07   5016.646873 -25757.248119   1992.151394    311.551003
PG08  18556.727591   -970.674844  19067.965121    -82.402262
PG09   1080.045624 -17916.378060 -19640.987701   -302.657737
PG11 -14177.103878  -5426.070236 -21797.001489    -13.164460
PG12 -23320.068477  10283.803232  -7547.707178   -269.803686
PG13 -20081.824527  -8973.678015  14855.464555    377.113253
PG14  -5053.653267 -14620.664092  21600.717532   -106.934431
PG15 -18602.308283   3255.874237  18357.381361    -33.407132
PG16  25099.370394   1776.698536  -9468.130977   -522.356837
PG17 -11103.069651 -22098.988897  10039.110618    653.546431
PG18  -5258.663553  25853.976016   2348.498026     66.419736
PG19 -17392.395635 -20252.618622   -463.716170    203.519608
PG20 -21116.777588  -2626.520821 -15744.000878    490.859126
PG21  15451.138487  -9877.302303  19566.574940    160.045754
PG22  18554.563955  18986.558129  -1983.717427    318.243936
PG23  -4377.223604  16194.281196  20550.440440    -38.334507
PG24 -14193.972098  15590.008791  15584.943810    153.445108
PG25 -13077.237556  16172.073243 -16648.274765    366.137944
PG26  19695.282207   6269.175464 -16941.255802    226.029290
PG27  21873.796131  10790.049400  10762.662886    216.400701
PG29  -2750.434932  17159.175090 -20108.065322   -546.949836
PG30  -2716.925226 -23602.245922  11703.092100   -536.477841
PG31  10008.734205  15233.444765 -19291.720723   -191.396939
PG32  14707.549398  21035.138789   7357.334217   -217.451895
PR01   3565.902448  12224.024808  22097.038246     13.902325
PR02  20469.790951  11916.441741   9592.551392    528.249939
PR03  23929.755865   4238.145269  -7806.803032     62.727645
PR04  13947.344168  -5370.999661 -20651.014729    155.628359
PR05  -3558.358180 -12172.077226 -22120.896178     98.734415
PR07 -23683.817057  -3758.832459   8658.093973     40.132260
PR08 -13789.479313   5658.886423  20743.672999    -66.922875
PR09  -9094.483301  -6985.347088  22810.584856     73.793008
PR12  -7071.861835  17343.559998 -17276.735719     20.574892
PR13   7609.337417   8008.458552 -22998.879254    -26.225261
PR14  19189.881726  -7350.598622 -15080.149458     24.386850
PR15  18635.417854 -17361.262417   1377.517777     93.994109
PR17  11093.960578   2909.027440  22783.296179    556.551728
PR18   6412.408076 -14536.516638  19952.805883     39.818920
PR19   -302.909692 -24285.887548   7815.132897   -201.714345
PR20  -8753.960456 -20447.795886 -12454.554254    -77.389886
PR21 -10807.075955  -1343.549997 -23072.898025   -329.410456
PR24   9764.061956  19691.640305  12936.960189    111.570503
*  2022 08 29 08 15 00.00000000
PE02  15004.296912  11006.959483 -23015.683001    321.349712
PE03  21529.682262  20029.419139   3318.109903   -594.349692
PE04 -24960.103381  -6887.080334  14350.560334  -1103.801088
PE05   5356.288470  21681.415062  19425.262521   -149.064613
PE07  13656.716795 -10707.957500 -23975.812647   -700.762318
PE08  24894.513955   6773.973576 -14500.906487   -589.491204
PE09 -13629.533033  10553.772929  24064.713948   -639.614708
PE11 -13134.132481  21676.895116 -15308.406106   2444.650454
PE12 -16269.696450    408.967381 -24732.490267   -140.359827
PE13  13329.749979 -21089.365351  15929.733401    430.427250
PE15  16167.632002   -223.737766  24793.730461    723.860727
PE19 -19998.582972 -21044.462022  -5772.378878  -4678.523394
PE21   4946.274797 -18508.864140  22571.108901   -754.584738
PE24 -23973.965937  15312.972614  -8150.457760   -807.095997
PE25  -5277.859811  18545.637078 -22443.852285   -586.057539
PE26   2175.841102 -29365.546114  -3081.051333  -1550.369429
PE27  23280.459750 -15852.298790   9127.164287   -379.432974
PE30  27573.842127  -3120.122085 -10318.345453   -793.079832
PE31 -27740.125862   3870.920801   9589.407144   -502.520963
PE33  -9450.572290 -20656.268040 -18980.969310   -453.620106
PE36  -2704.720273  29393.572250   2190.114583   -423.624956
PG01  13433.410607 -18766.168914  12525.997675    293.434445
PG02 -15112.729602   8186.347772 -19679.478772   -647.756347
PG03  21873.250191 -12367.304089  -8554.794009   -341.359173
PG05 -25733.195610   5553.761931  -4219.803715    -94.649188
PG06  -8233.929586 -17127.310547 -18463.753604    442.364542
PG07   5020.580026 -25758.374206   1960.430822    311.550969
PG08  18573.732998   -953.467439  19052.650885    -82.402238
PG09   1099.144443 -17900.481187 -19654.505666   -302.657689
PG11 -14168.960827  -5452.506843 -21795.730787    -13.164481
PG12 -23329.611677  10283.309767  -7517.677625   -269.803722
PG13 -20092.229039  -8989.730451  14832.110552    377.113295
PG14  -5027.053546 -14627.418512  21602.245435   -106.934407
PG15 -18620.727152   3240.082467  18342.158428    -33.407150
PG16  25088.449059   1780.789690  -9496.661738   -522.356835
PG17 -11093.415074 -22091.385200  10067.778397    653.546402
PG18  -5261.903369  25856.195068   2316.586351     66.419609
PG19 -17390.962161 -20254.171021   -431.777816    203.519715
PG20 -21099.594298  -2637.330130 -15765.435672    490.859113
PG21  15448.866807  -9853.570236  19581.501674    160.045758
PG22  18554.558216  18990.550491  -1952.173346    318.244010
PG23  -4402.384701  16201.352414  20539.377337    -38.334511
PG24 -14193.476011  15569.201497  15606.181332    153.444984
PG25 -13097.664977  16176.050041 -16627.720983    366.137984
PG26  19675.857895   6278.162760 -16960.269425    226.029303
PG27  21882.442843  10801.005315  10735.006552    216.400680
PG29  -2768.068970  17140.858738 -20121.373285   -546.949869
PG30  -2710.076885 -23615.803971  11676.843776   -536.477850
PG31  10000.810734  15256.546381 -19277.011805   -191.396962
PG32  14699.190075  21030.706620   7387.065141   -217.452005
PR01   3537.140053  12214.587885  22106.885472     13.902302
PR02  20457.995018  11910.549611   9625.046150    528.249914
PR03  23940.422545   4240.058084  -7773.215136     62.727652
PR04  13974.396033  -5362.536477 -20634.950384    155.628339
PR05  -3529.893765 -12161.582218 -22131.246057     98.734443
PR07 -23695.477499  -3761.179757   8624.932252     40.132212
PR08 -13816.478073   5650.462690  20727.932753    -66.922866
PR09  -9071.465844  -7006.327090  22813.246154     73.793100
PR12  -7088.934736  17360.045920 -17253.197585     20.574862
PR13   7586.032860   8029.596833 -22999.209663    -26.225214
PR14  19173.793008  -7337.529386 -15106.939070     24.386881
PR15  18635.809016 -17363.574620   1341.945411     93.994106
PR17  11100.313460   2939.598831  22776.231314    556.551724
PR18   6416.174836 -14509.386657  19971.379790     39.818953
PR19   -303.651035 -24274.891385   7849.163519   -201.714332
PR20  -8758.729241 -20464.345109 -12423.966201    -77.389847
PR21 -10813.229384  -1374.567391 -23068.219679   -329.410487
PR24   9768.755340  19708.760045  12907.262589    111.570457
*  2022 08 29 08 15 10.00000000
PE02  14982.659775  11015.071137 -23025.881241    321.349737
PE03  21527.335097  20026.988820   3347.841691   -594.349728
PE04 -24971.607907  -6895.702703  14326.381570  -1103.801162
PE05   5341.177088  21669.105135  19443.153918   -149.064579
PE07  13675.608711 -10693.082269 -23971.674278   -700.762346
PE08  24906.250391   6782.559600 -14476.705867   -589.491269
PE09 -13648.557783  10538.929124  24060.449987   -639.614838
PE11 -13130.699838  21661.859614 -15332.634567   2444.648923
PE12 -16266.041972    384.404791 -24735.282291   -140.360038
PE13  13326.226054 -21073.680447  15953.415021    430.427252
PE15  16164.033326   -199.082342  24796.282813    723.860709
PE19 -19994.420543 -21040.364394  -5801.641801  -4678.522405
PE21   4967.201053 -18517.470828  22559.447827   -754.584760
PE24 -23981.294904  15316.644402  -8121.917904   -807.096204
PE25  -5298.703016  18554.215889 -22431.853616   -586.057545
PE26   2174.793537 -29368.803804  -3050.580606  -1550.369866
PE27  23288.649691 -15856.416669   9099.048177   -379.433051
PE30  27563.911117  -3117.070171 -10345.755781   -793.080145
PE31 -27730.876444   3868.161491   9617.275254   -502.520963
PE33  -9449.023500 -20675.298265 -18961.010168   -453.620100
PE36  -2703.341361  29395.976208   2159.383913   -423.625008
PG01  13431.100400 -18749.711617  12552.770920    293.434377
PG02 -15109.580170   8160.195868 -19692.183699   -647.756339
PG03  21884.141054 -12368.117074  -8525.180417   -341.359250
PG05 -25729.157862   5549.654974  -4250.890602    -94.649209
PG06  -8227.073189 -17149.838674 -18445.879460    442.364676
PG07   5024.503249 -25759.463371   1928.705957    311.550909
PG08  18590.734147   -936.283323  19037.296403    -82.402231
PG09   1118.264711 -17884.583824 -19667.982039   -302.657644
PG11 -14160.833737  -5478.946625 -21794.413723    -13.164501
PG12 -23339.118478  10282.813832  -7487.632104   -269.803780
PG13 -20102.624797  -9005.753338  14808.724916    377.113359
PG14  -5000.455681 -14634.188424  21603.727420   -106.934385
PG15 -18639.138317   3224.312210  18326.895472    -33.407111
PG16  25077.495569   1784.894092  -9525.173025   -522.356822
PG17 -11083.732033 -22083.761041  10096.425064    653.546382
PG18  -5265.131489  25858.377122   2284.669695     66.419485
PG19 -17389.503759 -20255.693889   -399.838554    203.519781
PG20 -21082.392661  -2648.160256 -15786.836586    490.859095
PG21  15446.606046  -9829.819735  19596.387937    160.045773
PG22  18554.528938  18994.512850  -1920.625130    318.244028
PG23  -4427.528421  16208.434348  20528.270375    -38.334522
PG24 -14192.986444  15548.367324  15627.384339    153.444872
PG25 -13118.065948  16180.031117 -16607.132132    366.138026
PG26  19656.416071   6287.168630 -16979.247636    226.029322
PG27  21891.071123  10811.931657  10707.327618    216.400652
PG29  -2785.725317  17122.540844 -20134.638528   -546.949878
PG30  -2703.243926 -23629.333879  11650.570386   -536.477843
PG31   9992.904940  15279.635135 -19262.261781   -191.396965
PG32  14690.801287  21026.253815   7416.780608   -217.452114
PR01   3508.357286  12205.170066  22116.679604     13.902319
PR02  20446.152551  11904.652601   9657.517966    528.249898
PR03  23951.047350   4241.947467  -7739.608592     62.727653
PR04  14001.434041  -5354.102687 -20618.836381    155.628361
PR05  -3501.407441 -12151.105975 -22141.542721     98.734445
PR07 -23707.096960  -3763.503035   8591.749762     40.132208
PR08 -13843.463426   5642.067808  20712.142924    -66.922809
PR09  -9048.462103  -7027.327591  22815.852827     73.793125
PR12  -7105.970295  17376.524133 -17229.617876     20.574856
PR13   7562.744975   8050.754110 -22999.484867    -26.225240
PR14  19157.687420  -7324.422916 -15133.692337     24.386852
PR15  18636.161979 -17365.854895   1306.369801     93.994140
PR17  11106.690187   2970.155440  22769.111698    556.551826
PR18   6419.969190 -14482.235044  19989.905708     39.818958
PR19   -304.375740 -24263.848791   7883.175313   -201.714287
PR20  -8763.505703 -20480.849050 -12393.348245    -77.390031
PR21 -10819.407852  -1405.573240 -23063.485974   -329.410547
PR24   9773.455393  19725.836041  12877.533950    111.570543
*  2022 08 29 08 15 20.00000000
PE02  14961.019420  11023.203276 -23036.044082    321.349765
PE03  21524.962709  20024.541785   3377.568329   -594.349760
PE04 -24983.099903  -6904.301375  14302.180792  -1103.801252
PE05   5326.042385  21656.795483  19461.015428   -149.064541
PE07  13694.508561 -10678.223846 -23967.499056   -700.762373
PE08  24917.974279   6791.121695 -14452.482983   -589.491326
PE09 -13667.590455  10524.102483  24056.149052   -639.614968
PE11 -13127.275964  21646.797371 -15356.839483   2444.647376
PE12 -16262.406993    359.836500 -24738.036326   -140.360232
PE13  13322.711629 -21057.969231  15977.072119    430.427258
PE15  16160.454369   -174.421484  24798.797055    723.860681
PE19 -19990.232025 -21036.251704  -5830.895805  -4678.521393
PE21   4988.109759 -18526.089430  22547.752099   -754.584789
PE24 -23988.594380  15320.311441  -8093.365552   -807.096411
PE25  -5319.528366  18562.806408 -22419.820432   -586.057556
PE26   2173.739058 -29372.030468  -3020.105194  -1550.370298
PE27  23296.810243 -15860.530549   9070.918088   -379.433135
PE30  27553.956887  -3114.000626 -10373.150214   -793.080443
PE31 -27721.603207   3865.384787   9645.128587   -502.520971
PE33  -9447.492957 -20694.309962 -18941.021887   -453.620092
PE36  -2701.956248  29398.348594   2128.649923   -423.625064
PG01  13428.791794 -18733.219646  12579.516525    293.434318
PG02 -15106.443167   8134.025486 -19704.844618   -647.756328
PG03  21894.995727 -12368.926131  -8495.548650   -341.359319
PG05 -25725.085680   5545.533382  -4281.968545    -94.649181
PG06  -8220.236383 -17172.349162 -18427.965788    442.364818
PG07   5028.416592 -25760.515602   1896.976871    311.550861
PG08  18607.730972   -919.122519  19021.901716    -82.402272
PG09   1137.406393 -17868.686033 -19681.416790   -302.657591
PG11 -14152.722628  -5505.389511 -21793.050306    -13.164519
PG12 -23348.588873  10282.315377  -7457.570686   -269.803846
PG13 -20113.011745  -9021.746663  14785.307709    377.113406
PG14  -4973.859734 -14640.973810  21605.163489   -106.934344
PG15 -18657.541718   3208.563480  18311.592530    -33.407098
PG16  25066.509968   1789.011780  -9553.664769   -522.356802
PG17 -11074.020519 -22076.116480  10125.050565    653.546344
PG18  -5268.347959  25860.522156   2252.748137     66.419374
PG19 -17388.020381 -20257.187248   -367.898454    203.519862
PG20 -21065.172742  -2659.011201 -15808.203570    490.859026
PG21  15444.356236  -9806.050863  19611.233704    160.045768
PG22  18554.476085  18998.445240  -1889.072855    318.244056
PG23  -4452.654707  16215.526956  20517.119582    -38.334521
PG24 -14192.503442  15527.506325  15648.552780    153.444753
PG25 -13138.440430  16184.016419 -16586.508263    366.138070
PG26  19636.956801   6296.193082 -16998.190384    226.029345
PG27  21899.680907  10822.828434  10679.626156    216.400633
PG29  -2803.403947  17104.221471 -20147.861017   -546.949908
PG30  -2696.426316 -23642.835602  11624.271990   -536.477835
PG31   9985.016820  15302.710955 -19247.470682   -191.396954
PG32  14682.383038  21021.780416   7446.480541   -217.452215
PR01   3479.554236  12195.771409  22126.420595     13.902302
PR02  20434.263513  11898.750792   9689.966708    528.249858
PR03  23961.630222   4243.813473  -7705.983493     62.727631
PR04  14028.458090  -5345.698287 -20602.672766    155.628462
PR05  -3472.899297 -12140.648547 -22151.786151     98.734494
PR07 -23718.675374  -3765.802346   8558.546601     40.132214
PR08 -13870.435261   5633.701782  20696.303561    -66.922865
PR09  -9025.472150  -7048.348542  22818.404857     73.793176
PR12  -7122.968489  17392.994547 -17205.996654     20.574858
PR13   7539.473837   8071.930305 -22999.704881    -26.225267
PR14  19141.565052  -7311.279211 -15160.409173     24.386875
PR15  18636.476780 -17368.103174   1270.791052     93.994122
PR17  11113.090705   3000.697179  22761.937399    556.551832
PR18   6423.791152 -14455.061902  20008.383606     39.818989
PR19   -305.083739 -24252.759820   7917.168183   -201.714295
PR20  -8768.289775 -20497.307634 -12362.700465    -77.390026
PR21 -10825.611327  -1436.567436 -23058.696923   -329.410507
PR24   9778.162033  19742.868274  12847.774365    111.570488
*  2022 08 29 08 15 30.00000000
PE02  14939.375897  11031.355896 -23046.171508    321.349792
PE03  21522.565075  20022.078075   3407.289770   -594.349797
PE04 -24994.579325  -6912.876361  14277.958037  -1103.801332
PE05   5310.884376  21644.486153  19478.847023   -149.064511
PE07  13713.416300 -10663.382258 -23963.286987   -700.762394
PE08  24929.685572   6799.659870 -14428.237873   -589.491389
PE09 -13686.631007  10509.293032  24051.811152   -639.615106
PE11 -13123.860901  21631.708416 -15381.020816   2444.645835
PE12 -16258.791523    335.262560 -24740.752367   -140.360439
PE13  13319.206746 -21042.231733  16000.704659    430.427259
PE15  16156.895143   -149.755246  24801.273185    723.860661
PE19 -19986.017401 -21032.123992  -5860.140845  -4678.520341
PE21   5009.000878 -18534.719911  22536.021736   -754.584811
PE24 -23995.864364  15323.973682  -8064.800748   -807.096623
PE25  -5340.335824  18571.408600 -22407.752752   -586.057567
PE26   2172.677713 -29375.226091  -2989.625141  -1550.370736
PE27  23304.941404 -15864.640382   9042.774065   -379.433228
PE30  27543.979474  -3110.913418 -10400.528712   -793.080752
PE31 -27712.306186   3862.590660   9672.967100   -502.520976
PE33  -9445.980635 -20713.303085 -18921.004498   -453.620088
PE36  -2700.564981  29400.689396   2097.912661   -423.625121
PG01  13426.484842 -18716.693030  12606.234430    293.434260
PG02 -15103.318623   8107.836688 -19717.461500   -647.756312
PG03  21905.814195 -12369.731205  -8465.898772   -341.359374
PG05 -25720.979092   5541.397111  -4313.037481    -94.649225
PG06  -8213.419153 -17194.841946 -18410.012625    442.364965
PG07   5032.320101 -25761.530878   1865.243634    311.550848
PG08  18624.723413   -901.985049  19006.466858    -82.402315
PG09   1156.569459 -17852.787869 -19694.809892   -302.657544
PG11 -14144.627516  -5531.835436 -21791.640538    -13.164535
PG12 -23358.022849  10281.814347  -7427.493435   -269.803894
PG13 -20123.389822  -9037.710415  14761.858983    377.113447
PG14  -4947.265769 -14647.774658  21606.553640   -106.934314
PG15 -18675.937295   3192.836292  18296.249639    -33.407089
PG16  25055.492293   1793.142795  -9582.136912   -522.356775
PG17 -11064.280520 -22068.451574  10153.654841    653.546307
PG18  -5271.552827  25862.630153   2220.821747     66.419253
PG19 -17386.511985 -20258.651131   -335.957584    203.519938
PG20 -21047.934600  -2669.882973 -15829.536578    490.858982
PG21  15442.117409  -9782.263673  19626.038947    160.045746
PG22  18554.399613  19002.347692  -1857.516589    318.244089
PG23  -4477.763503  16222.630203  20505.924980    -38.334528
PG24 -14192.027043  15506.618544  15669.686608    153.444638
PG25 -13158.788383  16188.005902 -16565.849418    366.138126
PG26  19617.480142   6305.236126 -17017.097629    226.029374
PG27  21908.272141  10833.695658  10651.902225    216.400616
PG29  -2821.104835  17085.900682 -20161.040727   -546.949905
PG30  -2689.624024 -23656.309093  11597.948644   -536.477836
PG31   9977.146365  15325.773779 -19232.638538   -191.396967
PG32  14673.935312  21017.286476   7476.164878   -217.452312
PR01   3450.730984  12186.391962  22136.108421     13.902258
PR02  20422.327921  11892.844262   9722.392300    528.249984
PR03  23972.171108   4245.656162  -7672.339920     62.727645
PR04  14055.468088  -5337.323272 -20586.459580    155.628454
PR05  -3444.369415 -12130.209985 -22161.976323     98.734505
PR07 -23730.212684  -3768.077745   8525.322850     40.132228
PR08 -13897.393487   5625.364607  20680.414699    -66.922849
PR09  -9002.496058  -7069.389882  22820.902236     73.793174
PR12  -7139.929296  17409.457074 -17182.333977     20.574845
PR13   7516.219519   8093.125353 -22999.869707    -26.225265
PR14  19125.425988  -7298.098271 -15187.089512     24.386828
PR15  18636.753464 -17370.319396   1235.209249     93.994178
PR17  11119.514979   3031.223957  22754.708432    556.551883
PR18   6427.640748 -14427.867323  20026.813438     39.818990
PR19   -305.774961 -24241.624518   7951.142048   -201.714320
PR20  -8773.081385 -20513.720818 -12332.022934    -77.390014
PR21 -10831.839779  -1467.549883 -23053.852538   -329.410591
PR24   9782.875187  19759.856700  12817.983904    111.570475
*  2022 08 29 08 15 40.00000000
PE02  14917.729260  11039.528992 -23056.263503    321.349822
PE03  21520.142174  20019.597729   3437.005970   -594.349837
PE04 -25006.046125  -6921.427669  14253.713342  -1103.801416
PE05   5295.703077  21632.177190  19496.648676   -149.064487
PE07  13732.331884 -10648.557531 -23959.038079   -700.762437
PE08  24941.384224   6808.174134 -14403.970574   -589.491453
PE09 -13705.679394  10494.500797  24047.436291   -639.615247
PE11 -13120.454692  21616.592776 -15405.178530   2444.644297
PE12 -16255.195575    310.683025 -24743.430409   -140.360630
PE13  13315.711448 -21026.467981  16024.312605    430.427252
PE15  16153.355658   -125.083679  24803.711198    723.860632
PE19 -19981.776653 -21027.981301  -5889.376876  -4678.519269
PE21   5029.874372 -18543.362237  22524.256756   -754.584840
PE24 -24003.104857  15327.631080  -8036.223536   -807.096829
PE25  -5361.125351  18580.022429 -22395.650593   -586.057575
PE26   2171.609549 -29378.390662  -2959.140496  -1550.371180
PE27  23313.043171 -15868.746122   9014.616150   -379.433316
PE30  27533.978913  -3107.808518 -10427.891231   -793.081050
PE31 -27702.985416   3859.779076   9700.790751   -502.520980
PE33  -9444.486508 -20732.277589 -18900.958032   -453.620087
PE36  -2699.167608  29402.998602   2067.172173   -423.625176
PG01  13424.179599 -18700.131797  12632.924577    293.434189
PG02 -15100.206569   8081.629537 -19730.034313   -647.756340
PG03  21916.596447 -12370.532241  -8436.230846   -341.359446
PG05 -25716.838129   5537.246118  -4344.097345    -94.649268
PG06  -8206.621484 -17217.316962 -18392.020011    442.365106
PG07   5036.213823 -25762.509181   1833.506317    311.550867
PG08  18641.711411   -884.870932  18990.991863    -82.402304
PG09   1175.753880 -17836.889391 -19708.161316   -302.657492
PG11 -14136.548420  -5558.284334 -21790.184423    -13.164553
PG12 -23367.420393  10281.310691  -7397.400413   -269.803922
PG13 -20133.758969  -9053.644581  14738.378788    377.113505
PG14  -4920.673853 -14654.590952  21607.897869   -106.934286
PG15 -18694.324990   3177.130660  18280.866832    -33.407058
PG16  25044.442581   1797.287177  -9610.589396   -522.356760
PG17 -11054.512024 -22060.766379  10182.237833    653.546278
PG18  -5274.746144  25864.701090   2188.890591     66.419132
PG19 -17384.978529 -20260.085569   -304.016010    203.519982
PG20 -21030.678294  -2680.775582 -15850.835566    490.858912
PG21  15439.889599  -9758.458220  19640.803640    160.045738
PG22  18554.299483  19006.220236  -1825.956398    318.244163
PG23  -4502.854754  16229.744051  20494.686593    -38.334531
PG24 -14191.557287  15485.704027  15690.785775    153.444499
PG25 -13179.109768  16191.999519 -16545.155639    366.138173
PG26  19597.986150   6314.297775 -17035.969332    226.029400
PG27  21916.844770  10844.533340  10624.155885    216.400595
PG29  -2838.827954  17067.578539 -20174.177628   -546.949928
PG30  -2682.837019 -23669.754308  11571.600405   -536.477837
PG31   9969.293569  15348.823540 -19217.765380   -191.396968
PG32  14665.458092  21012.772043   7505.833557   -217.452423
PR01   3421.887612  12177.031771  22145.743059     13.902305
PR02  20410.345791  11886.933091   9754.794664    528.249936
PR03  23982.669954   4247.475589  -7638.677955     62.727704
PR04  14082.463941  -5328.977638 -20570.196861    155.628463
PR05  -3415.817875 -12119.790341 -22172.113213     98.734528
PR07 -23741.708833  -3770.329288   8492.078588     40.132237
PR08 -13924.338009   5617.056279  20664.476378    -66.922934
PR09  -8979.533897  -7090.451552  22823.344959     73.793205
PR12  -7156.852697  17425.911631 -17158.629901     20.574895
PR13   7492.982090   8114.339192 -22999.979341    -26.225253
PR14  19109.270314  -7284.880098 -15213.733292     24.386874
PR15  18636.992079 -17372.503502   1199.624479     93.994209
PR17  11125.962976   3061.735682  22747.424817    556.551898
PR18   6431.518001 -14400.651400  20045.195162     39.819006
PR19   -306.449339 -24230.442930   7985.096825   -201.714415
PR20  -8777.880455 -20530.088559 -12301.315725    -77.390000
PR21 -10838.093179  -1498.520488 -23048.952831   -329.410651
PR24   9787.594783  19776.801278  12788.162639    111.570471
*  2022 08 29 08 15 50.00000000
PE02  14896.079560  11047.722562 -23066.320051    321.349832
PE03  21517.693983  20017.100785   3466.716881   -594.349878
PE04 -25017.500257  -6929.955310  14229.446745  -1103.801488
PE05   5280.498504  21619.868640  19514.420358   -149.064451
PE07  13751.255272 -10633.749691 -23954.752338   -700.762478
PE08  24953.070187   6816.664499 -14379.681124   -589.491522
PE09 -13724.735572  10479.725806  24043.024477   -639.615379
PE11 -13117.057379  21601.450481 -15429.312586   2444.642757
PE12 -16251.619161    286.097947 -24746.070450   -140.360832
PE13  13312.225776 -21010.678006  16047.895922    430.427247
PE15  16149.835926   -100.406840  24806.111091    723.860607
PE19 -19977.509763 -21023.823674  -5918.603853  -4678.518179
PE21   5050.730203 -18552.016373  22512.457176   -754.584860
PE24 -24010.315857  15331.283588  -8007.633959   -807.097040
PE25  -5381.896910  18588.647862 -22383.513974   -586.057588
PE26   2170.534610 -29381.524167  -2928.651305  -1550.371626
PE27  23321.115543 -15872.847721   8986.444388   -379.433416
PE30  27523.955240  -3104.685896 -10455.237729   -793.081357
PE31 -27693.640932   3856.950003   9728.599498   -502.520995
PE33  -9443.010551 -20751.233426 -18880.882519   -453.620082
PE36  -2697.764175  29405.276203   2036.428507   -423.625228
PG01  13421.876118 -18683.535977  12659.586906    293.434120
PG02 -15097.107035   8055.404094 -19742.563029   -647.756326
PG03  21927.342471 -12371.329186  -8406.544933   -341.359517
PG05 -25712.662818   5533.080358  -4375.148070    -94.649301
PG06  -8199.843361 -17239.774145 -18373.987984    442.365239
PG07   5040.097804 -25763.450492   1801.764986    311.550867
PG08  18658.694906   -867.780191  18975.476764    -82.402322
PG09   1194.959624 -17820.990654 -19721.471035   -302.657443
PG11 -14128.485356  -5584.736139 -21788.681964    -13.164563
PG12 -23376.781492  10280.804355  -7367.291684   -269.803943
PG13 -20144.119130  -9069.549150  14714.867176    377.113596
PG14  -4894.084049 -14661.422680  21609.196172   -106.934265
PG15 -18712.704741   3161.446600  18265.444146    -33.407150
PG16  25033.360868   1801.444966  -9639.022163   -522.356777
PG17 -11044.715016 -22053.060951  10210.799482    653.546276
PG18  -5277.927956  25866.734947   2156.954739     66.419017
PG19 -17383.419971 -20261.490598   -272.073799    203.520007
PG20 -21013.403882  -2691.689037 -15872.100488    490.858823
PG21  15437.672839  -9734.634558  19655.527757    160.045751
PG22  18554.175652  19010.062904  -1794.392350    318.244256
PG23  -4527.928404  16236.868462  20483.404446    -38.334532
PG24 -14191.094216  15464.762818  15711.850237    153.444390
PG25 -13199.404545  16195.997224 -16524.426968    366.138223
PG26  19578.474882   6323.378038 -17054.805452    226.029421
PG27  21925.398740  10855.341490  10596.387195    216.400570
PG29  -2856.573279  17049.255104 -20187.271694   -546.949929
PG30  -2676.065273 -23683.171202  11545.227328   -536.477838
PG31   9961.458424  15371.860176 -19202.851236   -191.396939
PG32  14656.951364  21008.237168   7535.486516   -217.452523
PR01   3393.024203  12167.690883  22155.324486     13.902275
PR02  20398.317137  11881.017357   9787.173724    528.250035
PR03  23993.126708   4249.271814  -7604.997677     62.727697
PR04  14109.445556  -5320.661379 -20553.884648    155.628479
PR05  -3387.244758 -12109.389664 -22182.196796     98.734486
PR07 -23753.163765  -3772.557031   8458.813895     40.132219
PR08 -13951.268736   5608.776792  20648.488634    -66.922945
PR09  -8956.585741  -7111.533493  22825.733019     73.793251
PR12  -7173.738672  17442.358133 -17134.884483     20.574864
PR13   7469.761622   8135.571756 -23000.033786    -26.225294
PR14  19093.098112  -7271.624690 -15240.340447     24.386844
PR15  18637.192670 -17374.655432   1164.036826     93.994197
PR17  11132.434662   3092.232262  22740.086568    556.551906
PR18   6435.422935 -14373.414223  20063.528733     39.818993
PR19   -307.106803 -24219.215102   8019.032434   -201.714296
PR20  -8782.686911 -20546.410818 -12270.578912    -77.389973
PR21 -10844.371500  -1529.479156 -23043.997813   -329.410689
PR24   9792.320747  19793.701968  12758.310642    111.570500
*  2022 08 29 08 16 00.00000000
PE02  14874.426852  11055.936598 -23076.341133    321.349863
PE03  21515.220484  20014.587289   3496.422453   -594.349928
PE04 -25028.941675  -6938.459295  14205.158285  -1103.801566
PE05   5265.270674  21607.560554  19532.162040   -149.064417
PE07  13770.186415 -10618.958766 -23950.429770   -700.762507
PE08  24964.743413   6825.130973 -14355.369561   -589.491588
PE09 -13743.799496  10464.968083  24038.575719   -639.615516
PE11 -13113.669003  21586.281561 -15453.422946   2444.641223
PE12 -16248.062296    261.507386 -24748.672481   -140.361038
PE13  13308.749773 -20994.861840  16071.454566    430.427250
PE15  16146.335958    -75.724783  24808.472858    723.860581
PE19 -19973.216715 -21019.651152  -5947.821719  -4678.517136
PE21   5071.568329 -18560.682286  22500.623015   -754.584884
PE24 -24017.497361  15334.931158  -7979.032066   -807.097253
PE25  -5402.650456  18597.284864 -22371.342917   -586.057597
PE26   2169.452945 -29384.626589  -2898.157619  -1550.372063
PE27  23329.158517 -15876.945133   8958.258826   -379.433499
PE30  27513.908492  -3101.545518 -10482.568159   -793.081660
PE31 -27684.272772   3854.103411   9756.393289   -502.521001
PE33  -9441.552738 -20770.170550 -18860.777992   -453.620085
PE36  -2696.354733  29407.522186   2005.681716   -423.625285
PG01  13419.574454 -18666.905608  12686.221341    293.434066
PG02 -15094.020050   8029.160427 -19755.047626   -647.756305
PG03  21938.052257 -12372.121982  -8376.841109   -341.359588
PG05 -25708.453192   5528.899791  -4406.189587    -94.649304
PG06  -8193.084763 -17262.213429 -18355.916591    442.365381
PG07   5043.972093 -25764.354799   1770.019720    311.550825
PG08  18675.673831   -850.712846  18959.921605    -82.402317
PG09   1214.186656 -17805.091718 -19734.739021   -302.657387
PG11 -14120.438341  -5611.190782 -21787.133167    -13.164580
PG12 -23386.106140  10280.295288  -7337.167319   -269.804038
PG13 -20154.470243  -9085.424109  14691.324211    377.113687
PG14  -4867.496422 -14668.269822  21610.448555   -106.934259
PG15 -18731.076491   3145.784122  18249.981619    -33.407173
PG16  25022.247197   1805.616200  -9667.435146   -522.356798
PG17 -11034.889492 -22045.335351  10239.339734    653.546302
PG18  -5281.098313  25868.731707   2125.014271     66.418892
PG19 -17381.836264 -20262.866238   -240.131023    203.520045
PG20 -20996.111429  -2702.623339 -15893.331295    490.858784
PG21  15435.467160  -9710.792751  19670.211271    160.045752
PG22  18554.028082  19013.875727  -1762.824522    318.244326
PG23  -4552.984395  16244.003398  20472.078567    -38.334541
PG24 -14190.637870  15443.794971  15732.879939    153.444271
PG25 -13219.672677  16199.998966 -16503.663459    366.138257
PG26  19558.946403   6332.476924 -17073.605939    226.029439
PG27  21933.933990  10866.120117  10568.596227    216.400549
PG29  -2874.340780  17030.930439 -20200.322892   -546.949941
PG30  -2669.308751 -23696.559733  11518.829476   -536.477832
PG31   9953.640925  15394.883617 -19187.896139   -191.396930
PG32  14648.415130  21003.681896   7565.123679   -217.452633
PR01   3364.140843  12158.369355  22164.852655     13.902296
PR02  20386.241925  11875.097139   9819.529349    528.250089
PR03  24003.541313   4251.044891  -7571.299182     62.727667
PR04  14136.412830  -5312.374490 -20537.522988    155.628441
PR05  -3358.650154 -12099.008005 -22192.227056     98.734484
PR07 -23764.577415  -3774.761030   8425.528870     40.132202
PR08 -13978.185557   5600.526151  20632.451517    -66.922876
PR09  -8933.651661  -7132.635653  22828.066399     73.793304
PR12  -7190.587196  17458.796487 -17111.097788     20.574897
PR13   7446.558188   8156.822968 -23000.033057    -26.225354
PR14  19076.909477  -7258.332051 -15266.910892     24.386846
PR15  18637.355273 -17376.775118   1128.446396     93.994157
PR17  11138.929980   3122.713611  22732.693753    556.551909
PR18   6439.355566 -14346.155899  20081.814120     39.819035
PR19   -307.747282 -24207.941090   8052.948778   -201.714321
PR20  -8787.500686 -20562.687519 -12239.812576    -77.390014
PR21 -10850.674708  -1560.425782 -23038.987498   -329.410718
PR24   9797.052996  19810.558748  12728.428003    111.570574
*  2022 08 29 08 16 10.00000000
PE02  14852.771179  11064.171104 -23086.326743    321.349877
PE03  21512.721650  20012.057270   3526.122652   -594.349963
PE04 -25040.370334  -6946.939631  14180.847995  -1103.801663
PE05   5250.019600  21595.252971  19549.873701   -149.064376
PE07  13789.125276 -10604.184779 -23946.070381   -700.762541
PE08  24976.403861   6833.573566 -14331.035920   -589.491655
PE09 -13762.871122  10450.227656  24034.090020   -639.615652
PE11 -13110.289609  21571.086038 -15477.509579   2444.639699
PE12 -16244.524983    236.911383 -24751.236505   -140.361228
PE13  13305.283479 -20979.019509  16094.988513    430.427256
PE15  16142.855766    -51.037557  24810.796499    723.860562
PE19 -19968.897490 -21015.463779  -5977.030454  -4678.516069
PE21   5092.388718 -18569.359939  22488.754290   -754.584901
PE24 -24024.649377  15338.573746  -7950.417892   -807.097465
PE25  -5423.385966  18605.933398 -22359.137436   -586.057613
PE26   2168.364598 -29387.697923  -2867.659476  -1550.372506
PE27  23337.172091 -15881.038311   8930.059496   -379.433597
PE30  27503.838703  -3098.387357 -10509.882490   -793.081972
PE31 -27674.880964   3851.239267   9784.172097   -502.521011
PE33  -9440.113041 -20789.088920 -18840.644477   -453.620089
PE36  -2694.939326  29409.736539   1974.931835   -423.625337
PG01  13417.274659 -18650.240704  12712.827856    293.434001
PG02 -15090.945648   8002.898586 -19767.488054   -647.756300
PG03  21948.725788 -12372.910579  -8347.119412   -341.359662
PG05 -25704.209275   5524.704370  -4437.221841    -94.649398
PG06  -8186.345687 -17284.634751 -18337.805854    442.365520
PG07   5047.836733 -25765.222067   1738.270573    311.550801
PG08  18692.648141   -833.668915  18944.326402    -82.402273
PG09   1233.434959 -17789.192633 -19747.965245   -302.657347
PG11 -14112.407395  -5637.648207 -21785.538029    -13.164596
PG12 -23395.394312  10279.783432  -7307.027367   -269.804087
PG13 -20164.812253  -9101.269449  14667.749916    377.113832
PG14  -4840.911037 -14675.132372  21611.654998   -106.934249
PG15 -18749.440177   3130.143247  18234.479282    -33.407197
PG16  25011.101597   1809.800926  -9695.828305   -522.356826
PG17 -11025.035423 -22037.589625  10267.858523    653.546341
PG18  -5284.257266  25870.691347   2093.069232     66.418772
PG19 -17380.227379 -20264.212544   -208.187739    203.520099
PG20 -20978.800984  -2713.578512 -15914.527950    490.858750
PG21  15433.272598  -9686.932835  19684.854154    160.045768
PG22  18553.856727  19017.658734  -1731.252958    318.244397
PG23  -4578.022675  16251.148823  20460.708969    -38.334553
PG24 -14190.188284  15422.800514  15753.874847    153.444142
PG25 -13239.914121  16204.004706 -16482.865130    366.138307
PG26  19539.400755   6341.594450 -17092.370773    226.029455
PG27  21942.450477  10876.869239  10540.783014    216.400517
PG29  -2892.130437  17012.604604 -20213.331205   -546.949976
PG30  -2662.567429 -23709.919848  11492.406892   -536.477842
PG31   9945.841058  15417.893809 -19172.900115   -191.396946
PG32  14639.849334  20999.106291   7594.745013   -217.452740
PR01   3335.237606  12149.067216  22174.327592     13.902362
PR02  20374.120274  11869.172517   9851.861566    528.249947
PR03  24013.913724   4252.794886  -7537.582522     62.727699
PR04  14163.365689  -5304.116966 -20521.111906    155.628482
PR05  -3330.034128 -12088.645418 -22202.203954     98.734512
PR07 -23775.949742  -3776.941340   8392.223554     40.132178
PR08 -14005.088417   5592.304334  20616.365043    -66.922913
PR09  -8910.731731  -7153.757955  22830.345114     73.793334
PR12  -7207.398260  17475.226620 -17087.269859     20.574904
PR13   7423.371853   8178.092790 -22999.977121    -26.225357
PR14  19060.704475  -7245.002181 -15293.444606     24.386765
PR15  18637.479955 -17378.862518   1092.853234     93.994194
PR17  11145.448939   3153.179627  22725.246291    556.551948
PR18   6443.315933 -14318.876488  20100.051252     39.819059
PR19   -308.370714 -24196.620919   8086.845806   -201.714226
PR20  -8792.321688 -20578.918687 -12209.016777    -77.390064
PR21 -10857.002781  -1591.360295 -23033.921895   -329.410755
PR24   9801.791478  19827.371538  12698.514756    111.570619
*  2022 08 29 08 16 20.00000000
PE02  14831.112598  11072.426071 -23096.276859    321.349907
PE03  21510.197461  20009.510773   3555.817426   -594.349998
PE04 -25051.786187  -6955.396330  14156.515914  -1103.801742
PE05   5234.745300  21582.945942  19567.555310   -149.064348
PE07  13808.071809 -10589.427758 -23941.674179   -700.762580
PE08  24988.051481   6841.992290 -14306.680240   -589.491710
PE09 -13781.950405  10435.504550  24029.567388   -639.615789
PE11 -13106.919238  21555.863944 -15501.572443   2444.638157
PE12 -16241.007238    212.309997 -24753.762514   -140.361429
PE13  13301.826935 -20963.151045  16118.497722    430.427253
PE15  16139.395359    -26.345219  24813.082008    723.860534
PE19 -19964.552070 -21011.261597  -6006.229999  -4678.515014
PE21   5113.191330 -18578.049299  22476.851020   -754.584922
PE24 -24031.771902  15342.211303  -7921.791485   -807.097676
PE25  -5444.103394  18614.593430 -22346.897552   -586.057626
PE26   2167.269617 -29390.738153  -2837.156928  -1550.372952
PE27  23345.156264 -15885.127207   8901.846449   -379.433682
PE30  27493.745912  -3095.211381 -10537.180675   -793.082269
PE31 -27665.465548   3848.357540   9811.935872   -502.521017
PE33  -9438.691437 -20807.988489 -18820.482008   -453.620086
PE36  -2693.518002  29411.919254   1944.178918   -423.625396
PG01  13414.976787 -18633.541302  12739.406376    293.433928
PG02 -15087.883857   7976.618641 -19779.884293   -647.756301
PG03  21959.363056 -12373.694919  -8317.379919   -341.359742
PG05 -25699.931100   5520.494053  -4468.244761    -94.649469
PG06  -8179.626111 -17307.038045 -18319.655821    442.365644
PG07   5051.691773 -25766.052286   1706.517621    311.550774
PG08  18709.617768   -816.648419  18928.691197    -82.402211
PG09   1252.704496 -17773.293459 -19761.149681   -302.657308
PG11 -14104.392531  -5664.108342 -21783.896558    -13.164619
PG12 -23404.646001  10279.268736  -7276.871898   -269.804137
PG13 -20175.145099  -9117.085157  14644.144355    377.113942
PG14  -4814.327959 -14682.010312  21612.815507   -106.934218
PG15 -18767.795743   3114.523986  18218.937174    -33.407201
PG16  24999.924108   1813.999181  -9724.201572   -522.356861
PG17 -11015.152805 -22029.823834  10296.355793    653.546454
PG18  -5287.404862  25872.613847   2061.119703     66.418649
PG19 -17378.593267 -20265.529538   -176.244019    203.520166
PG20 -20961.472611  -2724.554557 -15935.690404    490.858693
PG21  15431.089185  -9663.054875  19699.456382    160.045785
PG22  18553.661548  19021.411956  -1699.677736    318.244473
PG23  -4603.043188  16258.304699  20449.295680    -38.334570
PG24 -14189.745500  15401.779500  15774.834909    153.444024
PG25 -13260.128841  16208.014393 -16462.032036    366.138343
PG26  19519.838002   6350.730623 -17111.099906    226.029469
PG27  21950.948142  10887.588864  10512.947629    216.400490
PG29  -2909.942221  16994.277663 -20226.296601   -546.950043
PG30  -2655.841272 -23723.251507  11465.959639   -536.477856
PG31   9938.058819  15440.890683 -19157.863196   -191.396974
PG32  14631.253979  20994.510398   7624.350441   -217.452853
PR01   3306.314577  12139.784519  22183.749249     13.902335
PR02  20361.952147  11863.243568   9884.170246    528.250092
PR03  24024.243884   4254.521853  -7503.847793     62.727683
PR04  14190.304028  -5295.888802 -20504.651448    155.628496
PR05  -3301.396770 -12078.301952 -22212.127473     98.734446
PR07 -23787.280683  -3779.098018   8358.898046     40.132301
PR08 -14031.977205   5584.111344  20600.229260    -66.922897
PR09  -8887.826021  -7174.900348  22832.569149     73.793288
PR12  -7224.171838  17491.648441 -17063.400761     20.574878
PR13   7400.202690   8199.381144 -22999.865995    -26.225370
PR14  19044.483201  -7231.635079 -15319.941505     24.386759
PR15  18637.566752 -17380.917563   1057.257446     93.994186
PR17  11151.991482   3183.630223  22717.744249    556.551980
PR18   6447.304052 -14291.576098  20118.240101     39.819050
PR19   -308.977026 -24185.254645   8120.723420   -201.714181
PR20  -8797.149848 -20595.104248 -12178.191598    -77.389940
PR21 -10863.355685  -1622.282590 -23028.801018   -329.410818
PR24   9806.536109  19844.140316  12668.570992    111.570468
*  2022 08 29 08 16 30.00000000
PE02  14809.451160  11080.701495 -23106.191467    321.349921
PE03  21507.647897  20006.947836   3585.506730   -594.350042
PE04 -25063.189188  -6963.829402  14132.162080  -1103.801828
PE05   5219.447790  21570.639511  19585.206840   -149.064319
PE07  13827.025969 -10574.687728 -23937.241170   -700.762603
PE08  24999.686226   6850.387155 -14282.302558   -589.491777
PE09 -13801.037302  10420.798791  24025.007832   -639.615910
PE11 -13103.557932  21540.615307 -15525.611502   2444.636615
PE12 -16237.509072    187.703282 -24756.250506   -140.361622
PE13  13298.380185 -20947.256478  16141.982155    430.427260
PE15  16135.954750     -1.647821  24815.329382    723.860510
PE19 -19960.180439 -21007.044648  -6035.420311  -4678.513980
PE21   5133.976126 -18586.750330  22464.913223   -754.584940
PE24 -24038.864934  15345.843783  -7893.152889   -807.097888
PE25  -5464.802704  18623.264925 -22334.623283   -586.057637
PE26   2166.168048 -29393.747265  -2806.650021  -1550.373381
PE27  23353.111033 -15889.211775   8873.619727   -379.433757
PE30  27483.630152  -3092.017560 -10564.462671   -793.082579
PE31 -27656.026558   3845.458198   9839.684571   -502.521025
PE33  -9437.287898 -20826.869211 -18800.290617   -453.620069
PE36  -2692.090810  29414.070318   1913.423011   -423.625457
PG01  13412.680892 -18616.807434  12765.956842    293.433860
PG02 -15084.834706   7950.320652 -19792.236315   -647.756263
PG03  21969.964047 -12374.474948  -8287.622692   -341.359806
PG05 -25695.618695   5516.268797  -4499.258283    -94.649550
PG06  -8172.926020 -17329.423248 -18301.466529    442.365791
PG07   5055.537261 -25766.845436   1674.760934    311.550728
PG08  18726.582654   -799.651379  18913.016025    -82.402307
PG09   1271.995237 -17757.394252 -19774.292301   -302.657254
PG11 -14096.393768  -5690.571123 -21782.208755    -13.164634
PG12 -23413.861194  10278.751147  -7246.700976   -269.804177
PG13 -20185.468723  -9132.871220  14620.507582    377.114058
PG14  -4787.747252 -14688.903626  21613.930078   -106.934189
PG15 -18786.143126   3098.926354  18203.355330    -33.407153
PG16  24988.714769   1818.211005  -9752.554891   -522.356906
PG17 -11005.241625 -22022.038036  10324.831487    653.546593
PG18  -5290.541151  25874.499188   2029.165752     66.418526
PG19 -17376.933888 -20266.817255   -144.299929    203.520195
PG20 -20944.126370  -2735.551482 -15956.818612    490.858673
PG21  15428.916953  -9639.158925  19714.017927    160.045756
PG22  18553.442504  19025.135425  -1668.098925    318.244539
PG23  -4628.045877  16265.470988  20437.838726    -38.334588
PG24 -14189.309558  15380.731974  15795.760079    153.443901
PG25 -13280.316797  16212.027980 -16441.164220    366.138383
PG26  19500.258201   6359.885453 -17129.793296    226.029487
PG27  21959.426929  10898.279004  10485.090132    216.400454
PG29  -2927.776103  16975.949676 -20239.219052   -546.950081
PG30  -2649.130250 -23736.554665  11439.487773   -536.477850
PG31   9930.294199  15463.874175 -19142.785412   -191.396994
PG32  14622.629052  20989.894266   7653.939901   -217.452959
PR01   3277.371841  12130.521311  22193.117604     13.902382
PR02  20349.737562  11857.310372   9916.455313    528.250161
PR03  24034.531742   4256.225851  -7470.095075     62.727644
PR04  14217.227757  -5287.689990 -20488.141655    155.628459
PR05  -3272.738160 -12067.977656 -22221.997590     98.734432
PR07 -23798.570182  -3781.231121   8325.552427     40.132251
PR08 -14058.851829   5575.947176  20584.044208    -66.922907
PR09  -8864.934603  -7196.062770  22834.738497     73.793340
PR12  -7240.907912  17508.061864 -17039.490551     20.574881
PR13   7377.050769   8220.687964 -22999.699678    -26.225341
PR14  19028.245740  -7218.230749 -15346.401523     24.386791
PR15  18637.615712 -17382.940194   1021.659118     93.994185
PR17  11158.557575   3214.065310  22710.187645    556.551988
PR18   6451.319945 -14264.254821  20136.380622     39.819078
PR19   -309.566151 -24173.842314   8154.581540   -201.714139
PR20  -8801.985093 -20611.244161 -12147.337111    -77.390014
PR21 -10869.733392  -1653.192572 -23023.624880   -329.410854
PR24   9811.286816  19860.865043  12638.596782    111.570493
*  2022 08 29 08 16 40.00000000
PE02  14787.786917  11088.997373 -23116.070552    321.349952
PE03  21505.072936  20004.368501   3615.190518   -594.350074
PE04 -25074.579293  -6972.238857  14107.786531  -1103.801919
PE05   5204.127085  21558.333725  19602.828264   -149.064280
PE07  13845.987712 -10559.964716 -23932.771361   -700.762637
PE08  25011.308051   6858.758169 -14257.902912   -589.491831
PE09 -13820.131768  10406.110405  24020.411357   -639.616040
PE11 -13100.205733  21525.340156 -15549.626721   2444.635084
PE12 -16234.030497    163.091291 -24758.700475   -140.361813
PE13  13294.943269 -20931.335838  16165.441778    430.427260
PE15  16132.533949     23.054582  24817.538618    723.860483
PE19 -19955.782581 -21002.812974  -6064.601344  -4678.512929
PE21   5154.743068 -18595.462999  22452.940918   -754.584963
PE24 -24045.928474  15349.471139  -7864.502149   -807.098104
PE25  -5485.483857  18631.947848 -22322.314649   -586.057654
PE26   2165.059938 -29396.725248  -2776.138803  -1550.373820
PE27  23361.036397 -15893.291968   8845.379373   -379.433837
PE30  27473.491461  -3088.805865 -10591.728437   -793.082886
PE31 -27646.564029   3842.541211   9867.418151   -502.521038
PE33  -9435.902400 -20845.731040 -18780.070333   -453.620074
PE36  -2690.657797  29416.189722   1882.664163   -423.625511
PG01  13410.387028 -18600.039128  12792.479194    293.433788
PG02 -15081.798227   7924.004682 -19804.544088   -647.756220
PG03  21980.528751 -12375.250612  -8257.847794   -341.359888
PG05 -25691.272091   5512.028560  -4530.262342    -94.649633
PG06  -8166.245398 -17351.790295 -18283.238018    442.365914
PG07   5059.373243 -25767.601499   1643.000581    311.550655
PG08  18743.542737   -782.677815  18897.300921    -82.402303
PG09   1291.307150 -17741.495068 -19787.393077   -302.657220
PG11 -14088.411122  -5717.036483 -21780.474627    -13.164659
PG12 -23423.039880  10278.230612  -7216.514664   -269.804238
PG13 -20195.783067  -9148.627630  14596.839646    377.114155
PG14  -4761.168981 -14695.812300  21614.998709   -106.934163
PG15 -18804.482269   3083.350365  18187.733786    -33.407081
PG16  24977.473617   1822.436437  -9780.888203   -522.356920
PG17 -10995.301870 -22014.232286  10353.285544    653.546668
PG18  -5293.666181  25876.347351   1997.207448     66.418401
PG19 -17375.249200 -20268.075727   -112.355537    203.520234
PG20 -20926.762318  -2746.569295 -15977.912529    490.858671
PG21  15426.755935  -9615.245040  19728.538763    160.045744
PG22  18553.199556  19028.829172  -1636.516590    318.244568
PG23  -4653.030687  16272.647652  20426.338130    -38.334599
PG24 -14188.880497  15359.657983  15816.650310    153.443782
PG25 -13300.477951  16216.045422 -16420.261723    366.138423
PG26  19480.661409   6369.058951 -17148.450906    226.029508
PG27  21967.886785  10908.939669  10457.210581    216.400420
PG29  -2945.632058  16957.620706 -20252.098532   -546.950109
PG30  -2642.434332 -23749.829278  11412.991350   -536.477857
PG31   9922.547191  15486.844222 -19127.666793   -191.396977
PG32  14613.974536  20985.257947   7683.513332   -217.453071
PR01   3248.409479  12121.277638  22202.432635     13.902385
PR02  20337.476536  11851.373007   9948.716690    528.249993
PR03  24044.777244   4257.906938  -7436.324450     62.727678
PR04  14244.136780  -5279.520526 -20471.582566    155.628430
PR05  -3244.058381 -12057.672582 -22231.814281     98.734444
PR07 -23809.818181  -3783.340704   8292.186776     40.132288
PR08 -14085.712196   5567.811823  20567.809924    -66.922840
PR09  -8842.057549  -7217.245163  22836.853153     73.793367
PR12  -7257.606463  17524.466804 -17015.539288     20.574890
PR13   7353.916161   8242.013187 -22999.478173    -26.225388
PR14  19011.992175  -7204.789192 -15372.824598     24.386810
PR15  18637.626882 -17384.930353    986.058335     93.994267
PR17  11165.147183   3244.484794  22702.576496    556.552050
PR18   6455.363635 -14236.912748  20154.472772     39.819082
PR19   -310.138020 -24162.383973   8188.420085   -201.714183
PR20  -8806.827345 -20627.338386 -12116.453391    -77.390082
PR21 -10876.135871  -1684.090147 -23018.393492   -329.410860
PR24   9816.043526  19877.545678  12608.592199    111.570567
*  2022 08 29 08 16 50.00000000
PE02  14766.119919  11097.313700 -23125.914098    321.349970
PE03  21502.472556  20001.772805   3644.868743   -594.350120
PE04 -25085.956454  -6980.624706  14083.389303  -1103.801989
PE05   5188.783204  21546.028631  19620.419556   -149.064250
PE07  13864.956994 -10545.258747 -23928.264759   -700.762675
PE08  25022.916907   6867.105346 -14233.481338   -589.491904
PE09 -13839.233758  10391.439417  24015.777970   -639.616170
PE11 -13096.862683  21510.038520 -15573.618060   2444.633557
PE12 -16230.571523    138.474076 -24761.112419   -140.362024
PE13  13291.516228 -20915.389156  16188.876553    430.427272
PE15  16129.132966     47.761937  24819.709712    723.860458
PE19 -19951.358477 -20998.566618  -6093.773054  -4678.511881
PE21   5175.492119 -18604.187271  22440.934123   -754.584986
PE24 -24052.962523  15353.093324  -7835.839309   -807.098309
PE25  -5506.146816  18640.642164 -22309.971668   -586.057665
PE26   2163.945332 -29399.672088  -2745.623320  -1550.374266
PE27  23368.932355 -15897.367738   8817.125431   -379.433941
PE30  27463.329875  -3085.576264 -10618.977930   -793.083198
PE31 -27637.077997   3839.606546   9895.136571   -502.521044
PE33  -9434.534915 -20864.573932 -18759.821189   -453.620079
PE36  -2689.219010  29418.277454   1851.902421   -423.625572
PG01  13408.095247 -18583.236415  12818.973374    293.433721
PG02 -15078.774447   7897.670795 -19816.807583   -647.756198
PG03  21991.057155 -12376.021856  -8228.055288   -341.359969
PG05 -25686.891316   5507.773298  -4561.256872    -94.649710
PG06  -8159.584229 -17374.139120 -18264.970327    442.366048
PG07   5063.199766 -25768.320457   1611.236631    311.550640
PG08  18760.497959   -765.727745  18881.545918    -82.402317
PG09   1310.640205 -17725.595965 -19800.451982   -302.657172
PG11 -14080.444610  -5743.504357 -21778.694175    -13.164682
PG12 -23432.182047  10277.707078  -7186.313025   -269.804290
PG13 -20206.088072  -9164.354373  14573.140599    377.114236
PG14  -4734.593212 -14702.736319  21616.021397   -106.934157
PG15 -18822.813111   3067.796033  18172.072579    -33.407039
PG16  24966.200689   1826.675519  -9809.201450   -522.356924
PG17 -10985.333530 -22006.406642  10381.717908    653.546784
PG18  -5296.780003  25878.158317   1965.244858     66.418280
PG19 -17373.539163 -20269.304989    -80.410910    203.520278
PG20 -20909.380517  -2757.608006 -15998.972109    490.858646
PG21  15424.606164  -9591.313275  19743.018865    160.045741
PG22  18552.932662  19032.493230  -1604.930799    318.244581
PG23  -4677.997563  16279.834654  20414.793916    -38.334617
PG24 -14188.458357  15338.557572  15837.505557    153.443659
PG25 -13320.612265  16220.066670 -16399.324588    366.138459
PG26  19461.047683   6378.251127 -17167.072694    226.029525
PG27  21976.327655  10919.570872  10429.309037    216.400393
PG29  -2963.510058  16939.290814 -20264.935013   -546.950147
PG30  -2635.753487 -23763.075300  11386.470426   -536.477860
PG31   9914.817787  15509.800758 -19112.507370   -191.396968
PG32  14605.290415  20980.601492   7713.070672   -217.453182
PR01   3219.427573  12112.053547  22211.694319     13.902360
PR02  20325.169085  11845.431554   9980.954298    528.250026
PR03  24054.980340   4259.565174  -7402.535999     62.727697
PR04  14271.031006  -5271.380403 -20454.974222    155.628424
PR05  -3215.357514 -12047.386780 -22241.577522     98.734440
PR07 -23821.024626  -3785.426824   8258.801175     40.132194
PR08 -14112.558214   5559.705280  20551.526448    -66.922830
PR09  -8819.194931  -7238.447464  22838.913112     73.793343
PR12  -7274.267471  17540.863175 -16991.547028     20.574888
PR13   7330.798935   8263.356746 -22999.201478    -26.225436
PR14  18995.722591  -7191.310408 -15399.210665     24.386810
PR15  18637.600308 -17386.887979    950.455183     93.994204
PR17  11171.760271   3274.888585  22694.910821    556.552103
PR18   6459.435146 -14209.549972  20172.516508     39.819099
PR19   -310.692565 -24150.879669   8222.238973   -201.714120
PR20  -8811.676530 -20643.386882 -12085.540512    -77.390013
PR21 -10882.563093  -1714.975223 -23013.106869   -329.410876
PR24   9820.806165  19894.182182  12578.557314    111.570656
*  2022 08 29 08 17 00.00000000
PE02  14744.450222  11105.650468 -23135.722086    321.349990
PE03  21499.846740  19999.160792   3674.541355   -594.350162
PE04 -25097.320626  -6988.986961  14058.970436  -1103.802081
PE05   5173.416162  21533.724275  19637.980686   -149.064211
PE07  13883.933769 -10530.569850 -23923.721373   -700.762706
PE08  25034.512748   6875.428693 -14209.037877   -589.491967
PE09 -13858.343226  10376.785854  24011.107681   -639.616298
PE11 -13093.528823  21494.710430 -15597.585482   2444.632030
PE12 -16227.132167    113.851698 -24763.486330   -140.362225
PE13  13288.099104 -20899.416464  16212.286439    430.427271
PE15  16125.751812     72.474184  24821.842660    723.860438
PE19 -19946.908112 -20994.305619  -6122.935386  -4678.510834
PE21   5196.223237 -18612.923109  22428.892858   -754.585009
PE24 -24059.967078  15356.710291  -7807.164419   -807.098523
PE25  -5526.791536  18649.347838 -22297.594360   -586.057679
PE26   2162.824277 -29402.587769  -2715.103622  -1550.374706
PE27  23376.798905 -15901.439038   8788.857949   -379.434026
PE30  27453.145431  -3082.328727 -10646.211106   -793.083509
PE31 -27627.568498   3836.654172   9922.839783   -502.521050
PE33  -9433.185418 -20883.397838 -18739.543218   -453.620086
PE36  -2687.774496  29420.333507   1821.137837   -423.625629
PG01  13405.805606 -18566.399334  12845.439307    293.433654
PG02 -15075.763395   7871.319056 -19829.026783   -647.756205
PG03  22001.549250 -12376.788625  -8198.245249   -341.360043
PG05 -25682.476404   5503.502973  -4592.241804    -94.649777
PG06  -8152.942491 -17396.469659 -18246.663503    442.366177
PG07   5067.016882 -25769.002302   1579.469158    311.550710
PG08  18777.448254   -748.801192  18865.751063    -82.402326
PG09   1329.994363 -17709.697003 -19813.468989   -302.657124
PG11 -14072.494248  -5769.974676 -21776.867409    -13.164705
PG12 -23441.287688  10277.180494  -7156.096129   -269.804360
PG13 -20216.383679  -9180.051437  14549.410506    377.114300
PG14  -4708.020007 -14709.675665  21616.998145   -106.934130
PG15 -18841.135594   3052.263372  18156.371747    -33.406971
PG16  24954.896029   1830.928287  -9837.494567   -522.356947
PG17 -10975.336599 -21998.561163  10410.128523    653.546850
PG18  -5299.882665  25879.932068   1933.278064     66.418152
PG19 -17371.803727 -20270.505065    -48.466119    203.520278
PG20 -20891.981029  -2768.667616 -16019.997305    490.858639
PG21  15422.467668  -9567.363693  19757.458208    160.045744
PG22  18552.641786  19036.127629  -1573.341631    318.244625
PG23  -4702.946448  16287.031954  20403.206113    -38.334625
PG24 -14188.043178  15317.430794  15858.325766    153.443533
PG25 -13340.719700  16224.091676 -16378.352871    366.138502
PG26  19441.417089   6387.461986 -17185.658611    226.029536
PG27  21984.749479  10930.172623  10401.385576    216.400366
PG29  -2981.410072  16920.960064 -20277.728463   -546.950197
PG30  -2629.087683 -23776.292689  11359.925066   -536.477866
PG31   9907.105980  15532.743714 -19097.307176   -191.396977
PG32  14596.576697  20975.924945   7742.611846   -217.453298
PR01   3190.426212  12102.849091  22220.902611     13.902329
PR02  20312.815174  11839.486089  10013.168009    528.249954
PR03  24065.140973   4261.200614  -7368.729816     62.727700
PR04  14297.910334  -5263.269616 -20438.316671    155.628465
PR05  -3186.635649 -12037.120297 -22251.287299     98.734433
PR07 -23832.189454  -3787.489539   8225.395725     40.132262
PR08 -14139.389772   5551.627549  20535.193825    -66.922713
PR09  -8796.346820  -7259.669620  22840.918355     73.793390
PR12  -7290.890910  17557.250889 -16967.513835     20.574890
PR13   7307.699165   8284.718566 -22998.869611    -26.225482
PR14  18979.437081  -7177.794401 -15425.559641     24.386823
PR15  18637.536029 -17388.813009    914.849767     93.994162
PR17  11178.396781   3305.276596  22687.190685    556.552092
PR18   6463.534491 -14182.166601  20190.511803     39.819103
PR19   -311.229715 -24139.329455   8256.038108   -201.714236
PR20  -8816.532579 -20659.389576 -12054.598553    -77.389895
PR21 -10889.015024  -1745.847692 -23007.765023   -329.410954
PR24   9825.574651  19910.774529  12548.492219    111.570713
*  2022 08 29 08 17 10.00000000
PE02  14722.777872  11114.007679 -23145.494509    321.350021
PE03  21497.195460  19996.532497   3704.208320   -594.350197
PE04 -25108.671763  -6997.325629  14034.529964  -1103.802158
PE05   5158.025975  21521.420702  19655.511630   -149.064177
PE07  13902.917998 -10515.898044 -23919.141205   -700.762738
PE08  25046.095529   6883.728223 -14184.572562   -589.492037
PE09 -13877.460132  10362.149741  24006.400494   -639.616425
PE11 -13090.204196  21479.355909 -15621.528955   2444.630499
PE12 -16223.712430     89.224198 -24765.822211   -140.362427
PE13  13284.691940 -20883.417789  16235.671412    430.427267
PE15  16122.390498     97.191281  24823.937460    723.860420
PE19 -19942.431466 -20990.030027  -6152.088314  -4678.509815
PE21   5216.936392 -18621.670481  22416.817139   -754.585030
PE24 -24066.942146  15360.321995  -7778.477511   -807.098733
PE25  -5547.417995  18658.064833 -22285.182744   -586.057693
PE26   2161.696822 -29405.472287  -2684.579751  -1550.375140
PE27  23384.636045 -15905.505821   8760.576962   -379.434117
PE30  27442.938163  -3079.063225 -10673.427930   -793.083811
PE31 -27618.035566   3833.684059   9950.527753   -502.521056
PE33  -9431.853882 -20902.202718 -18719.236444   -453.620091
PE36  -2686.324305  29422.357865   1790.370448   -423.625678
PG01  13403.518154 -18549.527899  12871.876967    293.433584
PG02 -15072.765105   7844.949520 -19841.201634   -647.756220
PG03  22012.005023 -12377.550864  -8168.417718   -341.360122
PG05 -25678.027380   5499.217533  -4623.217082    -94.649798
PG06  -8146.320181 -17418.781851 -18228.317568    442.366308
PG07   5070.824630 -25769.646994   1547.698224    311.550725
PG08  18794.393572   -731.898172  18849.916367    -82.402206
PG09   1349.369611 -17693.798227 -19826.444070   -302.657077
PG11 -14064.560050  -5796.447381 -21774.994324    -13.164727
PG12 -23450.356780  10276.650802  -7125.864028   -269.804404
PG13 -20226.669830  -9195.718815  14525.649392    377.114304
PG14  -4681.449433 -14716.630329  21617.928939   -106.934114
PG15 -18859.449656   3036.752394  18140.631322    -33.406918
PG16  24943.559664   1835.194786  -9865.767512   -522.356997
PG17 -10965.311049 -21990.695898  10438.517323    653.546937
PG18  -5302.974217  25881.668581   1901.307110     66.418023
PG19 -17370.042866 -20271.676005    -16.521222    203.520306
PG20 -20874.563904  -2779.748143 -16040.988080    490.858614
PG21  15420.340486  -9543.396334  19771.856763    160.045721
PG22  18552.326878  19039.732400  -1541.749128    318.244678
PG23  -4727.877290  16294.239515  20391.574736    -38.334634
PG24 -14187.634997  15296.277679  15879.110904    153.443403
PG25 -13360.800216  16228.120396 -16357.346589    366.138538
PG26  19421.769668   6396.691549 -17204.208639    226.029552
PG27  21993.152215  10940.744938  10373.440225    216.400334
PG29  -2999.332082  16902.628513 -20290.478866   -546.950253
PG30  -2622.436891 -23789.481398  11333.355310   -536.477866
PG31   9899.411758  15555.673039 -19082.066236   -191.396998
PG32  14587.833322  20971.228369   7772.136820   -217.453417
PR01   3161.405470  12093.664298  22230.057535     13.902345
PR02  20300.414925  11833.536693  10045.357851    528.249899
PR03  24075.259098   4262.813323  -7334.905956     62.727657
PR04  14324.774685  -5255.188155 -20421.609935    155.628479
PR05  -3157.892852 -12026.873189 -22260.943573     98.734397
PR07 -23843.312623  -3789.528904   8191.970462     40.132291
PR08 -14166.206816   5543.578608  20518.812080    -66.922679
PR09  -8773.513287  -7280.911558  22842.868903     73.793325
PR12  -7307.476777  17573.629867 -16943.439757     20.574901
PR13   7284.616913   8306.098603 -22998.482540    -26.225491
PR14  18963.135715  -7164.241172 -15451.871503     24.386746
PR15  18637.434111 -17390.705396    879.242132     93.994194
PR17  11185.056721   3335.648729  22679.416011    556.552118
PR18   6467.661712 -14154.762693  20208.458582     39.819136
PR19   -311.749408 -24127.733365   8289.817438   -201.714170
PR20  -8821.395400 -20675.346495 -12023.627579    -77.389884
PR21 -10895.491640  -1776.707486 -23002.367966   -329.410970
PR24   9830.348929  19927.322649  12518.396947    111.570812
*  2022 08 29 08 17 20.00000000
PE02  14701.102922  11122.385325 -23155.231349    321.350057
PE03  21494.518698  19993.887962   3733.869587   -594.350238
PE04 -25120.009819  -7005.640723  14010.067927  -1103.802239
PE05   5142.612660  21509.117959  19673.012360   -149.064137
PE07  13921.909635 -10501.243359 -23914.524266   -700.762768
PE08  25057.665204   6892.003946 -14160.085433   -589.492104
PE09 -13896.584427  10347.531102  24001.656416   -639.616554
PE11 -13086.888844  21463.974988 -15645.448439   2444.628977
PE12 -16220.312328     64.591635 -24768.120056   -140.362618
PE13  13281.294774 -20867.393164  16259.031431    430.427267
PE15  16119.049033    121.913168  24825.994108    723.860396
PE19 -19937.928525 -20985.739881  -6181.231783  -4678.508790
PE21   5237.631543 -18630.429350  22404.706984   -754.585050
PE24 -24073.887723  15363.928389  -7749.778634   -807.098946
PE25  -5568.026147  18666.793115 -22272.736838   -586.057701
PE26   2160.563012 -29408.325625  -2654.051755  -1550.375578
PE27  23392.443775 -15909.568040   8732.282517   -379.434206
PE30  27432.708109  -3075.779726 -10700.628357   -793.084124
PE31 -27608.479238   3830.696175   9978.200434   -502.521071
PE33  -9430.540280 -20920.988525 -18698.900903   -453.620086
PE36  -2684.868483  29424.350520   1759.600307   -423.625728
PG01  13401.232947 -18532.622149  12898.286278    293.433516
PG02 -15069.779604   7818.562254 -19853.332119   -647.756204
PG03  22022.424464 -12378.308519  -8138.572769   -341.360198
PG05 -25673.544277   5494.916941  -4654.182636    -94.649830
PG06  -8139.717276 -17441.075628 -18209.932571    442.366445
PG07   5074.623060 -25770.254527   1515.923901    311.550720
PG08  18811.333849   -715.018706  18834.041877    -82.402200
PG09   1368.765908 -17677.899701 -19839.377197   -302.657028
PG11 -14056.642035  -5822.922403 -21773.074928    -13.164744
PG12 -23459.389315  10276.117951  -7095.616792   -269.804453
PG13 -20236.946467  -9211.356496  14501.857322    377.114355
PG14  -4654.881554 -14723.600293  21618.813783   -106.934087
PG15 -18877.755238   3021.263115  18124.851343    -33.406895
PG16  24932.191637   1839.475052  -9894.020219   -522.357037
PG17 -10955.256877 -21982.810906  10466.884255    653.546987
PG18  -5306.054707  25883.367839   1869.332077     66.417896
PG19 -17368.256531 -20272.817836     15.423709    203.520363
PG20 -20857.129207  -2790.849592 -16061.944385    490.858593
PG21  15418.224647  -9519.411260  19786.214506    160.045711
PG22  18551.987903  19043.307576  -1510.153369    318.244734
PG23  -4752.790032  16301.457299  20379.899815    -38.334646
PG24 -14187.233854  15275.098281  15899.860920    153.443289
PG25 -13380.853777  16232.152781 -16336.305799    366.138580
PG26  19402.105483   6405.939820 -17222.722728    226.029568
PG27  22001.535802  10951.287827  10345.473059    216.400306
PG29  -3017.276055  16884.296226 -20303.186191   -546.950302
PG30  -2615.801078 -23802.641383  11306.761223   -536.477865
PG31   9891.735113  15578.588661 -19066.784584   -191.397014
PG32  14579.060297  20966.511811   7801.645518   -217.453522
PR01   3132.365433  12084.499224  22239.159046     13.902363
PR02  20287.968303  11827.583443  10077.523695    528.250021
PR03  24085.334662   4264.403356  -7301.064514     62.727615
PR04  14351.623959  -5247.136017 -20404.854064    155.628469
PR05  -3129.129214 -12016.645503 -22270.546327     98.734438
PR07 -23854.394072  -3791.544976   8158.525488     40.132203
PR08 -14193.009235   5535.558458  20502.381257    -66.922783
PR09  -8750.694404  -7302.173222  22844.764738     73.793410
PR12  -7324.025046  17590.000020 -16919.324857     20.574888
PR13   7261.552252   8327.496781 -22998.040282    -26.225488
PR14  18946.818585  -7150.650724 -15478.146167     24.386766
PR15  18637.294593 -17392.565074    843.632384     93.994164
PR17  11191.740033   3366.004895  22671.586865    556.552188
PR18   6471.816819 -14127.338357  20226.356817     39.819148
PR19   -312.251573 -24116.091451   8323.576869   -201.714107
PR20  -8826.264926 -20691.257565 -11992.627670    -77.389920
PR21 -10901.992908  -1807.554499 -22996.915712   -329.411012
PR24   9835.128916  19943.826517  12488.271591    111.570813
*  2022 08 29 08 17 30.00000000
PE02  14679.425425  11130.783402 -23164.932589    321.350078
PE03  21491.816434  19991.227226   3763.525109   -594.350276
PE04 -25131.334748  -7013.932252  13985.584361  -1103.802331
PE05   5127.176235  21496.816092  19690.482850   -149.064097
PE07  13940.908636 -10486.605819 -23909.870561   -700.762800
PE08  25069.221725   6900.255873 -14135.576527   -589.492166
PE09 -13915.716069  10332.929965  23996.875457   -639.616686
PE11 -13083.582809  21448.567698 -15669.343897   2444.627455
PE12 -16216.931871     39.954062 -24770.379861   -140.362813
PE13  13277.907650 -20851.342618  16282.366458    430.427267
PE15  16115.727429    146.639792  24828.012602    723.860371
PE19 -19933.399271 -20981.435223  -6210.365751  -4678.507716
PE21   5258.308652 -18639.199681  22392.562414   -754.585080
PE24 -24080.803812  15367.529426  -7721.067834   -807.099159
PE25  -5588.615957  18675.532648 -22260.256662   -586.057717
PE26   2159.422893 -29411.147772  -2623.519683  -1550.376023
PE27  23400.222093 -15913.625649   8703.974657   -379.434293
PE30  27422.455305  -3072.478202 -10727.812344   -793.084437
PE31 -27598.899549   3827.690489  10005.857784   -502.521087
PE33  -9429.244587 -20939.755213 -18678.536626   -453.620086
PE36  -2683.407078  29426.311463   1728.827460   -423.625785
PG01  13398.950038 -18515.682114  12924.667183    293.433445
PG02 -15066.806921   7792.157320 -19865.418209   -647.756167
PG03  22032.807561 -12379.061535  -8108.710465   -341.360266
PG05 -25669.027124   5490.601153  -4685.138403    -94.649878
PG06  -8133.133760 -17463.350928 -18191.508550    442.366587
PG07   5078.412220 -25770.824881   1484.146259    311.550722
PG08  18828.269024   -698.162814  18818.127627    -82.402316
PG09   1388.183223 -17662.001479 -19852.268345   -302.656975
PG11 -14048.740219  -5849.399676 -21771.109225    -13.164761
PG12 -23468.385285  10275.581887  -7065.354485   -269.804476
PG13 -20247.213530  -9226.964467  14478.034346    377.114428
PG14  -4628.316433 -14730.585541  21619.652674   -106.934060
PG15 -18896.052281   3005.795547  18109.031846    -33.406852
PG16  24920.791987   1843.769127  -9922.252630   -522.357065
PG17 -10945.174071 -21974.906246  10495.229259    653.547000
PG18  -5309.124185  25885.029824   1837.353033     66.417776
PG19 -17366.444682 -20273.930592     47.368608    203.520426
PG20 -20839.676996  -2801.971968 -16082.866175    490.858575
PG21  15416.120183  -9495.408527  19800.531410    160.045717
PG22  18551.624821  19046.853188  -1478.554421    318.244789
PG23  -4777.684621  16308.685267  20368.181374    -38.334651
PG24 -14186.839788  15253.892645  15920.575768    153.443169
PG25 -13400.880343  16236.188784 -16315.230541    366.138630
PG26  19382.424595   6415.206809 -17241.200839    226.029591
PG27  22009.900186  10961.801303  10317.484138    216.400282
PG29  -3035.241964  16865.963263 -20315.850410   -546.950341
PG30  -2609.180213 -23815.772600  11280.142861   -536.477866
PG31   9884.076038  15601.490518 -19051.462249   -191.397035
PG32  14570.257607  20961.775320   7831.137879   -217.453628
PR01   3103.306185  12075.353913  22248.207122     13.902393
PR02  20275.475326  11821.626420  10109.665464    528.250278
PR03  24095.367612   4265.970774  -7267.205570     62.727619
PR04  14378.458062  -5239.113192 -20388.049099    155.628400
PR05  -3100.344817 -12006.437288 -22280.095539     98.734442
PR07 -23865.433745  -3793.537813   8125.060884     40.132204
PR08 -14219.796937   5527.567093  20485.901396    -66.922866
PR09  -8727.890241  -7323.454551  22846.605855     73.793366
PR12  -7340.535699  17606.361262 -16895.169192     20.574911
PR13   7238.505253   8348.913034 -22997.542838    -26.225473
PR14  18930.485775  -7137.023060 -15504.383570     24.386764
PR15  18637.117522 -17394.391986    808.020609     93.994151
PR17  11198.446682   3396.345004  22663.703266    556.552188
PR18   6475.999837 -14099.893685  20244.206467     39.819136
PR19   -312.736143 -24104.403763   8357.316318   -201.714163
PR20  -8831.141080 -20707.122746 -11961.598900    -77.389878
PR21 -10908.518796  -1838.388637 -22991.408274   -329.411049
PR24   9839.914538  19960.286096  12458.116221    111.570822
*  2022 08 29 08 17 40.00000000
PE02  14657.745431  11139.201905 -23174.598216    321.350105
PE03  21489.088645  19988.550329   3793.174841   -594.350317
PE04 -25142.646505  -7022.200229  13961.079305  -1103.802407
PE05   5111.716715  21484.515147  19707.923072   -149.064072
PE07  13959.914955 -10471.985451 -23905.180098   -700.762819
PE08  25080.765047   6908.484015 -14111.045882   -589.492233
PE09 -13934.855012  10318.346354  23992.057622   -639.616823
PE11 -13080.286132  21433.134067 -15693.215293   2444.625926
PE12 -16213.571070     15.311533 -24772.601622   -140.363012
PE13  13274.530608 -20835.266183  16305.676458    430.427259
PE15  16112.425696    171.371098  24829.992938    723.860340
PE19 -19928.843688 -20977.116096  -6239.490170  -4678.506672
PE21   5278.967681 -18647.981440  22380.383446   -754.585108
PE24 -24087.690413  15371.125058  -7692.345154   -807.099366
PE25  -5609.187386  18684.283396 -22247.742235   -586.057728
PE26   2158.276512 -29413.938716  -2592.983580  -1550.376470
PE27  23407.970998 -15917.678600   8675.653427   -379.434383
PE30  27412.179789  -3069.158624 -10754.979850   -793.084742
PE31 -27589.296534   3824.666969  10033.499761   -502.521085
PE33  -9427.966775 -20958.502738 -18658.143644   -453.620080
PE36  -2681.940139  29428.240684   1698.051955   -423.625843
PG01  13396.669480 -18498.707828  12951.019621    293.433377
PG02 -15063.847086   7765.734782 -19877.459875   -647.756137
PG03  22043.154305 -12379.809857  -8078.830870   -341.360335
PG05 -25664.475952   5486.270126  -4716.084316    -94.649911
PG06  -8126.569616 -17485.607685 -18173.045546    442.366725
PG07   5082.192158 -25771.358041   1452.365366    311.550676
PG08  18845.199038   -681.330514  18802.173651    -82.402420
PG09   1407.621526 -17646.103619 -19865.117486   -302.656935
PG11 -14040.854617  -5875.879135 -21769.097220    -13.164774
PG12 -23477.344676  10275.042558  -7035.077169   -269.804496
PG13 -20257.470962  -9242.542719  14454.180517    377.114514
PG14  -4601.754137 -14737.586058  21620.445609   -106.934044
PG15 -18914.340725   2990.349704  18093.172868    -33.406796
PG16  24909.360752   1848.077050  -9950.464689   -522.357077
PG17 -10935.062618 -21966.981973  10523.552278    653.547124
PG18  -5312.182701  25886.654516   1805.370048     66.417654
PG19 -17364.607278 -20275.014305     79.313407    203.520461
PG20 -20822.207332  -2813.115281 -16103.753407    490.858527
PG21  15414.027126  -9471.388189  19814.807451    160.045721
PG22  18551.237590  19050.369268  -1446.952351    318.244862
PG23  -4802.560999  16315.923381  20356.419437    -38.334659
PG24 -14186.452838  15232.660819  15941.255401    153.443051
PG25 -13420.879876  16240.228359 -16294.120860    366.138669
PG26  19362.727058   6424.492525 -17259.642932    226.029607
PG27  22018.245314  10972.285378  10289.473523    216.400259
PG29  -3053.229783  16847.629686 -20328.471498   -546.950405
PG30  -2602.574266 -23828.875004  11253.500281   -536.477874
PG31   9876.434523  15624.378546 -19036.099263   -191.397061
PG32  14561.425237  20957.018949   7860.613840   -217.453738
PR01   3074.227809  12066.228409  22257.201741     13.902378
PR02  20262.936012  11815.665700  10141.783081    528.250133
PR03  24105.357897   4267.515635  -7233.329206     62.727638
PR04  14405.276903  -5231.119676 -20371.195079    155.628424
PR05  -3071.539742 -11996.248592 -22289.591186     98.734473
PR07 -23876.431586  -3795.507472   8091.576731     40.132212
PR08 -14246.569830   5519.604506  20469.372537    -66.922906
PR09  -8705.100869  -7344.755484  22848.392249     73.793415
PR12  -7357.008719  17622.713508 -16870.972822     20.574943
PR13   7215.475984   8370.347297 -22996.990210    -26.225509
PR14  18914.137372  -7123.358182 -15530.583649     24.386750
PR15  18636.902945 -17396.186074    772.406892     93.994155
PR17  11205.176632   3426.668966  22655.765233    556.552213
PR18   6480.210786 -14072.428770  20262.007489     39.819120
PR19   -313.203050 -24092.670346   8391.035705   -201.714266
PR20  -8836.023786 -20722.941999 -11930.541344    -77.389706
PR21 -10915.069273  -1869.209807 -22985.845665   -329.411079
PR24   9844.705723  19976.701344  12427.930910    111.570928
*  2022 08 29 08 17 50.00000000
PE02  14636.062994  11147.640829 -23184.228213    321.350129
PE03  21486.335312  19985.857311   3822.818737   -594.350362
PE04 -25153.945045  -7030.444664  13936.552795  -1103.802495
PE05   5096.234118  21472.215170  19725.332999   -149.064037
PE07  13978.928550 -10457.382279 -23900.452884   -700.762850
PE08  25092.295122   6916.688383 -14086.493535   -589.492300
PE09 -13954.001211  10303.780295  23987.202920   -639.616955
PE11 -13076.998856  21417.674124 -15717.062591   2444.624397
PE12 -16210.229936     -9.335899 -24774.785335   -140.363193
PE13  13271.163689 -20819.163890  16328.961395    430.427260
PE15  16109.143843    196.107034  24831.935113    723.860313
PE19 -19924.261759 -20972.782542  -6268.604997  -4678.505652
PE21   5299.608594 -18656.774591  22368.170100   -754.585129
PE24 -24094.547526  15374.715241  -7663.610639   -807.099574
PE25  -5629.740398  18693.045325 -22235.193577   -586.057738
PE26   2157.123916 -29416.698444  -2562.443493  -1550.376903
PE27  23415.690488 -15921.726847   8647.318869   -379.434471
PE30  27401.881596  -3065.820959 -10782.130832   -793.085055
PE31 -27579.670229   3821.625586  10061.126322   -502.521096
PE33  -9426.706817 -20977.231056 -18637.721988   -453.620075
PE36  -2680.467712  29430.138171   1667.273839   -423.625892
PG01  13394.391326 -18481.699319  12977.343536    293.433299
PG02 -15060.900127   7739.294702 -19889.457086   -647.756126
PG03  22053.464684 -12380.553431  -8048.934047   -341.360407
PG05 -25659.890792   5481.923819  -4747.020311    -94.649919
PG06  -8120.024828 -17507.845836 -18154.543597    442.366852
PG07   5085.962921 -25771.853986   1420.581293    311.550768
PG08  18862.123831   -664.521825  18786.179986    -82.402423
PG09   1427.080784 -17630.206175 -19877.924593   -302.656899
PG11 -14032.985245  -5902.360712 -21767.038918    -13.164798
PG12 -23486.267477  10274.499910  -7004.784908   -269.804534
PG13 -20267.718703  -9258.091241  14430.295886    377.114618
PG14  -4575.194728 -14744.601828  21621.192587   -106.934018
PG15 -18932.620511   2974.925599  18077.274446    -33.406747
PG16  24897.897970   1852.398860  -9978.656337   -522.357077
PG17 -10924.922509 -21959.038145  10551.853254    653.547171
PG18  -5315.230304  25888.241897   1773.383189     66.417526
PG19 -17362.744279 -20276.069012    111.258040    203.520490
PG20 -20804.720273  -2824.279537 -16124.606036    490.858482
PG21  15411.945508  -9447.350302  19829.042602    160.045694
PG22  18550.826171  19053.855848  -1415.347226    318.244908
PG23  -4827.419115  16323.171603  20344.614029    -38.334675
PG24 -14186.073042  15211.402847  15961.899774    153.442921
PG25 -13440.852340  16244.271456 -16272.976798    366.138705
PG26  19343.012931   6433.796979 -17278.048968    226.029624
PG27  22026.571131  10982.740064  10261.441272    216.400223
PG29  -3071.239482  16829.295556 -20341.049427   -546.950501
PG30  -2595.983203 -23841.948553  11226.833540   -536.477890
PG31   9868.810560  15647.252680 -19020.695657   -191.397093
PG32  14552.563172  20952.242748   7890.073342   -217.453850
PR01   3045.130389  12057.122759  22266.142883     13.902402
PR02  20250.350379  11809.701364  10173.876469    528.250194
PR03  24115.305466   4269.037999  -7199.435503     62.727654
PR04  14432.080388  -5223.155459 -20354.292046    155.628412
PR05  -3042.714073 -11986.079466 -22299.033246     98.734476
PR07 -23887.387543  -3797.454010   8058.073108     40.132224
PR08 -14273.327821   5511.670690  20452.794718    -66.922894
PR09  -8682.326360  -7366.075960  22850.123915     73.793428
PR12  -7373.444086  17639.056674 -16846.735804     20.574960
PR13   7192.464515   8391.799503 -22996.382400    -26.225548
PR14  18897.773459  -7109.656093 -15556.746340     24.386760
PR15  18636.650912 -17397.947278    736.791319     93.994179
PR17  11211.929845   3456.976689  22647.772785    556.552243
PR18   6484.449688 -14044.943704  20279.759840     39.819109
PR19   -313.652226 -24080.891249   8424.734948   -201.714286
PR20  -8840.912969 -20738.715286 -11899.455076    -77.389825
PR21 -10921.644310  -1900.017915 -22980.227900   -329.411115
PR24   9849.502395  19993.072224  12397.715732    111.571013
*  2022 08 29 08 18 00.00000000
PE02  14614.378165  11156.100167 -23193.822564    321.350154
PE03  21483.556418  19983.148214   3852.456745   -594.350399
PE04 -25165.230321  -7038.665569  13912.004872  -1103.802586
PE05   5080.728462  21459.916209  19742.712604   -149.064001
PE07  13997.949372 -10442.796330 -23895.688926   -700.762881
PE08  25103.811904   6924.868986 -14061.919528   -589.492368
PE09 -13973.154620  10289.231812  23982.311361   -639.617090
PE11 -13073.721022  21402.187903 -15740.885750   2444.622875
PE12 -16206.908482    -33.988174 -24776.930993   -140.363380
PE13  13267.806935 -20803.035773  16352.221229    430.427265
PE15  16105.881880    220.847537  24833.839124    723.860293
PE19 -19919.653470 -20968.434605  -6297.710179  -4678.504621
PE21   5320.231349 -18665.579096  22355.922396   -754.585151
PE24 -24101.375153  15378.299924  -7634.864336   -807.099783
PE25  -5650.274951  18701.818395 -22222.610704   -586.057751
PE26   2155.965149 -29419.426940  -2531.899473  -1550.377340
PE27  23423.380565 -15925.770343   8618.971031   -379.434560
PE30  27391.560766  -3062.465182 -10809.265246   -793.085358
PE31 -27570.020670   3818.566307  10088.737420   -502.521107
PE33  -9425.464688 -20995.940117 -18617.271693   -453.620075
PE36  -2678.989846  29432.003919   1636.493167   -423.625953
PG01  13392.115632 -18464.656626  13003.638853    293.433236
PG02 -15057.966071   7712.837149 -19901.409827   -647.756136
PG03  22063.738687 -12381.292202  -8019.020068   -341.360493
PG05 -25655.271677   5477.562192  -4777.946319    -94.649912
PG06  -8113.499376 -17530.065314 -18136.002753    442.366984
PG07   5089.724560 -25772.312711   1388.794113    311.550804
PG08  18879.043338   -647.736769  18770.146677    -82.402452
PG09   1446.560959 -17614.309209 -19890.689640   -302.656860
PG11 -14025.132122  -5928.844338 -21764.934326    -13.164822
PG12 -23495.153686  10273.953891  -6974.477775   -269.804582
PG13 -20277.956695  -9273.610023  14406.380518    377.114721
PG14  -4548.638271 -14751.632834  21621.893611   -106.933992
PG15 -18950.891577   2959.523246  18061.336616    -33.406659
PG16  24886.403685   1856.734597 -10006.827509   -522.357072
PG17 -10914.753738 -21951.074823  10580.132132    653.547162
PG18  -5318.267044  25889.791949   1741.392535     66.417398
PG19 -17360.855638 -20277.094737    143.202436    203.520511
PG20 -20787.215889  -2835.464739 -16145.424012    490.858450
PG21  15409.875359  -9423.294929  19843.236841    160.045688
PG22  18550.390528  19057.312962  -1383.739126    318.244934
PG23  -4852.258910  16330.429893  20332.765177    -38.334698
PG24 -14185.700441  15190.118783  15982.508835    153.442797
PG25 -13460.797697  16248.318031 -16251.798409    366.138738
PG26  19323.282281   6443.120172 -17296.418900    226.029636
PG27  22034.877577  10993.165374  10233.387463    216.400186
PG29  -3089.271031  16810.960939 -20353.584169   -546.950551
PG30  -2589.406991 -23854.993203  11200.142701   -536.477894
PG31   9861.204141  15670.112854 -19005.251467   -191.397070
PG32  14543.671419  20947.446763   7919.516307   -217.453966
PR01   3016.014011  12048.037017  22275.030502     13.902445
PR02  20237.718394  11803.733492  10205.945498    528.250184
PR03  24125.210265   4270.537925  -7165.524554     62.727669
PR04  14458.868417  -5215.220537 -20337.340051    155.628439
PR05  -3013.867899 -11975.929955 -22308.421703     98.734520
PR07 -23898.301552  -3799.377486   8024.550116     40.132263
PR08 -14300.070799   5503.765643  20436.167986    -66.922855
PR09  -8659.566786  -7387.415924  22851.800836     73.793406
PR12  -7389.841777  17655.390668 -16822.458202     20.574935
PR13   7169.470918   8413.269574 -22995.719424    -26.225530
PR14  18881.394127  -7095.916795 -15582.871562     24.386699
PR15  18636.361463 -17399.675535    701.173998     93.994214
PR17  11218.706265   3487.268089  22639.725988    556.552249
PR18   6488.716556 -14017.438595  20297.463491     39.819149
PR19   -314.083602 -24069.066525   8458.413951   -201.714385
PR20  -8845.808560 -20754.442534 -11868.340174    -77.389784
PR21 -10928.243870  -1930.812856 -22974.554990   -329.411137
PR24   9854.304472  20009.398712  12367.470778    111.570975
*  2022 08 29 08 18 10.00000000
PE02  14592.690994  11164.579919 -23203.381259    321.350177
PE03  21480.751934  19980.423074   3882.088834   -594.350439
PE04 -25176.502286  -7046.862953  13887.435570  -1103.802661
PE05   5065.199761  21447.618305  19760.061862   -149.063960
PE07  14016.977384 -10428.227628 -23890.888234   -700.762917
PE08  25115.315349   6933.025838 -14037.323893   -589.492435
PE09 -13992.315196  10274.700932  23977.382946   -639.617224
PE11 -13070.452671  21386.675426 -15764.684741   2444.621353
PE12 -16203.606712    -58.645251 -24779.038602   -140.363572
PE13  13264.460385 -20786.881857  16375.455933    430.427268
PE15  16102.639819    245.592569  24835.704967    723.860268
PE19 -19915.018802 -20964.072327  -6326.805688  -4678.503577
PE21   5340.835917 -18674.394925  22343.640349   -754.585169
PE24 -24108.173295  15381.879065  -7606.106283   -807.099996
PE25  -5670.791017  18710.602577 -22209.993640   -586.057765
PE26   2154.800262 -29422.124202  -2501.351560  -1550.377781
PE27  23431.041225 -15929.809040   8590.609948   -379.434656
PE30  27381.217332  -3059.091259 -10836.383058   -793.085663
PE31 -27560.347893   3815.489103  10116.333022   -502.521111
PE33  -9424.240359 -21014.629885 -18596.792784   -453.620087
PE36  -2677.506587  29433.837912   1605.709972   -423.626007
PG01  13389.842447 -18447.579767  13029.905544    293.433155
PG02 -15055.044951   7686.362174 -19913.318046   -647.756109
PG03  22073.976306 -12382.026114  -7989.088979   -341.360572
PG05 -25650.618632   5473.185196  -4808.862283    -94.649944
PG06  -8106.993249 -17552.266060 -18117.423035    442.367110
PG07   5093.477114 -25772.734179   1357.003887    311.550797
PG08  18895.957509   -630.975359  18754.073736    -82.402435
PG09   1466.062034 -17598.412767 -19903.412600   -302.656815
PG11 -14017.295257  -5955.329957 -21762.783442    -13.164843
PG12 -23504.003275  10273.404445  -6944.155817   -269.804627
PG13 -20288.184879  -9289.099056  14382.434438    377.114800
PG14  -4522.084832 -14758.679062  21622.548668   -106.933973
PG15 -18969.153868   2944.142656  18045.359414    -33.406653
PG16  24874.877926   1861.084300 -10034.978163   -522.357064
PG17 -10904.556280 -21943.092053  10608.388847    653.547222
PG18  -5321.292970  25891.304654   1709.398136     66.417276
PG19 -17358.941327 -20278.091533    175.146536    203.520565
PG20 -20769.694220  -2846.670905 -16166.207303    490.858411
PG21  15407.816714  -9399.222110  19857.390137    160.045691
PG22  18549.930613  19060.740638  -1352.128092    318.244964
PG23  -4877.080334  16337.698213  20320.872901    -38.334722
PG24 -14185.335071  15168.808660  16003.082551    153.442677
PG25 -13480.715905  16252.368034 -16230.585715    366.138773
PG26  19303.535146   6452.462129 -17314.752705    226.029647
PG27  22043.164610  11003.561324  10205.312122    216.400146
PG29  -3107.324410  16792.625889 -20366.075703   -546.950600
PG30  -2582.845606 -23868.008907  11173.427807   -536.477898
PG31   9853.615253  15692.959009 -18989.766714   -191.397064
PG32  14534.749920  20942.631058   7948.942702   -217.454072
PR01   2986.878753  12038.971207  22283.864624     13.902434
PR02  20225.040178  11797.762157  10237.990199    528.250301
PR03  24135.072251   4272.015476  -7131.596418     62.727613
PR04  14485.640913  -5207.314898 -20320.339113    155.628453
PR05  -2985.001288 -11965.800115 -22317.756520     98.734554
PR07 -23909.173574  -3801.277954   7991.007798     40.132235
PR08 -14326.798712   5495.889348  20419.492366    -66.922861
PR09  -8636.822214  -7408.775299  22853.423034     73.793487
PR12  -7406.201789  17671.715415 -16798.140065     20.574928
PR13   7146.495255   8434.757468 -22995.001252    -26.225509
PR14  18864.999450  -7082.140293 -15608.959291     24.386643
PR15  18636.034661 -17401.370800    665.554970     93.994200
PR17  11225.505897   3517.543063  22631.624763    556.552263
PR18   6493.011428 -13989.913503  20315.118373     39.819153
PR19   -314.497114 -24057.196212   8492.072666   -201.714401
PR20  -8850.710465 -20770.123770 -11837.196706    -77.389799
PR21 -10934.867928  -1961.594562 -22968.826951   -329.411137
PR24   9859.111899  20025.680739  12337.196081    111.570972
*  2022 08 29 08 18 20.00000000
PE02  14571.001532  11173.080077 -23212.904282    321.350200
PE03  21477.921844  19977.681933   3911.714950   -594.350478
PE04 -25187.760897  -7055.036828  13862.844928  -1103.802742
PE05   5049.648034  21435.321508  19777.380747   -149.063923
PE07  14036.012538 -10413.676197 -23886.050812   -700.762956
PE08  25126.805410   6941.158950 -14012.706670   -589.492501
PE09 -14011.482894  10260.187680  23972.417687   -639.617357
PE11 -13067.193844  21371.136726 -15788.459523   2444.619828
PE12 -16200.324639    -83.307071 -24781.108154   -140.363770
PE13  13261.124082 -20770.702175  16398.665468    430.427269
PE15  16099.417668    270.342067  24837.532640    723.860243
PE19 -19910.357739 -20959.695751  -6355.891470  -4678.502532
PE21   5361.422256 -18683.222040  22331.323979   -754.585190
PE24 -24114.941953  15385.452616  -7577.336527   -807.100204
PE25  -5691.288556  18719.397830 -22197.342402   -586.057774
PE26   2153.629300 -29424.790214  -2470.799805  -1550.378223
PE27  23438.672469 -15933.842891   8562.235668   -379.434744
PE30  27370.851332  -3055.699162 -10863.484222   -793.085976
PE31 -27550.651934   3812.393943  10143.913082   -502.521120
PE33  -9423.033805 -21033.300309 -18576.285297   -453.620092
PE36  -2676.017984  29435.640143   1574.924308   -423.626061
PG01  13387.571826 -18430.468781  13056.143536    293.433087
PG02 -15052.136795   7659.869848 -19925.181725   -647.756100
PG03  22084.177528 -12382.755114  -7959.140852   -341.360646
PG05 -25645.931691   5468.792792  -4839.768135    -94.649970
PG06  -8100.506428 -17574.448008 -18098.804491    442.367244
PG07   5097.220635 -25773.118381   1325.210688    311.550783
PG08  18912.866279   -614.237618  18737.961210    -82.402380
PG09   1485.583971 -17582.516910 -19916.093446   -302.656775
PG11 -14009.474669  -5981.817497 -21760.586274    -13.164862
PG12 -23512.816241  10272.851520  -6913.819106   -269.804698
PG13 -20298.403198  -9304.558329  14358.457712    377.114872
PG14  -4495.534475 -14765.740496  21623.157762   -106.933959
PG15 -18987.407320   2928.783843  18029.342878    -33.406593
PG16  24863.320735   1865.448009 -10063.108234   -522.357060
PG17 -10894.330131 -21935.089898  10636.623345    653.547235
PG18  -5324.308133  25892.779993   1677.400070     66.417146
PG19 -17357.001299 -20279.059424    207.090268    203.520629
PG20 -20752.155336  -2857.898036 -16186.955858    490.858372
PG21  15405.769602  -9375.131908  19871.502468    160.045691
PG22  18549.446390  19064.138911  -1320.514204    318.245018
PG23  -4901.883330  16344.976524  20308.937228    -38.334729
PG24 -14184.976973  15147.472532  16023.620870    153.442561
PG25 -13500.606930  16256.421417 -16209.338770    366.138819
PG26  19283.771594   6461.822850 -17333.050337    226.029674
PG27  22051.432172  11013.927923  10177.215325    216.400114
PG29  -3125.399585  16774.290470 -20378.524000   -546.950667
PG30  -2576.299010 -23880.995623  11146.688922   -536.477905
PG31   9846.043889  15715.791081 -18974.241433   -191.397111
PG32  14525.798684  20937.795678   7978.352453   -217.454181
PR01   2957.724700  12029.925384  22292.645205     13.902482
PR02  20212.315697  11791.787442  10270.010443    528.250286
PR03  24144.891368   4273.470708  -7097.651187     62.727722
PR04  14512.397775  -5199.438536 -20303.289285    155.628469
PR05  -2956.114330 -11955.689991 -22327.037683     98.734575
PR07 -23920.003547  -3803.155474   7957.446251     40.132283
PR08 -14353.511449   5488.041802  20402.767905    -66.922815
PR09  -8614.092716  -7430.154032  22854.990490     73.793505
PR12  -7422.524097  17688.030823 -16773.781456     20.574972
PR13   7123.537600   8456.263108 -22994.227901    -26.225479
PR14  18848.589518  -7068.326591 -15635.009443     24.386680
PR15  18635.670546 -17403.033008    629.934342     93.994175
PR17  11232.328683   3547.801527  22623.469180    556.552282
PR18   6497.334317 -13962.368538  20332.724457     39.819173
PR19   -314.892694 -24045.280362   8525.710995   -201.714430
PR20  -8855.618618 -20785.758922 -11806.024751    -77.390004
PR21 -10941.516450  -1992.362926 -22963.043798   -329.411201
PR24   9863.924594  20041.918282  12306.891734    111.570922
*  2022 08 29 08 18 30.00000000
PE02  14549.309832  11181.600635 -23222.391616    321.350226
PE03  21475.066127  19974.924832   3941.335047   -594.350518
PE04 -25199.006107  -7063.187206  13838.232984  -1103.802825
PE05   5034.073298  21423.025862  19794.669230   -149.063882
PE07  14055.054791 -10399.142064 -23881.176668   -700.762992
PE08  25138.282039   6949.268332 -13988.067897   -589.492565
PE09 -14030.657668  10245.692079  23967.415591   -639.617487
PE11 -13063.944584  21355.571831 -15812.210061   2444.618302
PE12 -16197.062274   -107.973579 -24783.139646   -140.363973
PE13  13257.798066 -20754.496760  16421.849797    430.427276
PE15  16096.215438    295.095979  24839.322141    723.860224
PE19 -19905.670265 -20955.304921  -6384.967480  -4678.501502
PE21   5381.990330 -18692.060406  22318.973305   -754.585217
PE24 -24121.681129  15389.020530  -7548.555113   -807.100413
PE25  -5711.767529  18728.204121 -22184.657009   -586.057787
PE26   2152.452309 -29427.424963  -2440.244254  -1550.378665
PE27  23446.274296 -15937.871850   8533.848235   -379.434833
PE30  27360.462803  -3052.288862 -10890.568696   -793.086281
PE31 -27540.932828   3809.280795  10171.477556   -502.521130
PE33  -9421.844997 -21051.951347 -18555.749261   -453.620085
PE36  -2674.524084  29437.410602   1544.136223   -423.626118
PG01  13385.303823 -18413.323699  13082.352771    293.433027
PG02 -15049.241630   7633.360233 -19937.000836   -647.756096
PG03  22094.342345 -12383.479147  -7929.175752   -341.360714
PG05 -25641.210886   5464.384937  -4870.663809    -94.649981
PG06  -8094.038895 -17596.611093 -18080.147163    442.367387
PG07   5100.955171 -25773.465300   1293.414587    311.550756
PG08  18929.769588   -597.523563  18721.809134    -82.402420
PG09   1505.126737 -17566.621693 -19928.732151   -302.656724
PG11 -14001.670373  -6008.306893 -21758.342827    -13.164868
PG12 -23521.592574  10272.295063  -6883.467706   -269.804751
PG13 -20308.611592  -9319.987832  14334.450391    377.114914
PG14  -4468.987264 -14772.817120  21623.720890   -106.933932
PG15 -19005.651876   2913.446820  18013.287046    -33.406570
PG16  24851.732152   1869.825762 -10091.217665   -522.357063
PG17 -10884.075279 -21927.068415  10664.835567    653.547223
PG18  -5327.312580  25894.217948   1645.398405     66.417036
PG19 -17355.035514 -20279.998447    239.033567    203.520706
PG20 -20734.599296  -2869.146140 -16207.669633    490.858357
PG21  15403.734056  -9351.024379  19885.573808    160.045670
PG22  18548.937818  19067.507813  -1288.897529    318.245058
PG23  -4926.667844  16352.264786  20296.958184    -38.334729
PG24 -14184.626184  15126.110443  16044.123747    153.442435
PG25 -13520.470733  16260.478135 -16188.057616    366.138866
PG26  19263.991680   6471.202346 -17351.311757    226.029699
PG27  22059.680206  11024.265187  10149.097134    216.400095
PG29  -3143.496530  16755.954744 -20390.929035   -546.950705
PG30  -2569.767173 -23893.953309  11119.926103   -536.477900
PG31   9838.490039  15738.609004 -18958.675657   -191.397130
PG32  14516.817694  20932.940674   8007.745497   -217.454281
PR01   2928.551937  12020.899591  22301.372222     13.902420
PR02  20199.544972  11785.809425  10302.006152    528.250273
PR03  24154.667567   4274.903683  -7063.688942     62.727669
PR04  14539.138910  -5191.591442 -20286.190607    155.628544
PR05  -2927.207109 -11945.599633 -22336.265168     98.734620
PR07 -23930.791417  -3805.010104   7923.865557     40.132217
PR08 -14380.208916   5480.222998  20385.994641    -66.922889
PR09  -8591.378362  -7451.552060  22856.503201     73.793527
PR12  -7438.808685  17704.336807 -16749.382434     20.574966
PR13   7100.598020   8477.786425 -22993.399374    -26.225518
PR14  18832.164416  -7054.475690 -15661.021957     24.386705
PR15  18635.269169 -17404.662102    594.312200     93.994134
PR17  11239.174586   3578.043390  22615.259257    556.552291
PR18   6501.685244 -13934.803791  20350.281702     39.819162
PR19   -315.270274 -24033.319025   8559.328857   -201.714349
PR20  -8860.532942 -20801.347952 -11774.824385    -77.390007
PR21 -10948.189404  -2023.117857 -22957.205542   -329.411212
PR24   9868.742480  20058.111302  12276.557810    111.571114
*  2022 08 29 08 18 40.00000000
PE02  14527.615945  11190.141589 -23231.843249    321.350257
PE03  21472.184763  19972.151810   3970.949081   -594.350556
PE04 -25210.237871  -7071.314098  13813.599776  -1103.802908
PE05   5018.475571  21410.731415  19811.927285   -149.063845
PE07  14074.104096 -10384.625252 -23876.265811   -700.763023
PE08  25149.745192   6957.353996 -13963.407611   -589.492629
PE09 -14049.839474  10231.214154  23962.376665   -639.617617
PE11 -13060.704933  21339.980773 -15835.936317   2444.616783
PE12 -16193.819627   -132.644723 -24785.133074   -140.364188
PE13  13254.482378 -20738.265642  16445.008885    430.427274
PE15  16093.033137    319.854251  24841.073466    723.860201
PE19 -19900.956365 -20950.899879  -6414.033675  -4678.500453
PE21   5402.540101 -18700.909986  22306.588348   -754.585242
PE24 -24128.390824  15392.582761  -7519.762084   -807.100625
PE25  -5732.227902  18737.021413 -22171.937482   -586.057798
PE26   2151.269337 -29430.028439  -2409.684955  -1550.379109
PE27  23453.846705 -15941.895870   8505.447693   -379.434916
PE30  27350.051782  -3048.860328 -10917.636439   -793.086584
PE31 -27531.190613   3806.149630  10199.026402   -502.521147
PE33  -9420.673909 -21070.582953 -18535.184709   -453.620084
PE36  -2673.024937  29439.149281   1513.345764   -423.626173
PG01  13383.038489 -18396.144554  13108.533190    293.432962
PG02 -15046.359486   7606.833392 -19948.775349   -647.756099
PG03  22104.470747 -12384.198157  -7899.193741   -341.360782
PG05 -25636.456246   5459.961590  -4901.549241    -94.649999
PG06  -8087.590633 -17618.755252 -18061.451089    442.367533
PG07   5104.680769 -25773.774920   1261.615653    311.550742
PG08  18946.667376   -580.833212  18705.617543    -82.402483
PG09   1524.690301 -17550.727173 -19941.328690   -302.656674
PG11 -13993.882385  -6034.798079 -21756.053105    -13.164880
PG12 -23530.332263  10271.735020  -6853.101680   -269.804817
PG13 -20318.810003  -9335.387557  14310.412528    377.114964
PG14  -4442.443262 -14779.908917  21624.238052   -106.933910
PG15 -19023.887474   2898.131600  17997.191953    -33.406575
PG16  24840.112216   1874.217600 -10119.306398   -522.357072
PG17 -10873.791715 -21919.027660  10693.025456    653.547185
PG18  -5330.306363  25895.618502   1613.393210     66.416916
PG19 -17353.043932 -20280.908634    270.976364    203.520782
PG20 -20717.026159  -2880.415223 -16228.348585    490.858351
PG21  15401.710107  -9326.899578  19899.604131    160.045662
PG22  18548.404859  19070.847377  -1257.278133    318.245139
PG23  -4951.433821  16359.562963  20284.935794    -38.334725
PG24 -14184.282743  15104.722442  16064.591137    153.442329
PG25 -13540.307278  16264.538138 -16166.742298    366.138918
PG26  19244.195464   6480.600626 -17369.536926    226.029724
PG27  22067.908661  11034.573128  10120.957606    216.400079
PG29  -3161.615215  16737.618773 -20403.290781   -546.950744
PG30  -2563.250062 -23906.881919  11093.139406   -536.477893
PG31   9830.953694  15761.412716 -18943.069417   -191.397128
PG32  14507.806938  20928.066098   8037.121774   -217.454374
PR01   2899.360548  12011.893875  22310.045655     13.902442
PR02  20186.728022  11779.828185  10333.977250    528.250356
PR03  24164.400798   4276.314460  -7029.709767     62.727704
PR04  14565.864225  -5183.773610 -20269.043121    155.628461
PR05  -2898.279706 -11935.529087 -22345.438954     98.734634
PR07 -23941.537129  -3806.841901   7890.265797     40.132268
PR08 -14406.891023   5472.432927  20369.172616    -66.922898
PR09  -8568.679223  -7472.969321  22857.961163     73.793532
PR12  -7455.055536  17720.633283 -16724.943058     20.574984
PR13   7077.676583   8499.327355 -22992.515673    -26.225516
PR14  18815.724231  -7040.587597 -15686.996769     24.386665
PR15  18634.830579 -17406.258023    558.688630     93.994094
PR17  11246.043568   3608.268564  22606.995015    556.552293
PR18   6506.064230 -13907.219356  20367.790065     39.819169
PR19   -315.629788 -24021.312249   8592.926173   -201.714333
PR20  -8865.453359 -20816.890822 -11743.595681    -77.389964
PR21 -10954.886758  -2053.859259 -22951.312199   -329.411268
PR24   9873.565486  20074.259761  12246.194381    111.571115
*  2022 08 29 08 18 50.00000000
PE02  14505.919923  11198.702933 -23241.259164    321.350277
PE03  21469.277732  19969.362907   4000.557006   -594.350598
PE04 -25221.456143  -7079.417515  13788.945342  -1103.802995
PE05   5002.854870  21398.438211  19829.154887   -149.063813
PE07  14093.160411 -10370.125787 -23871.318246   -700.763054
PE08  25161.194821   6965.415953 -13938.725852   -589.492693
PE09 -14069.028266  10216.753932  23957.300918   -639.617749
PE11 -13057.474931  21324.363580 -15859.638256   2444.615252
PE12 -16190.596708   -157.320449 -24787.088436   -140.364401
PE13  13251.177059 -20722.008854  16468.142696    430.427283
PE15  16089.870775    344.616827  24842.786613    723.860176
PE19 -19896.216022 -20946.480668  -6443.090009  -4678.499394
PE21   5423.071532 -18709.770745  22294.169124   -754.585262
PE24 -24135.071040  15396.139261  -7490.957486   -807.100829
PE25  -5752.669636  18745.849668 -22159.183840   -586.057811
PE26   2150.080430 -29432.600631  -2379.121954  -1550.379549
PE27  23461.389697 -15945.914903   8477.034084   -379.435007
PE30  27339.618306  -3045.413533 -10944.687409   -793.086898
PE31 -27521.425323   3803.000416  10226.559578   -502.521150
PE33  -9419.520513 -21089.195082 -18514.591672   -453.620088
PE36  -2671.520589  29440.856169   1482.552978   -423.626233
PG01  13380.775879 -18378.931376  13134.684736    293.432899
PG02 -15043.490389   7580.289389 -19960.505237   -647.756092
PG03  22114.562723 -12384.912091  -7869.194882   -341.360858
PG05 -25631.667804   5455.522708  -4932.424367    -94.650011
PG06  -8081.161626 -17640.880420 -18042.716309    442.367669
PG07   5108.397477 -25774.047223   1229.813955    311.550712
PG08  18963.559582   -564.166585  18689.386473    -82.402504
PG09   1544.274630 -17534.833405 -19953.883036   -302.656621
PG11 -13986.110718  -6061.290988 -21753.717114    -13.164892
PG12 -23539.035297  10271.171338  -6822.721094   -269.804890
PG13 -20328.998372  -9350.757493  14286.344174    377.115046
PG14  -4415.902536 -14787.015870  21624.709246   -106.933893
PG15 -19042.114057   2882.838194  17981.057638    -33.406545
PG16  24828.460965   1878.623560 -10147.374375   -522.357089
PG17 -10863.479426 -21910.967690  10721.192954    653.547200
PG18  -5333.289531  25896.981636   1581.384553     66.416796
PG19 -17351.026512 -20281.790022    302.918593    203.520847
PG20 -20699.435987  -2891.705291 -16248.992669    490.858346
PG21  15399.697785  -9302.757561  19913.593414    160.045650
PG22  18547.847472  19074.157635  -1225.656083    318.245196
PG23  -4976.181208  16366.871012  20272.870083    -38.334743
PG24 -14183.946689  15083.308575  16085.022994    153.442203
PG25 -13560.116527  16268.601380 -16145.392859    366.138969
PG26  19224.383003   6490.017698 -17387.725805    226.029746
PG27  22076.117481  11044.851759  10092.796804    216.400044
PG29  -3179.755612  16719.282617 -20415.609213   -546.950783
PG30  -2556.747645 -23919.781410  11066.328888   -536.477893
PG31   9823.434844  15784.202152 -18927.422744   -191.397134
PG32  14498.766401  20923.172001   8066.481222   -217.454484
PR01   2870.150616  12002.908277  22318.665484     13.902466
PR02  20173.864865  11773.843799  10365.923660    528.250178
PR03  24174.091010   4277.703100  -6995.713741     62.727675
PR04  14592.573627  -5175.985030 -20251.846867    155.628480
PR05  -2869.332206 -11925.478403 -22354.559018     98.734637
PR07 -23952.240631  -3808.650923   7856.647051     40.132229
PR08 -14433.557677   5464.671581  20352.301869    -66.922853
PR09  -8545.995370  -7494.405754  22859.364372     73.793572
PR12  -7471.264633  17736.920164 -16700.463388     20.574995
PR13   7054.773359   8520.885829 -22991.576799    -26.225540
PR14  18799.269045  -7026.662314 -15712.933818     24.386713
PR15  18634.354824 -17407.820715    523.063718     93.994127
PR17  11252.935593   3638.476956  22598.676473    556.552359
PR18   6510.471295 -13879.615324  20385.249504     39.819220
PR19   -315.971168 -24009.260082   8626.502860   -201.714352
PR20  -8870.379794 -20832.387494 -11712.338714    -77.390023
PR21 -10961.608480  -2084.587042 -22945.363784   -329.411271
PR24   9878.393535  20090.363623  12215.801520    111.571192
*  2022 08 29 08 19 00.00000000
PE02  14484.221821  11207.284656 -23250.639344    321.350300
PE03  21466.345014  19966.558169   4030.158770   -594.350640
PE04 -25232.660877  -7087.497470  13764.269721  -1103.803083
PE05   4987.211216  21386.146298  19846.352004   -149.063776
PE07  14112.223687 -10355.643695 -23866.333984   -700.763089
PE08  25172.630877   6973.454214 -13914.022657   -589.492757
PE09 -14088.224000  10202.311433  23952.188359   -639.617888
PE11 -13054.254620  21308.720285 -15883.315835   2444.613722
PE12 -16187.393530   -182.000698 -24789.005725   -140.364592
PE13  13247.882150 -20705.726428  16491.251189    430.427281
PE15  16086.728359    369.383649  24844.461581    723.860153
PE19 -19891.449222 -20942.047329  -6472.136427  -4678.498332
PE21   5443.584582 -18718.642645  22281.715659   -754.585285
PE24 -24141.721775  15399.689982  -7462.141364   -807.101043
PE25  -5773.092690  18754.688851 -22146.396103   -586.057820
PE26   2148.885636 -29435.141522  -2348.555300  -1550.379992
PE27  23468.903271 -15949.928902   8448.607458   -379.435093
PE30  27329.162412  -3041.948447 -10971.721559   -793.087206
PE31 -27511.636997   3799.833124  10254.077036   -502.521162
PE33  -9418.384785 -21107.787688 -18493.970184   -453.620086
PE36  -2670.011091  29442.531260   1451.757921   -423.626293
PG01  13378.516047 -18361.684206  13160.807336    293.432824
PG02 -15040.634367   7553.728292 -19972.190482   -647.756066
PG03  22124.618264 -12385.620891  -7839.179252   -341.360925
PG05 -25626.845591   5451.068253  -4963.289115    -94.650028
PG06  -8074.751852 -17662.986535 -18023.942873    442.367804
PG07   5112.105343 -25774.282203   1198.009568    311.550661
PG08  18980.446141   -547.523701  18673.115971    -82.402569
PG09   1563.879686 -17518.940449 -19966.395162   -302.656573
PG11 -13978.355392  -6087.785550 -21751.334864    -13.164905
PG12 -23547.701673  10270.603964  -6792.326021   -269.804952
PG13 -20339.176638  -9366.097630  14262.245397    377.115126
PG14  -4389.365144 -14794.137962  21625.134480   -106.933873
PG15 -19060.331563   2867.566616  17964.884139    -33.406535
PG16  24816.778442   1883.043682 -10175.421531   -522.357096
PG17 -10853.138412 -21902.888568  10749.338004    653.547282
PG18  -5336.262134  25898.307333   1549.372513     66.416673
PG19 -17348.983207 -20282.642635    334.860182    203.520908
PG20 -20681.828844  -2903.016347 -16269.601837    490.858337
PG21  15397.697121  -9278.598391  19927.541634    160.045642
PG22  18547.265621  19077.438622  -1194.031458    318.245252
PG23  -5000.909949  16374.188898  20260.761079    -38.334750
PG24 -14183.618060  15061.868894  16105.419271    153.442089
PG25 -13579.898447  16272.667812 -16124.009355    366.139011
PG26  19204.554363   6499.453562 -17405.878347    226.029764
PG27  22084.306610  11055.101089  10064.614802    216.400010
PG29  -3197.917690  16700.946341 -20427.884302   -546.950799
PG30  -2550.259888 -23932.651743  11039.494614   -536.477902
PG31   9815.933483  15806.977248 -18911.735674   -191.397172
PG32  14489.696089  20918.258431   8095.823768   -217.454588
PR01   2840.922229  11993.942856  22327.231664     13.902472
PR02  20160.955472  11767.856350  10397.845252    528.250229
PR03  24183.738151   4279.069661  -6961.700958     62.727704
PR04  14619.267016  -5168.225694 -20234.601900    155.628519
PR05  -2840.364700 -11915.447624 -22363.625351     98.734669
PR07 -23962.901860  -3810.437228   7823.009419     40.132242
PR08 -14460.208765   5456.938957  20335.382449    -66.922935
PR09  -8523.326872  -7515.861302  22860.712813     73.793568
PR12  -7487.435953  17753.197359 -16675.943487     20.574993
PR13   7031.888416   8542.461769 -22990.582772    -26.225608
PR14  18782.798951  -7012.699848 -15738.833021     24.386754
PR15  18633.841947 -17409.350115    487.437571     93.994073
PR17  11259.850603   3668.668484  22590.303700    556.552386
PR18   6514.906450 -13851.991803  20402.659990     39.819233
PR19   -316.294344 -23997.162581   8660.058822   -201.714313
PR20  -8875.312179 -20847.837898 -11681.053566    -77.390059
PR21 -10968.354536  -2115.301096 -22939.360309   -329.411347
PR24   9883.226545  20106.422864  12185.379318    111.571297
*  2022 08 29 08 19 10.00000000
PE02  14462.521683  11215.886763 -23259.983782    321.350325
PE03  21463.386588  19963.737626   4059.754340   -594.350676
PE04 -25243.852030  -7095.553973  13739.572947  -1103.803158
PE05   4971.544620  21373.855720  19863.518618   -149.063745
PE07  14131.293886 -10341.178997 -23861.313028   -700.763119
PE08  25184.053321   6981.468795 -13889.298062   -589.492824
PE09 -14107.426631  10187.886687  23947.038992   -639.618021
PE11 -13051.044041  21293.050913 -15906.969030   2444.612196
PE12 -16184.210095   -206.685427 -24790.884944   -140.364787
PE13  13244.597691 -20689.418392  16514.334340    430.427291
PE15  16083.605904    394.154674  24846.098364    723.860128
PE19 -19886.655946 -20937.599910  -6501.172906  -4678.497318
PE21   5464.079223 -18727.525656  22269.227962   -754.585309
PE24 -24148.343038  15403.234882  -7433.313758   -807.101251
PE25  -5793.497039  18763.538927 -22133.574290   -586.057831
PE26   2147.684999 -29437.651110  -2317.985036  -1550.380437
PE27  23476.387426 -15953.937821   8420.167848   -379.435183
PE30  27318.684139  -3038.465040 -10998.738859   -793.087506
PE31 -27501.825669   3796.647722  10281.578745   -502.521180
PE33  -9417.266694 -21126.360731 -18473.320272   -453.620086
PE36  -2668.496485  29444.174540   1420.960624   -423.626346
PG01  13376.259041 -18344.403060  13186.900960    293.432748
PG02 -15037.791454   7527.150155 -19983.831033   -647.756060
PG03  22134.637361 -12386.324506  -7809.146890   -341.361010
PG05 -25621.989637   5446.598176  -4994.143434    -94.649998
PG06  -8068.361302 -17685.073532 -18005.130803    442.367938
PG07   5115.804413 -25774.479823   1166.202550    311.550623
PG08  18997.327005   -530.904574  18656.806049    -82.402488
PG09   1583.505450 -17503.048352 -19978.865043   -302.656527
PG11 -13970.616415  -6114.281709 -21748.906350    -13.164931
PG12 -23556.331367  10270.032844  -6761.916505   -269.805067
PG13 -20349.344748  -9381.407962  14238.116218    377.115210
PG14  -4362.831159 -14801.275180  21625.513733   -106.933856
PG15 -19078.539933   2852.316875  17948.671489    -33.406523
PG16  24805.064679   1887.478006 -10203.447827   -522.357106
PG17 -10842.768644 -21894.790340  10777.460547    653.547435
PG18  -5339.224221  25899.595574   1517.357139     66.416539
PG19 -17346.913992 -20283.466527    366.801074    203.520925
PG20 -20664.204778  -2914.348407 -16290.176054    490.858298
PG21  15395.708150  -9254.422110  19941.448760    160.045622
PG22  18546.659261  19080.690367  -1162.404302    318.245269
PG23  -5025.619992  16381.516578  20248.608802    -38.334756
PG24 -14183.296894  15040.403435  16125.779928    153.441966
PG25 -13599.652993  16276.737387 -16102.591804    366.139048
PG26  19184.709584   6508.908244 -17423.994532    226.029777
PG27  22092.476002  11065.321141  10036.411629    216.399982
PG29  -3216.101426  16682.609999 -20440.116027   -546.950810
PG30  -2543.786763 -23945.492867  11012.636627   -536.477913
PG31   9808.449595  15829.737942 -18896.008231   -191.397224
PG32  14480.595948  20913.325446   8125.149375   -217.454699
PR01   2811.675464  11984.997629  22335.744222     13.902473
PR02  20147.999962  11761.865910  10429.742060    528.250271
PR03  24193.342176   4280.414206  -6927.671477     62.727692
PR04  14645.944316  -5160.495592 -20217.308237    155.628571
PR05  -2811.377254 -11905.436808 -22372.637909     98.734672
PR07 -23973.520779  -3812.200877   7789.352943     40.132216
PR08 -14486.844241   5449.235037  20318.414378    -66.922977
PR09  -8500.673800  -7537.335890  22862.006505     73.793571
PR12  -7503.569494  17769.464795 -16651.383403     20.574978
PR13   7009.021822   8564.055132 -22989.533561    -26.225627
PR14  18766.314022  -6998.700199 -15764.694355     24.386745
PR15  18633.292010 -17410.846177    451.810230     93.994062
PR17  11266.788600   3698.843045  22581.876616    556.552435
PR18   6519.369735 -13824.348858  20420.021457     39.819229
PR19   -316.599257 -23985.019781   8693.594011   -201.714346
PR20  -8880.250419 -20863.242060 -11649.740301    -77.389904
PR21 -10975.124896  -2146.001360 -22933.301790   -329.411381
PR24   9888.064460  20122.437417  12154.927813    111.571268
*  2022 08 29 08 19 20.00000000
PE02  14440.819564  11224.509242 -23269.292459    321.350351
PE03  21460.402433  19960.901324   4089.343664   -594.350715
PE04 -25255.029553  -7103.587037  13714.855061  -1103.803240
PE05   4955.855104  21361.566524  19880.654698   -149.063700
PE07  14150.370960 -10326.731720 -23856.255389   -700.763150
PE08  25195.462104   6989.459705 -13864.552107   -589.492891
PE09 -14126.636113  10173.479717  23941.852827   -639.618156
PE11 -13047.843235  21277.355496 -15930.597798   2444.610656
PE12 -16181.046418   -231.374576 -24792.726087   -140.364984
PE13  13241.323723 -20673.084779  16537.392108    430.427287
PE15  16080.503415    418.929843  24847.696961    723.860110
PE19 -19881.836179 -20933.138452  -6530.199391  -4678.496322
PE21   5484.555415 -18736.419740  22256.706057   -754.585330
PE24 -24154.934826  15406.773912  -7404.474715   -807.101452
PE25  -5813.882641  18772.399860 -22120.718420   -586.057840
PE26   2146.478568 -29440.129380  -2287.411211  -1550.380869
PE27  23483.842162 -15957.941613   8391.715303   -379.435271
PE30  27308.183523  -3034.963283 -11025.739262   -793.087809
PE31 -27491.991376   3793.444181  10309.064656   -502.521182
PE33  -9416.166213 -21144.914165 -18452.641971   -453.620083
PE36  -2666.976823  29445.786002   1390.161142   -423.626398
PG01  13374.004917 -18327.087980  13212.965536    293.432675
PG02 -15034.961674   7500.555047 -19995.426875   -647.756048
PG03  22144.620004 -12387.022878  -7779.097872   -341.361077
PG05 -25617.099975   5442.112437  -5024.987251    -94.649959
PG06  -8061.989953 -17707.141349 -17986.280148    442.368064
PG07   5119.494735 -25774.640078   1134.392978    311.550587
PG08  19014.202106   -514.309225  18640.456754    -82.402474
PG09   1603.151882 -17487.157175 -19991.292652   -302.656484
PG11 -13962.893806  -6140.779394 -21746.431582    -13.164955
PG12 -23564.924377  10269.457924  -6731.492620   -269.805144
PG13 -20359.502641  -9396.688478  14213.956706    377.115305
PG14  -4336.300642 -14808.427506  21625.847014   -106.933832
PG15 -19096.739108   2837.088986  17932.419728    -33.406521
PG16  24793.319719   1891.926569 -10231.453197   -522.357117
PG17 -10832.370121 -21886.673069  10805.560525    653.547545
PG18  -5342.175842  25900.846344   1485.338509     66.416410
PG19 -17344.818819 -20284.261724    398.741196    203.520940
PG20 -20646.563856  -2925.701473 -16310.715272    490.858257
PG21  15393.730899  -9230.228781  19955.314770    160.045602
PG22  18546.028354  19083.912905  -1130.774693    318.245323
PG23  -5050.311282  16388.854015  20236.413280    -38.334769
PG24 -14182.983229  15018.912250  16146.104917    153.441849
PG25 -13619.380131  16280.810056 -16081.140263    366.139091
PG26  19164.848733   6518.381744 -17442.074311    226.029789
PG27  22100.625598  11075.511925  10008.187361    216.399951
PG29  -3234.306788  16664.273655 -20452.304362   -546.950843
PG30  -2537.328236 -23958.304742  10985.754991   -536.477919
PG31   9800.983172  15852.484171 -18880.240450   -191.397250
PG32  14471.465986  20908.373096   8154.457968   -217.454820
PR01   2782.410409  11976.072652  22344.203114     13.902437
PR02  20134.998305  11755.872562  10461.613952    528.250496
PR03  24202.903033   4281.736794  -6893.625392     62.727634
PR04  14672.605426  -5152.794716 -20199.965932    155.628590
PR05  -2782.369960 -11895.445998 -22381.596680     98.734626
PR07 -23984.097327  -3813.941926   7755.677724     40.132238
PR08 -14513.463988   5441.559817  20301.397706    -66.922950
PR09  -8478.036221  -7558.829461  22863.245433     73.793577
PR12  -7519.665232  17785.722379 -16626.783201     20.574978
PR13   6986.173644   8585.665840 -22988.429185    -26.225595
PR14  18749.814348  -6984.663375 -15790.517738     24.386745
PR15  18632.705055 -17412.308837    416.181803     93.994033
PR17  11273.749526   3729.000555  22573.395292    556.552406
PR18   6523.861160 -13796.686595  20437.333875     39.819263
PR19   -316.885835 -23972.831738   8727.108330   -201.714378
PR20  -8885.194446 -20878.599911 -11618.398999    -77.389907
PR21 -10981.919527  -2176.687725 -22927.188241   -329.411400
PR24   9892.907197  20138.407258  12124.447094    111.571225
*  2022 08 29 08 19 30.00000000
PE02  14419.115516  11233.152089 -23278.565362    321.350379
PE03  21457.392531  19958.049303   4118.926696   -594.350756
PE04 -25266.193404  -7111.596673  13690.116101  -1103.803347
PE05   4940.142684  21349.278754  19897.760218   -149.063667
PE07  14169.454865 -10312.301888 -23851.161074   -700.763185
PE08  25206.857178   6997.426955 -13839.784830   -589.492957
PE09 -14145.852402  10159.090547  23936.629872   -639.618289
PE11 -13044.652244  21261.634065 -15954.202102   2444.609127
PE12 -16177.902508   -256.068094 -24794.529152   -140.365172
PE13  13238.060286 -20656.725622  16560.424456    430.427294
PE15  16077.420903    443.709102  24849.257370    723.860092
PE19 -19876.989907 -20928.662996  -6559.215837  -4678.495306
PE21   5505.013120 -18745.324859  22244.149963   -754.585346
PE24 -24161.497142  15410.307025  -7375.624279   -807.101657
PE25  -5834.249459  18781.271612 -22107.828514   -586.057845
PE26   2145.266390 -29442.576321  -2256.833873  -1550.381313
PE27  23491.267480 -15961.940231   8363.249867   -379.435362
PE30  27297.660601  -3031.443147 -11052.722726   -793.088115
PE31 -27482.134155   3790.222470  10336.534729   -502.521192
PE33  -9415.083315 -21163.447945 -18431.935311   -453.620085
PE36  -2665.452152  29447.365638   1359.359523   -423.626447
PG01  13371.753728 -18309.738996  13239.001007    293.432607
PG02 -15032.145055   7473.943031 -20006.977979   -647.756022
PG03  22154.566184 -12387.715955  -7749.032262   -341.361160
PG05 -25612.176636   5437.610997  -5055.820502    -94.649964
PG06  -8055.637787 -17729.189921 -17967.390949    442.368203
PG07   5123.176358 -25774.762950   1102.580919    311.550541
PG08  19031.071386   -497.737670  18624.068122    -82.402511
PG09   1622.818951 -17471.266972 -20003.677963   -302.656437
PG11 -13955.187577  -6167.278537 -21743.910566    -13.164978
PG12 -23573.480690  10268.879152  -6701.054430   -269.805197
PG13 -20369.650257  -9411.939169  14189.766912    377.115394
PG14  -4309.773656 -14815.594922  21626.134321   -106.933813
PG15 -19114.929028   2821.882961  17916.128894    -33.406497
PG16  24781.543602   1896.389410 -10259.437582   -522.357129
PG17 -10821.942833 -21878.536811  10833.637882    653.547614
PG18  -5345.117047  25902.059625   1453.316693     66.416289
PG19 -17342.697649 -20285.028261    430.680483    203.520971
PG20 -20628.906135  -2937.075551 -16331.219448    490.858223
PG21  15391.765401  -9206.018458  19969.139640    160.045592
PG22  18545.372863  19087.106269  -1099.142697    318.245392
PG23  -5074.983765  16396.201168  20224.174539    -38.334781
PG24 -14182.677103  14997.395387  16166.394194    153.441722
PG25 -13639.079824  16284.885773 -16059.654776    366.139133
PG26  19144.971867   6527.874071 -17460.117647    226.029813
PG27  22108.755347  11085.673454   9979.942058    216.399921
PG29  -3252.533747  16645.937370 -20464.449279   -546.950883
PG30  -2530.884274 -23971.087326  10958.849762   -536.477938
PG31   9793.534205  15875.215871 -18864.432362   -191.397239
PG32  14462.306187  20903.401433   8183.749488   -217.454929
PR01   2753.127148  11967.167969  22352.608319     13.902437
PR02  20121.950521  11749.876382  10493.460852    528.250405
PR03  24212.420674   4283.037486  -6859.562783     62.727669
PR04  14699.250253  -5145.123057 -20182.575027    155.628620
PR05  -2753.342902 -11885.475241 -22390.501643     98.734616
PR07 -23994.631451  -3815.660433   7721.983842     40.132232
PR08 -14540.067917   5433.913288  20284.332472    -66.922918
PR09  -8455.414207  -7580.341952  22864.429595     73.793575
PR12  -7535.723152  17801.970026 -16602.142941     20.574934
PR13   6963.343951   8607.293824 -22987.269647    -26.225546
PR14  18733.300016  -6970.589380 -15816.303108     24.386727
PR15  18632.081134 -17413.738041    380.552377     93.994141
PR17  11280.733343   3759.140925  22564.859747    556.552417
PR18   6528.380744 -13769.005107  20454.597203     39.819268
PR19   -317.154014 -23960.598502   8760.601699   -201.714376
PR20  -8890.144184 -20893.911414 -11587.029737    -77.390004
PR21 -10988.738394  -2207.360099 -22921.019678   -329.411370
PR24   9897.754681  20154.332353  12093.937235    111.571259
*  2022 08 29 08 19 40.00000000
PE02  14397.409591  11241.815297 -23287.802476    321.350395
PE03  21454.356861  19955.181603   4148.503392   -594.350795
PE04 -25277.343535  -7119.582893  13665.356103  -1103.803421
PE05   4924.407379  21336.992458  19914.835151   -149.063635
PE07  14188.545556 -10297.889526 -23846.030091   -700.763213
PE08  25218.238499   7005.370558 -13814.996269   -589.493024
PE09 -14165.075450  10144.719201  23931.370135   -639.618422
PE11 -13041.471108  21245.886649 -15977.781908   2444.607601
PE12 -16174.778374   -280.765925 -24796.294137   -140.365380
PE13  13234.807421 -20640.340952  16583.431350    430.427299
PE15  16074.358376    468.492396  24850.779588    723.860070
PE19 -19872.117114 -20924.173587  -6588.222198  -4678.494276
PE21   5525.452302 -18754.240978  22231.559700   -754.585370
PE24 -24168.029988  15413.834175  -7346.762495   -807.101864
PE25  -5854.597458  18790.154148 -22094.904591   -586.057862
PE26   2144.048511 -29444.991922  -2226.253067  -1550.381752
PE27  23498.663380 -15965.933627   8334.771583   -379.435451
PE30  27287.115410  -3027.904604 -11079.689209   -793.088420
PE31 -27472.254041   3786.982560  10363.988921   -502.521191
PE33  -9414.017973 -21181.962027 -18411.200326   -453.620078
PE36  -2663.922520  29448.913438   1328.555814   -423.626509
PG01  13369.505525 -18292.356143  13265.007315    293.432525
PG02 -15029.341625   7447.314171 -20018.484316   -647.755999
PG03  22164.475892 -12388.403681  -7718.950124   -341.361240
PG05 -25607.219651   5433.093811  -5086.643124    -94.649922
PG06  -8049.304788 -17751.219184 -17948.463246    442.368321
PG07   5126.849329 -25774.848423   1070.766444    311.550500
PG08  19047.934784   -481.189928  18607.640189    -82.402524
PG09   1642.506623 -17455.377799 -20016.020951   -302.656405
PG11 -13947.497745  -6193.779075 -21741.343307    -13.165004
PG12 -23582.000299  10268.296475  -6670.601999   -269.805240
PG13 -20379.787540  -9427.160026  14165.546888    377.115493
PG14  -4283.250266 -14822.777411  21626.375654   -106.933792
PG15 -19133.109633   2806.698810  17899.799025    -33.406448
PG16  24769.736366   1900.866569 -10287.400926   -522.357148
PG17 -10811.486769 -21870.381624  10861.692559    653.547662
PG18  -5348.047887  25903.235399   1421.291759     66.416154
PG19 -17340.550443 -20285.766175    462.618866    203.520998
PG20 -20611.231678  -2948.470647 -16351.688538    490.858190
PG21  15389.811685  -9181.791199  19982.923345    160.045591
PG22  18544.692746  19090.270492  -1067.508383    318.245431
PG23  -5099.637387  16403.557998  20211.892604    -38.334804
PG24 -14182.378555  14975.852893  16186.647715    153.441594
PG25 -13658.752037  16288.964487 -16038.135386    366.139165
PG26  19125.079044   6537.385233 -17478.124501    226.029824
PG27  22116.865193  11095.805742   9951.675781    216.399876
PG29  -3270.782275  16627.601207 -20476.550754   -546.950905
PG30  -2524.454845 -23983.840574  10931.920999   -536.477946
PG31   9786.102683  15897.932978 -18848.584001   -191.397205
PG32  14453.116539  20898.410507   8213.023873   -217.455047
PR01   2723.825765  11958.283622  22360.959818     13.902479
PR02  20108.856630  11743.877450  10525.282685    528.250573
PR03  24221.895048   4284.316343  -6825.483732     62.727564
PR04  14725.878705  -5137.480605 -20165.135564    155.628609
PR05  -2724.296164 -11875.524584 -22399.352778     98.734597
PR07 -24005.123096  -3817.356458   7688.271379     40.132271
PR08 -14566.655935   5426.295442  20267.218718    -66.922891
PR09  -8432.807827  -7601.873301  22865.558985     73.793534
PR12  -7551.743239  17818.207651 -16577.462682     20.574938
PR13   6940.532810   8628.939017 -22986.054949    -26.225549
PR14  18716.771110  -6956.478218 -15842.050402     24.386709
PR15  18631.420295 -17415.133729    344.922036     93.994159
PR17  11287.740013   3789.264065  22556.270001    556.552432
PR18   6532.928507 -13741.304488  20471.811401     39.819314
PR19   -317.403727 -23948.320122   8794.074037   -201.714405
PR20  -8895.099555 -20909.176532 -11555.632589    -77.390041
PR21 -10995.581466  -2238.018389 -22914.796115   -329.411404
PR24   9902.606838  20170.212663  12063.398310    111.571268
*  2022 08 29 08 19 50.00000000
PE02  14375.701839  11250.498860 -23297.003786    321.350425
PE03  21451.295403  19952.298266   4178.073705   -594.350835
PE04 -25288.479902  -7127.545710  13640.575108  -1103.803492
PE05   4908.649207  21324.707679  19931.879473   -149.063604
PE07  14207.642988 -10283.494658 -23840.862448   -700.763242
PE08  25229.606021   7013.290526 -13790.186461   -589.493081
PE09 -14184.305215  10130.365704  23926.073625   -639.618552
PE11 -13038.299870  21230.113279 -16001.337179   2444.606072
PE12 -16171.674025   -305.468016 -24798.021037   -140.365578
PE13  13231.565169 -20623.930801  16606.412755    430.427300
PE15  16071.315843    493.279671  24852.263613    723.860050
PE19 -19867.217784 -20919.670268  -6617.218431  -4678.493260
PE21   5545.872924 -18763.168062  22218.935287   -754.585394
PE24 -24174.533366  15417.355315  -7317.889407   -807.102077
PE25  -5874.926600  18799.047432 -22081.946673   -586.057874
PE26   2142.824979 -29447.376173  -2195.668841  -1550.382188
PE27  23506.029861 -15969.921755   8306.280495   -379.435543
PE30  27276.547988  -3024.347624 -11106.638670   -793.088730
PE31 -27462.351072   3783.724419  10391.427189   -502.521195
PE33  -9412.970158 -21200.456366 -18390.437046   -453.620080
PE36  -2662.387975  29450.429393   1297.750063   -423.626565
PG01  13367.260363 -18274.939453  13290.984401    293.432451
PG02 -15026.551413   7420.668531 -20029.945859   -647.756004
PG03  22174.349119 -12389.086000  -7688.851521   -341.361327
PG05 -25602.229054   5428.560841  -5117.455050    -94.649961
PG06  -8042.990936 -17773.229076 -17929.497079    442.368447
PG07   5130.513696 -25774.896482   1038.949623    311.550444
PG08  19064.792240   -464.666017  18591.172990    -82.402483
PG09   1662.214866 -17439.489712 -20028.321590   -302.656370
PG11 -13939.824323  -6220.280939 -21738.729811    -13.165020
PG12 -23590.483193  10267.709837  -6640.135392   -269.805271
PG13 -20389.914429  -9442.351041  14141.296688    377.115605
PG14  -4256.730536 -14829.974957  21626.571012   -106.933782
PG15 -19151.280865   2791.536547  17883.430157    -33.406428
PG16  24757.898051   1905.358084 -10315.343172   -522.357167
PG17 -10801.001919 -21862.207565  10889.724500    653.547655
PG18  -5350.968410  25904.373650   1389.263776     66.416027
PG19 -17338.377159 -20286.475499    494.556280    203.521069
PG20 -20593.540543  -2959.886767 -16372.122499    490.858139
PG21  15387.869782  -9157.547060  19996.665861    160.045598
PG22  18543.987966  19093.405607  -1035.871817    318.245500
PG23  -5124.272095  16410.924465  20199.567502    -38.334823
PG24 -14182.087622  14954.284816  16206.865433    153.441464
PG25 -13678.396732  16293.046153 -16016.582137    366.139201
PG26  19105.170322   6546.915238 -17496.094835    226.029837
PG27  22124.955084  11105.908803   9923.388590    216.399853
PG29  -3289.052342  16609.265225 -20488.608762   -546.950880
PG30  -2518.039916 -23996.564446  10904.968759   -536.477959
PG31   9778.688596  15920.635428 -18832.695397   -191.397205
PG32  14443.897029  20893.400371   8242.281063   -217.455154
PR01   2694.506346  11949.419656  22369.257590     13.902521
PR02  20095.716653  11737.875844  10557.079374    528.250515
PR03  24231.326107   4285.573426  -6791.388322     62.727605
PR04  14752.490690  -5129.867350 -20147.647584    155.628579
PR05  -2695.229828 -11865.594076 -22408.150063     98.734675
PR07 -24015.572212  -3819.030058   7654.540416     40.132236
PR08 -14593.227951   5418.706269  20250.056484    -66.922857
PR09  -8410.217151  -7623.423444  22866.633603     73.793530
PR12  -7567.725477  17834.435168 -16552.742484     20.574920
PR13   6917.740289   8650.601353 -22984.785094    -26.225543
PR14  18700.227715  -6942.329896 -15867.759560     24.386670
PR15  18630.722589 -17416.495847    309.290866     93.994138
PR17  11294.769497   3819.369884  22547.626076    556.552470
PR18   6537.504469 -13713.584830  20488.976427     39.819318
PR19   -317.634906 -23935.996649   8827.525265   -201.714450
PR20  -8900.060483 -20924.395227 -11524.207631    -77.390081
PR21 -11002.448709  -2268.662502 -22908.517568   -329.411429
PR24   9907.463593  20186.048152  12032.830392    111.571409
*  2022 08 29 08 20 00.00000000
PE02  14353.992318  11259.202768 -23306.169277    321.350453
PE03  21448.208140  19949.399333   4207.637585   -594.350870
PE04 -25299.602458  -7135.485134  13615.773153  -1103.803576
PE05   4892.868187  21312.424467  19948.893154   -149.063569
PE07  14226.747116 -10269.117309 -23835.658154   -700.763270
PE08  25240.959695   7021.186867 -13765.355448   -589.493141
PE09 -14203.541648  10116.030077  23920.740352   -639.618686
PE11 -13035.138568  21214.313986 -16024.867875   2444.604535
PE12 -16168.589474   -330.174310 -24799.709847   -140.365809
PE13  13228.333571 -20607.495205  16629.368629    430.427309
PE15  16068.293313    518.070867  24853.709444    723.860023
PE19 -19862.291906 -20915.153080  -6646.204479  -4678.492235
PE21   5566.274945 -18772.106071  22206.276746   -754.585413
PE24 -24181.007273  15420.870398  -7289.005064   -807.102286
PE25  -5895.236844  18807.951425 -22068.954779   -586.057883
PE26   2141.595840 -29449.729058  -2165.081244  -1550.382625
PE27  23513.366923 -15973.904567   8277.776651   -379.435623
PE30  27265.958373  -3020.772180 -11133.571062   -793.089029
PE31 -27452.425283   3780.448019  10418.849487   -502.521203
PE33  -9411.939845 -21218.930917 -18369.645506   -453.620076
PE36  -2660.848568  29451.913498   1266.942324   -423.626618
PG01  13365.018296 -18257.488968  13316.932197    293.432386
PG02 -15023.774440   7394.006182 -20041.362591   -647.756010
PG03  22184.185856 -12389.762859  -7658.736529   -341.361396
PG05 -25597.204876   5424.012044  -5148.256213    -94.649953
PG06  -8036.696210 -17795.219535 -17910.492498    442.368576
PG07   5134.169507 -25774.907120   1007.130529    311.550400
PG08  19081.643689   -448.165953  18574.666573    -82.402519
PG09   1681.943639 -17423.602769 -20040.579853   -302.656333
PG11 -13932.167327  -6246.784059 -21736.070087    -13.165040
PG12 -23598.929368  10267.119188  -6609.654682   -269.805307
PG13 -20400.030863  -9457.512204  14117.016379    377.115704
PG14  -4230.214528 -14837.187540  21626.720403   -106.933766
PG15 -19169.442665   2776.396182  17867.022331    -33.406375
PG16  24746.028703   1909.863992 -10343.264255   -522.357165
PG17 -10790.488282 -21854.014697  10917.733650    653.547628
PG18  -5353.878668  25905.474362   1357.232823     66.415893
PG19 -17336.177754 -20287.156262    526.492652    203.521127
PG20 -20575.832797  -2971.323911 -16392.521285    490.858061
PG21  15385.939720  -9133.286104  20010.367166    160.045617
PG22  18543.258484  19096.511649  -1004.233077    318.245566
PG23  -5148.887833  16418.300530  20187.199263    -38.334843
PG24 -14181.804342  14932.691208  16227.047302    153.441339
PG25 -13698.013876  16297.130720 -15994.995089    366.139242
PG26  19085.245771   6556.464088 -17514.028602    226.029855
PG27  22133.024963  11115.982649   9895.080561    216.399822
PG29  -3307.343915  16590.929490 -20500.623273   -546.950853
PG30  -2511.639455 -24009.258901  10877.993104   -536.477954
PG31   9771.291934  15943.323157 -18816.766587   -191.397212
PG32  14434.647659  20888.371072   8271.520983   -217.455272
PR01   2665.168979  11940.576126  22377.501592     13.902541
PR02  20082.530562  11731.871647  10588.850787    528.250458
PR03  24240.713801   4286.808796  -6757.276645     62.727595
PR04  14779.086109  -5122.283284 -20130.111143    155.628598
PR05  -2666.143988 -11855.683758 -22416.893489     98.734650
PR07 -24025.978737  -3820.681292   7620.791051     40.132285
PR08 -14619.783852   5411.145763  20232.845817    -66.922791
PR09  -8387.642246  -7644.992325  22867.653431     73.793557
PR12  -7583.669846  17850.652487 -16527.982414     20.574924
PR13   6894.966457   8672.280750 -22983.460102    -26.225544
PR14  18683.669923  -6928.144419 -15893.430498     24.386630
PR15  18629.988059 -17417.824332    273.658974     93.994159
PR17  11301.821736   3849.458300  22538.928038    556.552534
PR18   6542.108636 -13685.846240  20506.092253     39.819336
PR19   -317.847484 -23923.628140   8860.955286   -201.714412
PR20  -8905.026896 -20939.567433 -11492.754946    -77.390117
PR21 -11009.340084  -2299.292330 -22902.184053   -329.411493
PR24   9912.324864  20201.838801  12002.233572    111.571386
*  2022 08 29 08 20 10.00000000
PE02  14332.281069  11267.927023 -23315.298938    321.350469
PE03  21445.095048  19946.484841   4237.194997   -594.350903
PE04 -25310.711160  -7143.401180  13590.950274  -1103.803650
PE05   4877.064335  21300.142863  19965.876173   -149.063536
PE07  14245.857897 -10254.757502 -23830.417214   -700.763303
PE08  25252.299479   7029.059601 -13740.503262   -589.493209
PE09 -14222.784707  10101.712349  23915.370318   -639.618814
PE11 -13031.987247  21198.488799 -16048.373965   2444.603006
PE12 -16165.524724   -354.884762 -24801.360573   -140.365995
PE13  13225.112665 -20591.034188  16652.298948    430.427308
PE15  16065.290794    542.865942  24855.117076    723.859996
PE19 -19857.339457 -20910.622069  -6675.180322  -4678.491237
PE21   5586.658337 -18781.054974  22193.584090   -754.585440
PE24 -24187.451721  15424.379378  -7260.109501   -807.102488
PE25  -5915.528165  18816.866093 -22055.928927   -586.057888
PE26   2140.361142 -29452.050576  -2134.490319  -1550.383069
PE27  23520.674569 -15977.882019   8249.260087   -379.435712
PE30  27255.346602  -3017.178240 -11160.486355   -793.089337
PE31 -27442.476713   3777.153329  10446.255782   -502.521206
PE33  -9410.927003 -21237.385639 -18348.825734   -453.620075
PE36  -2659.304342  29453.365739   1236.132630   -423.626672
PG01  13362.779372 -18240.004703  13342.850669    293.432314
PG02 -15021.010743   7367.327174 -20052.734465   -647.755991
PG03  22193.986094 -12390.434202  -7628.605189   -341.361475
PG05 -25592.147148   5419.447376  -5179.046556    -94.649938
PG06  -8030.420599 -17817.190493 -17891.449527    442.368712
PG07   5137.816809 -25774.880301    975.309224    311.550344
PG08  19098.489081   -431.689754  18558.120952    -82.402607
PG09   1701.692927 -17407.717020 -20052.795716   -302.656285
PG11 -13924.526767  -6273.288379 -21733.364134    -13.165065
PG12 -23607.338804  10266.524471  -6579.159915   -269.805367
PG13 -20410.136790  -9472.643508  14092.705982    377.115784
PG14  -4203.702309 -14844.415146  21626.823808   -106.933755
PG15 -19187.594969   2761.277727  17850.575581    -33.406299
PG16  24734.128349   1914.384334 -10371.164133   -522.357173
PG17 -10779.945831 -21845.803065  10945.719944    653.547736
PG18  -5356.778711  25906.537516   1325.198947     66.415764
PG19 -17333.952200 -20287.808514    558.427924    203.521200
PG20 -20558.108486  -2982.782097 -16412.884858    490.857999
PG21  15384.021536  -9109.008371  20024.027229    160.045577
PG22  18542.504259  19099.588649   -972.592206    318.245663
PG23  -5173.484553  16425.686152  20174.787903    -38.334866
PG24 -14181.528753  14911.072107  16247.193283    153.441199
PG25 -13717.603426  16301.218143 -15973.374255    366.139271
PG26  19065.305424   6566.031803 -17531.925780    226.029864
PG27  22141.074785  11126.027298   9866.751722    216.399790
PG29  -3325.656972  16572.594055 -20512.594271   -546.950837
PG30  -2505.253430 -24021.923889  10850.994081   -536.477966
PG31   9763.912685  15965.996104 -18800.797594   -191.397225
PG32  14425.368384  20883.322672   8300.743598   -217.455390
PR01   2635.813740  11931.753048  22385.691852     13.902522
PR02  20069.298474  11725.864928  10620.596960    528.250476
PR03  24250.058083   4288.022513  -6723.148761     62.727610
PR04  14805.664882  -5114.728394 -20112.526257    155.628620
PR05  -2637.038711 -11845.793687 -22425.583012     98.734652
PR07 -24036.342634  -3822.310221   7587.023330     40.132297
PR08 -14646.323589   5403.613908  20215.586745    -66.922856
PR09  -8365.083184  -7666.579867  22868.618492     73.793538
PR12  -7599.576341  17866.859531 -16503.182516     20.574888
PR13   6872.211379   8693.977166 -22982.079943    -26.225495
PR14  18667.097805  -6913.921793 -15919.063195     24.386637
PR15  18629.216769 -17419.119139    238.026403     93.994165
PR17  11308.896733   3879.529210  22530.175814    556.552569
PR18   6546.741052 -13658.088783  20523.158811     39.819323
PR19   -318.041399 -23911.214630   8894.364050   -201.714457
PR20  -8909.998706 -20954.693173 -11461.274594    -77.390083
PR21 -11016.255567  -2329.907814 -22895.795583   -329.411535
PR24   9917.190591  20217.584538  11971.607888    111.571497
*  2022 08 29 08 20 20.00000000
PE02  14310.568147  11276.671614 -23324.392753    321.350507
PE03  21441.956110  19943.554832   4266.745890   -594.350938
PE04 -25321.805961  -7151.293858  13566.106510  -1103.803734
PE05   4861.237671  21287.862913  19982.828500   -149.063500
PE07  14264.975285 -10240.415262 -23825.139638   -700.763324
PE08  25263.625326   7036.908737 -13715.629944   -589.493273
PE09 -14242.034345  10087.412541  23909.963535   -639.618948
PE11 -13028.845944  21182.637749 -16071.855413   2444.601470
PE12 -16162.479787   -379.599313 -24802.973207   -140.366216
PE13  13221.902491 -20574.547787  16675.203672    430.427315
PE15  16062.308296    567.664837  24856.486508    723.859983
PE19 -19852.360426 -20906.077279  -6704.145902  -4678.490218
PE21   5607.023060 -18790.014733  22180.857342   -754.585460
PE24 -24193.866707  15427.882210  -7231.202767   -807.102701
PE25  -5935.800521  18825.791399 -22042.869139   -586.057901
PE26   2139.120932 -29454.340712  -2103.896115  -1550.383509
PE27  23527.952799 -15981.854061   8220.730849   -379.435796
PE30  27244.712712  -3013.565777 -11187.384503   -793.089645
PE31 -27432.505397   3773.840319  10473.646027   -502.521210
PE33  -9409.931604 -21255.820486 -18327.977763   -453.620072
PE36  -2657.755347  29454.786111   1205.321036   -423.626726
PG01  13360.543646 -18222.486700  13368.739747    293.432239
PG02 -15018.260346   7340.631578 -20064.061461   -647.755965
PG03  22203.749825 -12391.099975  -7598.457577   -341.361558
PG05 -25587.055904   5414.866798  -5209.826011    -94.649937
PG06  -8024.164082 -17839.141889 -17872.368214    442.368844
PG07   5141.455650 -25774.816021    943.485781    311.550233
PG08  19115.328350   -415.237437  18541.536173    -82.402666
PG09   1721.462687 -17391.832522 -20064.969153   -302.656243
PG11 -13916.902660  -6299.793829 -21730.611962    -13.165078
PG12 -23615.711496  10265.925634  -6548.651165   -269.805424
PG13 -20420.232149  -9487.744944  14068.365567    377.115861
PG14  -4177.193942 -14851.657757  21626.881235   -106.933741
PG15 -19205.737721   2746.181193  17834.089946    -33.406216
PG16  24722.197035   1918.919148 -10399.042742   -522.357199
PG17 -10769.374565 -21837.572732  10973.683329    653.547803
PG18  -5359.668588  25907.563096   1293.162228     66.415645
PG19 -17331.700451 -20288.432284    590.362024    203.521275
PG20 -20540.367677  -2994.261324 -16433.213171    490.857950
PG21  15382.115256  -9084.713925  20037.646030    160.045583
PG22  18541.725253  19102.636641   -940.949282    318.245744
PG23  -5198.062197  16433.081292  20162.333453    -38.334873
PG24 -14181.260892  14889.427565  16267.303328    153.441089
PG25 -13737.165349  16305.308371 -15951.719694    366.139310
PG26  19045.349352   6575.618385 -17549.786325    226.029882
PG27  22149.104492  11136.042765   9838.402149    216.399757
PG29  -3343.991479  16554.258983 -20524.521726   -546.950857
PG30  -2498.881806 -24034.559371  10823.971753   -536.477976
PG31   9756.550839  15988.654206 -18784.788456   -191.397235
PG32  14416.059207  20878.255218   8329.948834   -217.455505
PR01   2606.440717  11922.950478  22393.828326     13.902540
PR02  20056.020363  11719.855771  10652.317762    528.250479
PR03  24259.358904   4289.214639  -6689.004762     62.727596
PR04  14832.226910  -5107.202671 -20094.892983    155.628640
PR05  -2607.914088 -11835.923904 -22434.218622     98.734690
PR07 -24046.663842  -3823.916904   7553.237352     40.132251
PR08 -14672.847049   5396.110696  20198.279315    -66.922743
PR09  -8342.540033  -7688.186014  22869.528771     73.793497
PR12  -7615.444942  17883.056210 -16478.342859     20.574894
PR13   6849.475124   8715.690521 -22980.644637    -26.225553
PR14  18650.511454  -6899.662023 -15944.657571     24.386655
PR15  18628.408763 -17420.380206    202.393260     93.994132
PR17  11315.994429   3909.582531  22521.369472    556.552543
PR18   6551.401724 -13630.312567  20540.176075     39.819362
PR19   -318.216582 -23898.756176   8927.751463   -201.714404
PR20  -8914.975841 -20969.772382 -11429.766659    -77.390151
PR21 -11023.195121  -2360.508843 -22889.352175   -329.411564
PR24   9922.060694  20233.285346  11940.953432    111.571572
*  2022 08 29 08 20 30.00000000
PE02  14288.853606  11285.436535 -23333.450709    321.350534
PE03  21438.791306  19940.609348   4296.290219   -594.350982
PE04 -25332.886817  -7159.163181  13541.241900  -1103.803815
PE05   4845.388212  21275.584665  19999.750111   -149.063466
PE07  14284.099235 -10226.090612 -23819.825433   -700.763356
PE08  25274.937190   7044.734286 -13690.735533   -589.493331
PE09 -14261.290517  10073.130678  23904.520012   -639.619076
PE11 -13025.714703  21166.760866 -16095.312180   2444.599938
PE12 -16159.454672   -404.317909 -24804.547747   -140.366420
PE13  13218.703092 -20558.036033  16698.082766    430.427320
PE15  16059.345826    592.467496  24857.817738    723.859953
PE19 -19847.354798 -20901.518751  -6733.101176  -4678.489176
PE21   5627.369078 -18798.985312  22168.096522   -754.585488
PE24 -24200.252235  15431.378846  -7202.284908   -807.102912
PE25  -5956.053878  18834.727306 -22029.775434   -586.057915
PE26   2137.875256 -29456.599455  -2073.298680  -1550.383946
PE27  23535.201612 -15985.820647   8192.188983   -379.435888
PE30  27234.056741  -3009.934763 -11214.265464   -793.089952
PE31 -27422.511373   3770.508960  10501.020181   -502.521213
PE33  -9408.953622 -21274.235415 -18307.101626   -453.620069
PE36  -2656.201630  29456.174604   1174.507588   -423.626778
PG01  13358.311170 -18204.934993  13394.599373    293.432165
PG02 -15015.523275   7313.919458 -20075.343554   -647.755966
PG03  22213.477040 -12391.760122  -7568.293756   -341.361632
PG05 -25581.931175   5410.270267  -5240.594514    -94.649902
PG06  -8017.926639 -17861.073661 -17853.248600    442.368976
PG07   5145.086078 -25774.714263    911.660271    311.550228
PG08  19132.161436   -398.809019  18524.912272    -82.402701
PG09   1741.252886 -17375.949332 -20077.100139   -302.656207
PG11 -13909.295020  -6326.300340 -21727.813576    -13.165097
PG12 -23624.047436  10265.322624  -6518.128495   -269.805502
PG13 -20430.316881  -9502.816505  14043.995185    377.115896
PG14  -4150.689491 -14858.915355  21626.892684   -106.933721
PG15 -19223.870860   2731.106591  17817.565465    -33.406147
PG16  24710.234802   1923.468471 -10426.900025   -522.357222
PG17 -10758.774475 -21829.323757  11001.623747    653.547791
PG18  -5362.548349  25908.551087   1261.122735     66.415521
PG19 -17329.422469 -20289.027608    622.294887    203.521343
PG20 -20522.610432  -3005.761598 -16453.506183    490.857907
PG21  15380.220910  -9060.402824  20051.223544    160.045657
PG22  18540.921428  19105.655660   -909.304374    318.245814
PG23  -5222.620714  16440.485909  20149.835940    -38.334896
PG24 -14181.000798  14867.757629  16287.377394    153.440959
PG25 -13756.699608  16309.401357 -15930.031451    366.139352
PG26  19025.377612   6585.223841 -17567.610197    226.029895
PG27  22157.114030  11146.029062   9810.031904    216.399730
PG29  -3362.347407  16535.924337 -20536.405613   -546.950872
PG30  -2492.524552 -24047.165304  10796.926176   -536.477981
PG31   9749.206385  16011.297398 -18768.739205   -191.397268
PG32  14406.720115  20873.168762   8359.136630   -217.455618
PR01   2577.049997  11914.168458  22401.910995     13.902579
PR02  20042.696250  11713.844254  10684.013117    528.250344
PR03  24268.616215   4290.385235  -6654.844732     62.727660
PR04  14858.772102  -5099.706106 -20077.211361    155.628654
PR05  -2578.770204 -11826.074457 -22442.800299     98.734674
PR07 -24056.942311  -3825.501399   7519.433197     40.132248
PR08 -14699.354141   5388.636120  20180.923569    -66.922721
PR09  -8320.012863  -7709.810701  22870.384265     73.793555
PR12  -7631.275635  17899.242439 -16453.463501     20.574892
PR13   6826.757758   8737.420745 -22979.154186    -26.225496
PR14  18633.910956  -6885.365116 -15970.213562     24.386669
PR15  18627.564090 -17421.607477    166.759631     93.994113
PR17  11323.114783   3939.618175  22512.509033    556.552568
PR18   6556.090670 -13602.517685  20557.144003     39.819358
PR19   -318.372969 -23886.252830   8961.117444   -201.714393
PR20  -8919.958225 -20984.805024 -11398.231217    -77.390185
PR21 -11030.158710  -2391.095327 -22882.853844   -329.411603
PR24   9926.935096  20248.941187  11910.270275    111.571587
*  2022 08 29 08 20 40.00000000
PE02  14267.137496  11294.221780 -23342.472792    321.350543
PE03  21435.600617  19937.648429   4325.827939   -594.351028
PE04 -25343.953683  -7167.009162  13516.356483  -1103.803907
PE05   4829.515977  21263.308164  20016.640980   -149.063440
PE07  14303.229702 -10211.783577 -23814.474609   -700.763402
PE08  25286.235024   7052.536263 -13665.820066   -589.493410
PE09 -14280.553177  10058.866784  23899.039756   -639.619219
PE11 -13022.593563  21150.858182 -16118.744232   2444.598402
PE12 -16156.449388   -429.040497 -24806.084190   -140.366617
PE13  13215.514506 -20541.498960  16720.936194    430.427313
PE15  16056.403394    617.273867  24859.110764    723.859918
PE19 -19842.322557 -20896.946529  -6762.046098  -4678.488118
PE21   5647.696354 -18807.966673  22155.301649   -754.585525
PE24 -24206.608307  15434.869240  -7173.355966   -807.103131
PE25  -5976.288198  18843.673777 -22016.647832   -586.057937
PE26   2136.624161 -29458.826796  -2042.698059  -1550.384394
PE27  23542.421009 -15989.781731   8163.634532   -379.435988
PE30  27223.378727  -3006.285169 -11241.129196   -793.090272
PE31 -27412.494677   3767.159221  10528.378201   -502.521225
PE33  -9407.993028 -21292.630381 -18286.197355   -453.620079
PE36  -2654.643241  29457.531212   1143.692335   -423.626847
PG01  13356.081997 -18187.349615  13420.429492    293.432092
PG02 -15012.799558   7287.190880 -20086.580715   -647.755990
PG03  22223.167732 -12392.414590  -7538.113791   -341.361725
PG05 -25576.772994   5405.657743  -5271.351998    -94.649898
PG06  -8011.708252 -17882.985744 -17834.090727    442.369103
PG07   5148.708142 -25774.575012    879.832761    311.550239
PG08  19148.988280   -382.404516  18508.249287    -82.402595
PG09   1761.063490 -17360.067503 -20089.188647   -302.656169
PG11 -13901.703859  -6352.807848 -21724.968982    -13.165123
PG12 -23632.346614  10264.715386  -6487.591970   -269.805564
PG13 -20440.390927  -9517.858182  14019.594889    377.115923
PG14  -4124.189020 -14866.187923  21626.858155   -106.933711
PG15 -19241.994327   2716.053933  17801.002176    -33.406126
PG16  24698.241689   1928.032342 -10454.735925   -522.357239
PG17 -10748.145551 -21821.056196  11029.541143    653.547797
PG18  -5365.418046  25909.501472   1229.080536     66.415390
PG19 -17327.118213 -20289.594521    654.226444    203.521392
PG20 -20504.836808  -3017.282925 -16473.763849    490.857871
PG21  15378.338530  -9036.075124  20064.759747    160.045722
PG22  18540.092745  19108.645739   -877.657548    318.245883
PG23  -5247.160048  16447.899964  20137.295390    -38.334907
PG24 -14180.748507  14846.062348  16307.415436    153.440831
PG25 -13776.206169  16313.497053 -15908.309570    366.139381
PG26  19005.390263   6594.848181 -17585.397359    226.029900
PG27  22165.103347  11155.986205   9781.641047    216.399689
PG29  -3380.724727  16517.590176 -20548.245908   -546.950890
PG30  -2486.181635 -24059.741647  10769.857410   -536.478005
PG31   9741.879312  16033.925617 -18752.649872   -191.397272
PG32  14397.351095  20868.063355   8388.306925   -217.455734
PR01   2547.641663  11905.407030  22409.939839     13.902560
PR02  20029.326156  11707.830455  10715.682950    528.250171
PR03  24277.829968   4291.534363  -6620.668751     62.727656
PR04  14885.300365  -5092.238687 -20059.481435    155.628706
PR05  -2549.607144 -11816.245392 -22451.328021     98.734665
PR07 -24067.177988  -3827.063766   7485.610948     40.132213
PR08 -14725.844774   5381.190167  20163.519548    -66.922742
PR09  -8297.501740  -7731.453865  22871.184972     73.793644
PR12  -7647.068406  17915.418132 -16428.544503     20.574943
PR13   6804.059348   8759.167772 -22977.608597    -26.225533
PR14  18617.296395  -6871.031077 -15995.731107     24.386741
PR15  18626.682803 -17422.800895    131.125600     93.994143
PR17  11330.257758   3969.636051  22503.594518    556.552625
PR18   6560.807909 -13574.704231  20574.062555     39.819377
PR19   -318.510494 -23873.704642   8994.461913   -201.714403
PR20  -8924.945778 -20999.791062 -11366.668344    -77.390253
PR21 -11037.146301  -2421.667173 -22876.300606   -329.411626
PR24   9931.813722  20264.552028  11879.558494    111.571688
*  2022 08 29 08 20 50.00000000
PE02  14245.419867  11303.027343 -23351.458987    321.350566
PE03  21432.384023  19934.672114   4355.359003   -594.351069
PE04 -25355.006512  -7174.831813  13491.450295  -1103.803987
PE05   4813.620987  21251.033456  20033.501079   -149.063401
PE07  14322.366640 -10197.494180 -23809.087173   -700.763435
PE08  25297.518784   7060.314679 -13640.883583   -589.493474
PE09 -14299.822280  10044.620882  23893.522776   -639.619348
PE11 -13019.482566  21134.929727 -16142.151533   2444.596861
PE12 -16153.463945   -453.767022 -24807.582535   -140.366816
PE13  13212.336774 -20524.936599  16743.763920    430.427310
PE15  16053.481007    642.083893  24860.365584    723.859893
PE19 -19837.263688 -20892.360657  -6790.980625  -4678.487069
PE21   5668.004852 -18816.958782  22142.472743   -754.585541
PE24 -24212.934926  15438.353344  -7144.415988   -807.103337
PE25  -5996.503448  18852.630775 -22003.486355   -586.057947
PE26   2135.367696 -29461.022723  -2012.094299  -1550.384838
PE27  23549.610991 -15993.737265   8135.067539   -379.436083
PE30  27212.678709  -3002.616967 -11267.975658   -793.090583
PE31 -27402.455346   3763.791074  10555.720045   -502.521235
PE33  -9407.049794 -21311.005340 -18265.264982   -453.620087
PE36  -2653.080228  29458.855924   1112.875323   -423.626904
PG01  13353.856179 -18169.730600  13446.230044    293.432010
PG02 -15010.089223   7260.445906 -20097.772918   -647.755961
PG03  22232.821892 -12393.063322  -7507.917744   -341.361808
PG05 -25571.581394   5401.029184  -5302.098401    -94.649913
PG06  -8005.508902 -17904.878077 -17814.894636    442.369234
PG07   5152.321889 -25774.398253    848.003323    311.550234
PG08  19165.808820   -366.023947  18491.547252    -82.402585
PG09   1780.894468 -17344.187092 -20101.234654   -302.656137
PG11 -13894.129192  -6379.316285 -21722.078187    -13.165152
PG12 -23640.609022  10264.103869  -6457.041654   -269.805613
PG13 -20450.454229  -9532.869967  13995.164732    377.116009
PG14  -4097.692593 -14873.475442  21626.777646   -106.933699
PG15 -19260.108062   2701.023229  17784.400116    -33.406119
PG16  24686.217737   1932.610798 -10482.550386   -522.357262
PG17 -10737.487784 -21812.770107  11057.435457    653.547796
PG18  -5368.277727  25910.414234   1197.035700     66.415260
PG19 -17324.787645 -20290.133060    686.156630    203.521441
PG20 -20487.046868  -3028.825309 -16493.986127    490.857858
PG21  15376.468144  -9011.730880  20078.254615    160.045744
PG22  18539.239164  19111.606911   -846.008871    318.245951
PG23  -5271.680148  16455.323416  20124.711829    -38.334922
PG24 -14180.504058  14824.341771  16327.417409    153.440700
PG25 -13795.684993  16317.595409 -15886.554096    366.139422
PG26  18985.387362   6604.491410 -17603.147774    226.029914
PG27  22173.072390  11165.914209   9753.229638    216.399665
PG29  -3399.123408  16499.256561 -20560.042586   -546.950910
PG30  -2479.853020 -24072.288356  10742.765511   -536.478010
PG31   9734.569609  16056.538800 -18736.520491   -191.397263
PG32  14387.952136  20862.939051   8417.459659   -217.455856
PR01   2518.215802  11896.666237  22417.914839     13.902585
PR02  20015.910103  11701.814452  10747.327184    528.249998
PR03  24287.000116   4292.662083  -6586.476902     62.727661
PR04  14911.811608  -5084.800404 -20041.703249    155.628770
PR05  -2520.424991 -11806.436756 -22459.801770     98.734713
PR07 -24077.370821  -3828.604063   7451.770686     40.132174
PR08 -14752.318857   5373.772829  20146.067292    -66.922714
PR09  -8275.006736  -7753.115442  22871.930890     73.793738
PR12  -7662.823240  17931.583203 -16403.585925     20.574971
PR13   6781.379962   8780.931533 -22976.007870    -26.225490
PR14  18600.667857  -6856.659913 -16021.210145     24.386747
PR15  18625.764951 -17423.960406     95.491255     93.994161
PR17  11337.423312   3999.636072  22494.625947    556.552636
PR18   6565.553459 -13546.872297  20590.931692     39.819413
PR19   -318.629090 -23861.111665   9027.784791   -201.714427
PR20  -8929.938425 -21014.730461 -11335.078115    -77.390367
PR21 -11044.157858  -2452.224289 -22869.692477   -329.411593
PR24   9936.696499  20280.117831  11848.818160    111.571671
*  2022 08 29 08 21 00.00000000
PE02  14223.700780  11311.853213 -23360.409278    321.350597
PE03  21429.141508  19931.680451   4384.883360   -594.351107
PE04 -25366.045259  -7182.631147  13466.523378  -1103.804069
PE05   4797.703257  21238.760587  20050.330382   -149.063367
PE07  14341.510009 -10183.222444 -23803.663132   -700.763461
PE08  25308.788424   7068.069544 -13615.926126   -589.493542
PE09 -14319.097780  10030.392996  23887.969084   -639.619480
PE11 -13016.381751  21118.975535 -16165.534044   2444.595329
PE12 -16150.498350   -478.497431 -24809.042772   -140.367007
PE13  13209.169938 -20508.348984  16766.565906    430.427311
PE15  16050.578674    666.897516  24861.582195    723.859866
PE19 -19832.178184 -20887.761177  -6819.904698  -4678.486022
PE21   5688.294534 -18825.961598  22129.609825   -754.585565
PE24 -24219.232090  15441.831114  -7115.465022   -807.103547
PE25  -6016.699583  18861.598261 -21990.291025   -586.057965
PE26   2134.105903 -29463.187226  -1981.487453  -1550.385281
PE27  23556.771557 -15997.687202   8106.488055   -379.436171
PE30  27201.956725  -2998.930128 -11294.804801   -793.090891
PE31 -27392.393417   3760.404486  10583.045664   -502.521241
PE33  -9406.123893 -21329.360251 -18244.304537   -453.620078
PE36  -2651.512639  29460.148734   1082.056608   -423.626953
PG01  13351.633767 -18152.077992  13472.000960    293.431947
PG02 -15007.392291   7233.684610 -20108.920143   -647.755901
PG03  22242.439511 -12393.706266  -7477.705691   -341.361882
PG05 -25566.356407   5396.384550  -5332.833653    -94.649982
PG06  -7999.328567 -17926.750597 -17795.660376    442.369365
PG07   5155.927369 -25774.183981    816.172029    311.550229
PG08  19182.622992   -349.667328  18474.806218    -82.402646
PG09   1800.745774 -17328.308156 -20113.238131   -302.656101
PG11 -13886.571034  -6405.825580 -21719.141198    -13.165168
PG12 -23648.834659  10263.488021  -6426.477620   -269.805651
PG13 -20460.506726  -9547.851853  13970.704780    377.116080
PG14  -4071.200274 -14880.777892  21626.651165   -106.933675
PG15 -19278.212007   2686.014491  17767.759325    -33.406111
PG16  24674.162991   1937.203875 -10510.343343   -522.357292
PG17 -10726.801172 -21804.465554  11085.306638    653.547773
PG18  -5371.127442  25911.289360   1164.988305     66.415136
PG19 -17322.430720 -20290.643254    718.085370    203.521519
PG20 -20469.240679  -3040.388753 -16514.172971    490.857872
PG21  15374.609784  -8987.370157  20091.708126    160.045757
PG22  18538.360650  19114.539213   -814.358424    318.246014
PG23  -5296.180955  16462.756223  20112.085288    -38.334933
PG24 -14180.267488  14802.595948  16347.383265    153.440582
PG25 -13815.136049  16321.696376 -15864.765088    366.139452
PG26  18965.368981   6614.153531 -17620.861398    226.029940
PG27  22181.021100  11175.813087   9724.797754    216.399623
PG29  -3417.543417  16480.923556 -20571.795618   -546.950920
PG30  -2473.538674 -24084.805393  10715.650544   -536.478013
PG31   9727.277265  16079.136881 -18720.351099   -191.397263
PG32  14378.523239  20857.795896   8446.594756   -217.455964
PR01   2488.772504  11887.946136  22425.835951     13.902617
PR02  20002.448065  11695.796329  10778.945687    528.249929
PR03  24296.126609   4293.768459  -6552.269279     62.727614
PR04  14938.305730  -5077.391250 -20023.876854    155.628781
PR05  -2491.223839 -11796.648591 -22468.221537     98.734758
PR07 -24087.520750  -3830.122350   7417.912507     40.132206
PR08 -14778.776280   5366.384097  20128.566851    -66.922747
PR09  -8252.527916  -7774.795375  22872.622004     73.793766
PR12  -7678.540117  17947.737563 -16378.587834     20.574973
PR13   6758.719667   8802.711949 -22974.352027    -26.225517
PR14  18584.025434  -6842.251629 -16046.650593     24.386693
PR15  18624.810579 -17425.085948     59.856702     93.994211
PR17  11344.611386   4029.618155  22485.603390    556.552705
PR18   6570.327326 -13519.021993  20607.751387     39.819463
PR19   -318.728691 -23848.473954   9061.085981   -201.714513
PR20  -8934.936093 -21029.623153 -11303.460615    -77.390457
PR21 -11051.193344  -2482.766570 -22863.029473   -329.411637
PR24   9941.583342  20295.638582  11818.049366    111.571866
*  2022 08 29 08 21 10.00000000
PE02  14201.980272  11320.699388 -23369.323657    321.350624
PE03  21425.873048  19928.673470   4414.400978   -594.351143
PE04 -25377.069882  -7190.407177  13441.575766  -1103.804156
PE05   4781.762806  21226.489600  20067.128867   -149.063337
PE07  14360.659757 -10168.968395 -23798.202497   -700.763494
PE08  25320.043898   7075.800876 -13590.947724   -589.493605
PE09 -14338.379632  10016.183150  23882.378683   -639.619611
PE11 -13013.291159  21102.995630 -16188.891734   2444.593812
PE12 -16147.552612   -503.231672 -24810.464912   -140.367187
PE13  13206.014034 -20491.736146  16789.342125    430.427311
PE15  16047.696403    691.714694  24862.760598    723.859840
PE19 -19827.066016 -20883.148135  -6848.818300  -4678.485001
PE21   5708.565368 -18834.975091  22116.712912   -754.585589
PE24 -24225.499810  15445.302501  -7086.503102   -807.103758
PE25  -6036.876582  18870.576204 -21977.061856   -586.057977
PE26   2132.838835 -29465.320298  -1950.877559  -1550.385719
PE27  23563.902711 -16001.631495   8077.896112   -379.436260
PE30  27191.212811  -2995.224624 -11321.616600   -793.091198
PE31 -27382.308928   3756.999432  10610.355032   -502.521255
PE33  -9405.215294 -21347.695067 -18223.316055   -453.620080
PE36  -2649.940521  29461.409634   1051.236222   -423.627014
PG01  13349.414817 -18134.391803  13497.742209    293.431881
PG02 -15004.708798   7206.907040 -20120.022347   -647.755869
PG03  22252.020584 -12394.343364  -7447.477676   -341.361952
PG05 -25561.098065   5391.723797  -5363.557700    -94.650019
PG06  -7993.167234 -17948.603239 -17776.387970    442.369504
PG07   5159.524627 -25773.932161    784.338942    311.550198
PG08  19199.430745   -333.334672  18458.026195    -82.402749
PG09   1820.617396 -17312.430745 -20125.199057   -302.656045
PG11 -13879.029395  -6432.335679 -21716.158018    -13.165180
PG12 -23657.023500  10262.867783  -6395.899917   -269.805720
PG13 -20470.548364  -9562.803833  13946.215060    377.116165
PG14  -4044.712128 -14888.095261  21626.478698   -106.933640
PG15 -19296.306101   2671.027728  17751.079839    -33.406113
PG16  24662.077482   1941.811618 -10538.114755   -522.357319
PG17 -10716.085692 -21796.142582  11113.154620    653.547778
PG18  -5373.967245  25912.126830   1132.938403     66.415006
PG19 -17320.047412 -20291.125153    750.012610    203.521593
PG20 -20451.418284  -3051.973268 -16534.324344    490.857894
PG21  15372.763477  -8962.992998  20105.120253    160.045761
PG22  18537.457159  19117.442675   -782.706245    318.246085
PG23  -5320.662426  16470.198349  20099.415785    -38.334937
PG24 -14180.038833  14780.824919  16367.312970    153.440445
PG25 -13834.559295  16325.799909 -15842.942560    366.139499
PG26  18945.335152   6623.834561 -17638.538203    226.029963
PG27  22188.949434  11185.682858   9696.345423    216.399600
PG29  -3435.984731  16462.591216 -20583.504987   -546.950933
PG30  -2467.238567 -24097.292709  10688.512553   -536.478013
PG31   9720.002269  16101.719803 -18704.141719   -191.397274
PG32  14369.064361  20852.633951   8475.712184   -217.456062
PR01   2459.311843  11879.246738  22433.703208     13.902612
PR02  19988.940161  11689.776153  10810.538500    528.249870
PR03  24305.209402   4294.853551  -6518.045941     62.727584
PR04  14964.782656  -5070.011205 -20006.002274    155.628826
PR05  -2462.003756 -11786.880952 -22476.587277     98.734732
PR07 -24097.627741  -3831.618688   7384.036461     40.132200
PR08 -14805.216989   5359.023955  20111.018251    -66.922659
PR09  -8230.065352  -7796.493585  22873.258336     73.793805
PR12  -7694.219036  17963.881136 -16353.550278     20.574984
PR13   6736.078526   8824.508972 -22972.641040    -26.225542
PR14  18567.369197  -6827.806235 -16072.052432     24.386764
PR15  18623.819751 -17426.177477     24.221983     93.994223
PR17  11351.821981   4059.582196  22476.526772    556.552746
PR18   6575.129551 -13491.153382  20624.521569     39.819501
PR19   -318.809234 -23835.791549   9094.365433   -201.714595
PR20  -8939.938694 -21044.469169 -11271.815904    -77.390529
PR21 -11058.252732  -2513.293950 -22856.311610   -329.411624
PR24   9946.474194  20311.114207  11787.252149    111.571890
*  2022 08 29 08 21 20.00000000
PE02  14180.258401  11329.565860 -23378.202107    321.350625
PE03  21422.578626  19925.651217   4443.911804   -594.351184
PE04 -25388.080333  -7198.159914  13416.607500  -1103.804233
PE05   4765.799654  21214.220542  20083.896505   -149.063298
PE07  14379.815843 -10154.732055 -23792.705274   -700.763529
PE08  25331.285159   7083.508685 -13565.948419   -589.493678
PE09 -14357.667789  10001.991367  23876.751583   -639.619743
PE11 -13010.210832  21086.990046 -16212.224564   2444.592283
PE12 -16144.626739   -527.969689 -24811.848946   -140.367381
PE13  13202.869105 -20475.098117  16812.092538    430.427315
PE15  16044.834203    716.535366  24863.900789    723.859818
PE19 -19821.927177 -20878.521573  -6877.721373  -4678.484041
PE21   5728.817318 -18843.999221  22103.782025   -754.585606
PE24 -24231.738085  15448.767460  -7057.530280   -807.103961
PE25  -6057.034402  18879.564564 -21963.798872   -586.057981
PE26   2131.566537 -29467.421928  -1920.264668  -1550.386155
PE27  23571.004452 -16005.570098   8049.291759   -379.436350
PE30  27180.447005  -2991.500426 -11348.411005   -793.091510
PE31 -27372.201915   3753.575881  10637.648097   -502.521262
PE33  -9404.323970 -21366.009745 -18202.299568   -453.620083
PE36  -2648.363922  29462.638614   1020.414220   -423.627060
PG01  13347.199378 -18116.672080  13523.453720    293.431819
PG02 -15002.038768   7180.113268 -20131.079513   -647.755882
PG03  22261.565101 -12394.974562  -7417.233773   -341.362029
PG05 -25555.806402   5387.046886  -5394.270472    -94.650001
PG06  -7987.024882 -17970.435941 -17757.077470    442.369634
PG07   5163.113713 -25773.642787    752.504135    311.550186
PG08  19216.232013   -317.025999  18441.207233    -82.402740
PG09   1840.509289 -17296.554915 -20137.117406   -302.656003
PG11 -13871.504288  -6458.846508 -21713.128656    -13.165197
PG12 -23665.175545  10262.243105  -6365.308616   -269.805787
PG13 -20480.579082  -9577.725898  13921.695638    377.116194
PG14  -4018.228218 -14895.427528  21626.260251   -106.933619
PG15 -19314.390284   2656.062951  17734.361699    -33.406059
PG16  24649.961253   1946.434060 -10565.864556   -522.357330
PG17 -10705.341341 -21787.801255  11140.979351    653.547770
PG18  -5376.797183  25912.926631   1100.886070     66.414886
PG19 -17317.637675 -20291.578786    781.938278    203.521614
PG20 -20433.579753  -3063.578857 -16554.440202    490.857920
PG21  15370.929255  -8938.599464  20118.490974    160.045744
PG22  18536.528656  19120.317334   -751.052415    318.246138
PG23  -5345.124503  16477.649750  20086.703351    -38.334947
PG24 -14179.818131  14759.028738  16387.206475    153.440319
PG25 -13853.954698  16329.905958 -15821.086571    366.139552
PG26  18925.285947   6633.534504 -17656.178148    226.029993
PG27  22196.857334  11195.523534   9667.872723    216.399578
PG29  -3454.447316  16444.259604 -20595.170666   -546.950973
PG30  -2460.952664 -24109.750266  10661.351602   -536.478008
PG31   9712.744609  16124.287499 -18687.892389   -191.397289
PG32  14359.575506  20847.453266   8504.811868   -217.456169
PR01   2429.833910  11870.568099  22441.516563     13.902642
PR02  19975.386364  11683.754009  10842.105488    528.249603
PR03  24314.248446   4295.917421  -6483.806981     62.727631
PR04  14991.242284  -5062.660264 -19988.079562    155.628852
PR05  -2432.764834 -11777.133879 -22484.898984     98.734721
PR07 -24107.691734  -3833.093136   7350.142645     40.132266
PR08 -14831.640874   5351.692395  20093.421542    -66.922622
PR09  -8207.619110  -7818.210016  22873.839872     73.793870
PR12  -7709.859976  17980.013829 -16328.473322     20.574994
PR13   6713.456609   8846.322523 -22970.874928    -26.225557
PR14  18550.699239  -6813.323737 -16097.415581     24.386749
PR15  18622.792511 -17427.234933    -11.412795     93.994222
PR17  11359.055037   4089.528113  22467.396163    556.552765
PR18   6579.960141 -13463.266573  20641.242215     39.819524
PR19   -318.870654 -23823.064508   9127.623054   -201.714573
PR20  -8944.946156 -21059.268440 -11240.144066    -77.390470
PR21 -11065.335983  -2543.806325 -22849.538905   -329.411683
PR24   9951.368971  20326.544689  11756.426602    111.571923
*  2022 08 29 08 21 30.00000000
PE02  14158.535219  11338.452621 -23387.044614    321.350651
PE03  21419.258224  19922.613733   4473.415793   -594.351221
PE04 -25399.076568  -7205.889372  13391.618617  -1103.804318
PE05   4749.813820  21201.953459  20100.633271   -149.063267
PE07  14398.978220 -10140.513448 -23787.171474   -700.763565
PE08  25342.512164   7091.192986 -13540.928252   -589.493735
PE09 -14376.962206   9987.817671  23871.087793   -639.619872
PE11 -13007.140810  21070.958816 -16235.532500   2444.590749
PE12 -16141.720740   -552.711430 -24813.194872   -140.367588
PE13  13199.735189 -20458.434932  16834.817110    430.427315
PE15  16041.992080    741.359478  24865.002767    723.859801
PE19 -19816.761652 -20873.881535  -6906.613873  -4678.482972
PE21   5749.050345 -18853.033952  22090.817184   -754.585630
PE24 -24237.946919  15452.225945  -7028.546598   -807.104182
PE25  -6077.173009  18888.563303 -21950.502094   -586.058001
PE26   2130.289057 -29469.492106  -1889.648827  -1550.386590
PE27  23578.076783 -16009.502964   8020.675041   -379.436429
PE30  27169.659347  -2987.757507 -11375.187976   -793.091806
PE31 -27362.072416   3750.133802  10664.924819   -502.521274
PE33  -9403.449892 -21384.304243 -18181.255108   -453.620079
PE36  -2646.782891  29463.835669    989.590649   -423.627116
PG01  13344.987503 -18098.918855  13549.135437    293.431765
PG02 -14999.382225   7153.303360 -20142.091612   -647.755896
PG03  22271.073055 -12395.599806  -7386.974045   -341.362093
PG05 -25550.481451   5382.353776  -5424.971905    -94.649996
PG06  -7980.901490 -17992.248639 -17737.728916    442.369782
PG07   5166.694675 -25773.315846    720.667678    311.550183
PG08  19233.026738   -300.741323  18424.349368    -82.402651
PG09   1860.421420 -17280.680723 -20148.993153   -302.655956
PG11 -13863.995729  -6485.358002 -21710.053118    -13.165201
PG12 -23673.290786  10261.613933  -6334.703783   -269.805864
PG13 -20490.598823  -9592.618041  13897.146566    377.116197
PG14  -3991.748607 -14902.774675  21625.995825   -106.933590
PG15 -19332.464497   2641.120171  17717.604941    -33.405942
PG16  24637.814347   1951.071240 -10593.592692   -522.357346
PG17 -10694.568111 -21779.441629  11168.780773    653.547747
PG18  -5379.617307  25913.688746   1068.831375     66.414783
PG19 -17315.201471 -20292.004190    813.862305    203.521626
PG20 -20415.725146  -3075.205524 -16574.520500    490.857893
PG21  15369.107147  -8914.189614  20131.820265    160.045735
PG22  18535.575102  19123.163223   -719.397002    318.246235
PG23  -5369.567133  16485.110387  20073.948013    -38.334944
PG24 -14179.605420  14737.207452  16407.063736    153.440219
PG25 -13873.322222  16334.014473 -15799.197168    366.139600
PG26  18905.221422   6643.253365 -17673.781194    226.030024
PG27  22204.744747  11205.335132   9639.379713    216.399565
PG29  -3472.931141  16425.928781 -20606.792630   -546.951098
PG30  -2454.680931 -24122.178021  10634.167750   -536.478017
PG31   9705.504273  16146.839908 -18671.603141   -191.397432
PG32  14350.056662  20842.253891   8533.893748   -217.456259
PR01   2400.338789  11861.910262  22449.275999     13.902650
PR02  19961.786696  11677.729973  10873.646576    528.249519
PR03  24323.243694   4296.960131  -6449.552481     62.727650
PR04  15017.684524  -5055.338413 -19970.108760    155.628857
PR05  -2403.507157 -11767.407419 -22493.156635     98.734740
PR07 -24117.712677  -3834.545754   7316.231141     40.132220
PR08 -14858.047844   5344.389405  20075.776764    -66.922636
PR09  -8185.189259  -7839.944603  22874.366611     73.793901
PR12  -7725.462925  17996.135560 -16303.357028     20.575059
PR13   6690.853981   8868.152534 -22969.053697    -26.225575
PR14  18534.015645  -6798.804142 -16122.739977     24.386780
PR15  18621.728913 -17428.258258    -47.047545     93.994183
PR17  11366.310513   4119.455819  22458.211584    556.552799
PR18   6584.819113 -13435.361659  20657.913285     39.819523
PR19   -318.912884 -23810.292882   9160.858763   -201.714659
PR20  -8949.958400 -21074.020931 -11208.445176    -77.390490
PR21 -11072.443061  -2574.303602 -22842.711374   -329.411731
PR24   9956.267598  20341.929995  11725.572798    111.572138
*  2022 08 29 08 21 40.00000000
PE02  14136.810777  11347.359665 -23395.851165    321.350672
PE03  21415.911822  19919.561059   4502.912901   -594.351262
PE04 -25410.058542  -7213.595565  13366.609157  -1103.804400
PE05   4733.805323  21189.688395  20117.339140   -149.063228
PE07  14418.146845 -10126.312598 -23781.601103   -700.763587
PE08  25353.724865   7098.853790 -13515.887259   -589.493804
PE09 -14396.262838   9973.662085  23865.387323   -639.620008
PE11 -13004.081132  21054.901970 -16258.815505   2444.589221
PE12 -16138.834623   -577.456839 -24814.502688   -140.367798
PE13  13196.612327 -20441.746623  16857.515806    430.427324
PE15  16039.170042    766.186975  24866.066529    723.859772
PE19 -19811.569427 -20869.228064  -6935.495754  -4678.481920
PE21   5769.264416 -18862.079246  22077.818408   -754.585648
PE24 -24244.126314  15455.677908  -6999.552101   -807.104386
PE25  -6097.292366  18897.572384 -21937.171541   -586.058012
PE26   2129.006440 -29471.530822  -1859.030083  -1550.387026
PE27  23585.119704 -16013.430046   7992.046001   -379.436526
PE30  27158.849874  -2983.995838 -11401.947471   -793.092115
PE31 -27351.920468   3746.673168  10692.185155   -502.521275
PE33  -9402.593032 -21402.578516 -18160.182707   -453.620064
PE36  -2645.197476  29465.000790    958.765557   -423.627170
PG01  13342.779245 -18081.132163  13574.787302    293.431707
PG02 -14996.739197   7126.477379 -20153.058618   -647.755906
PG03  22280.544439 -12396.219040  -7356.698558   -341.362167
PG05 -25545.123244   5377.644426  -5455.661934    -94.650021
PG06  -7974.797040 -18014.041272 -17718.342350    442.369928
PG07   5170.267561 -25772.951323    688.829641    311.550167
PG08  19249.814858   -284.480663  18407.452638    -82.402695
PG09   1880.353755 -17264.808224 -20160.826272   -302.655899
PG11 -13856.503730  -6511.870095 -21706.931410    -13.165218
PG12 -23681.369214  10260.980213  -6304.085481   -269.805918
PG13 -20500.607527  -9607.480256  13872.567899    377.116252
PG14  -3965.273360 -14910.136682  21625.685419   -106.933563
PG15 -19350.528681   2626.199398  17700.809606    -33.405836
PG16  24625.636804   1955.723195 -10621.299104   -522.357375
PG17 -10683.765994 -21771.063764  11196.558829    653.547709
PG18  -5382.427669  25914.413160   1036.774387     66.414675
PG19 -17312.738761 -20292.401402    845.784625    203.521652
PG20 -20397.854522  -3086.853273 -16594.565196    490.857881
PG21  15367.297182  -8889.763503  20145.108102    160.045748
PG22  18534.596459  19125.980376   -687.740072    318.246331
PG23  -5393.990264  16492.580218  20061.149796    -38.334947
PG24 -14179.400736  14715.361110  16426.884709    153.440118
PG25 -13892.661833  16338.125406 -15777.274393    366.139666
PG26  18885.141636   6652.991151 -17691.347305    226.030051
PG27  22212.611622  11215.117667   9610.866454    216.399549
PG29  -3491.436176  16407.598807 -20618.370854   -546.951173
PG30  -2448.423335 -24134.575933  10606.961054   -536.478012
PG31   9698.281250  16169.376965 -18655.274008   -191.397517
PG32  14340.507816  20837.035880   8562.957762   -217.456356
PR01   2370.826568  11853.273267  22456.981497     13.902669
PR02  19948.141181  11671.704125  10905.161689    528.249659
PR03  24332.195098   4297.981743  -6415.282524     62.727613
PR04  15044.109283  -5048.045642 -19952.089913    155.628829
PR05  -2374.230812 -11757.701617 -22501.360213     98.734689
PR07 -24127.690520  -3835.976602   7282.302031     40.132151
PR08 -14884.437808   5337.114975  20058.083961    -66.922703
PR09  -8162.775867  -7861.697281  22874.838551     73.793937
PR12  -7741.027869  18012.246240 -16278.201456     20.575052
PR13   6668.270709   8889.998935 -22967.177349    -26.225565
PR14  18517.318501  -6784.247456 -16148.025561     24.386805
PR15  18620.629006 -17429.247399    -82.682182     93.994169
PR17  11373.588370   4149.365224  22448.973058    556.552780
PR18   6589.706485 -13407.438735  20674.534738     39.819513
PR19   -318.935859 -23797.476722   9194.072480   -201.714670
PR20  -8954.975351 -21088.726608 -11176.719312    -77.390402
PR21 -11079.573932  -2604.785690 -22835.829034   -329.411768
PR24   9961.170000  20357.270089  11694.690812    111.572240
*  2022 08 29 08 21 50.00000000
PE02  14115.085125  11356.286985 -23404.621746    321.350693
PE03  21412.539402  19916.493236   4532.403080   -594.351305
PE04 -25421.026209  -7221.278504  13341.579156  -1103.804476
PE05   4717.774181  21177.425396  20134.014085   -149.063190
PE07  14437.321671 -10112.129527 -23775.994171   -700.763623
PE08  25364.923218   7106.491111 -13490.825480   -589.493870
PE09 -14415.569638   9959.524632  23859.650182   -639.620140
PE11 -13001.031841  21038.819540 -16282.073544   2444.587707
PE12 -16135.968396   -602.205864 -24815.772392   -140.368012
PE13  13193.500558 -20425.033222  16880.188591    430.427321
PE15  16036.368098    791.017804  24867.092075    723.859748
PE19 -19806.350487 -20864.561203  -6964.366973  -4678.480890
PE21   5789.459493 -18871.135068  22064.785719   -754.585666
PE24 -24250.276274  15459.123304  -6970.546835   -807.104576
PE25  -6117.392438  18906.591772 -21923.807235   -586.058020
PE26   2127.718735 -29473.538066  -1828.408483  -1550.387476
PE27  23592.133216 -16017.351297   7963.404684   -379.436624
PE30  27148.018624  -2980.215392 -11428.689449   -793.092418
PE31 -27341.746108   3743.193947  10719.429064   -502.521279
PE33  -9401.753362 -21420.832521 -18139.082397   -453.620065
PE36  -2643.607725  29466.133970    927.938991   -423.627230
PG01  13340.574655 -18063.312040  13600.409259    293.431637
PG02 -14994.109710   7099.635392 -20163.980505   -647.755896
PG03  22289.979245 -12396.832211  -7326.407375   -341.362235
PG05 -25539.731816   5372.918794  -5486.340496    -94.650038
PG06  -7968.711512 -18035.813777 -17698.917813    442.370074
PG07   5173.832420 -25772.549203    656.990093    311.550131
PG08  19266.596313   -268.244032  18390.517078    -82.402692
PG09   1900.306260 -17248.937471 -20172.616739   -302.655853
PG11 -13849.028303  -6538.382719 -21703.763541    -13.165231
PG12 -23689.410822  10260.341892  -6273.453776   -269.806040
PG13 -20510.605136  -9622.312535  13847.959688    377.116364
PG14  -3938.802540 -14917.513533  21625.329033   -106.933539
PG15 -19368.582776   2611.300643  17683.975731    -33.405747
PG16  24613.428663   1960.389964 -10648.983738   -522.357401
PG17 -10672.934981 -21762.667715  11224.313462    653.547697
PG18  -5385.228317  25915.099858   1004.715174     66.414561
PG19 -17310.249507 -20292.770457    877.705172    203.521723
PG20 -20379.967943  -3098.522110 -16614.574248    490.857860
PG21  15365.499390  -8865.321188  20158.354462    160.045755
PG22  18533.592690  19128.768829   -656.081692    318.246412
PG23  -5418.393843  16500.059203  20048.308730    -38.334952
PG24 -14179.204116  14693.489761  16446.669350    153.440002
PG25 -13911.973494  16342.238708 -15755.318293    366.139703
PG26  18865.046647   6662.747871 -17708.876443    226.030082
PG27  22220.457904  11224.871155   9582.333007    216.399516
PG29  -3509.962391  16389.269743 -20629.905315   -546.951259
PG30  -2442.179842 -24146.943959  10579.731572   -536.478011
PG31   9691.075528  16191.898607 -18638.905024   -191.397568
PG32  14330.928957  20831.799285   8592.003850   -217.456463
PR01   2341.297331  11844.657156  22464.633038     13.902663
PR02  19934.449841  11665.676543  10936.650752    528.249635
PR03  24341.102613   4298.982319  -6380.997192     62.727656
PR04  15070.516470  -5040.781938 -19934.023063    155.628795
PR05  -2344.935883 -11748.016518 -22509.509697     98.734662
PR07 -24137.625211  -3837.385740   7248.355395     40.132207
PR08 -14910.810675   5329.869093  20040.343173    -66.922728
PR09  -8140.379002  -7883.467986  22875.255690     73.793955
PR12  -7756.554796  18028.345786 -16253.006667     20.575097
PR13   6645.706858   8911.861658 -22965.245890    -26.225571
PR14  18500.607891  -6769.653688 -16173.272270     24.386805
PR15  18619.492844 -17430.202301   -118.316620     93.994188
PR17  11380.888566   4179.256239  22439.680607    556.552808
PR18   6594.622273 -13379.497893  20691.106535     39.819520
PR19   -318.939515 -23784.616082   9227.264126   -201.714661
PR20  -8959.996929 -21103.385436 -11144.966549    -77.390370
PR21 -11086.728560  -2635.252498 -22828.891901   -329.411837
PR24   9966.076102  20372.564937  11663.780718    111.572241
*  2022 08 29 08 22 00.00000000
PE02  14093.358321  11365.234570 -23413.356341    321.350730
PE03  21409.140948  19913.410307   4561.886279   -594.351342
PE04 -25431.979525  -7228.938206  13316.528655  -1103.804559
PE05   4701.720414  21165.164508  20150.658078   -149.063157
PE07  14456.502655 -10097.964258 -23770.350683   -700.763646
PE08  25376.107175   7114.104962 -13465.742958   -589.493934
PE09 -14434.882561   9945.405336  23853.876380   -639.620278
PE11 -12997.992976  21022.711560 -16305.306577   2444.586189
PE12 -16133.122069   -626.958447 -24817.003976   -140.368221
PE13  13190.399924 -20408.294763  16902.835427    430.427321
PE15  16033.586255    815.851904  24868.079403    723.859723
PE19 -19801.104826 -20859.880996  -6993.227473  -4678.479846
PE21   5809.635539 -18880.201378  22051.719134   -754.585692
PE24 -24256.396800  15462.562087  -6941.530849   -807.104794
PE25  -6137.473184  18915.621425 -21910.409199   -586.058031
PE26   2126.425986 -29475.513828  -1797.784080  -1550.387916
PE27  23599.117320 -16021.266668   7934.751137   -379.436716
PE30  27137.165636  -2976.416140 -11455.413861   -793.092720
PE31 -27331.549376   3739.696111  10746.656497   -502.521287
PE33  -9400.930851 -21439.066215 -18117.954211   -453.620064
PE36  -2642.013686  29467.235201    897.111005   -423.627282
PG01  13338.373784 -18045.458526  13626.001236    293.431583
PG02 -14991.493786   7072.777469 -20174.857253   -647.755865
PG03  22299.377467 -12397.439265  -7296.100573   -341.362295
PG05 -25534.307200   5368.176843  -5517.007518    -94.650071
PG06  -7962.644883 -18057.566091 -17679.455355    442.370210
PG07   5177.389299 -25772.109482    625.149107    311.550099
PG08  19283.371039   -252.031450  18373.542738    -82.402677
PG09   1920.278891 -17233.068525 -20184.364529   -302.655800
PG11 -13841.569464  -6564.895803 -21700.549518    -13.165244
PG12 -23697.415608  10259.698916  -6242.808739   -269.806188
PG13 -20520.591592  -9637.114872  13823.322001    377.116479
PG14  -3912.336209 -14924.905204  21624.926678   -106.933523
PG15 -19386.626724   2596.423917  17667.103354    -33.405769
PG16  24601.189972   1965.071580 -10676.646528   -522.357427
PG17 -10662.075071 -21754.253547  11252.044620    653.547713
PG18  -5388.019301  25915.748823    972.653815     66.414441
PG19 -17307.733665 -20293.111383    909.623870    203.521809
PG20 -20362.065476  -3110.212034 -16634.547610    490.857824
PG21  15363.713801  -8840.862734  20171.559324    160.045772
PG22  18532.563759  19131.528618   -624.421941    318.246483
PG23  -5442.777813  16507.547298  20035.424843    -38.334958
PG24 -14179.015599  14671.593457  16466.417610    153.439883
PG25 -13931.257173  16346.354326 -15733.328928    366.139751
PG26  18844.936526   6672.523525 -17726.368565    226.030098
PG27  22228.283539  11234.595609   9553.779449    216.399486
PG29  -3528.509752  16370.941650 -20641.395984   -546.951316
PG30  -2435.950413 -24159.282059  10552.479372   -536.478005
PG31   9683.887094  16214.404767 -18622.496225   -191.397570
PG32  14321.320088  20826.544157   8621.031937   -217.456569
PR01   2311.751171  11836.061984  22472.230577     13.902711
PR02  19920.712651  11659.647310  10968.113631    528.249609
PR03  24349.966189   4299.961921  -6346.696577     62.727667
PR04  15096.905983  -5033.547293 -19915.908265    155.628745
PR05  -2315.622462 -11738.352162 -22517.605078     98.734614
PR07 -24147.516693  -3838.773229   7214.391333     40.132196
PR08 -14937.166336   5322.651754  20022.554452    -66.922694
PR09  -8117.998734  -7905.256659  22875.618015     73.794027
PR12  -7772.043688  18044.434105 -16227.772728     20.575098
PR13   6623.162496   8933.740621 -22963.259339    -26.225566
PR14  18483.883907  -6755.022843 -16198.480023     24.386813
PR15  18618.320471 -17431.122902   -153.950752     93.994203
PR17  11388.211043   4209.128786  22430.334301    556.552896
PR18   6599.566486 -13351.539239  20707.628654     39.819557
PR19   -318.923784 -23771.711017   9260.433607   -201.714744
PR20  -8965.023062 -21117.997347 -11113.186973    -77.390496
PR21 -11093.906906  -2665.703919 -22821.899992   -329.411860
PR24   9970.985816  20387.814525  11632.842608    111.572361
*  2022 08 29 08 22 10.00000000
PE02  14071.630406  11374.202419 -23422.054942    321.350745
PE03  21405.716435  19910.312310   4591.362467   -594.351386
PE04 -25442.918445  -7236.574681  13291.457690  -1103.804639
PE05   4685.644043  21152.905775  20167.271100   -149.063118
PE07  14475.689749 -10083.816816 -23764.670654   -700.763681
PE08  25387.276694   7121.695357 -13440.639722   -589.494001
PE09 -14454.201560   9931.304219  23848.065920   -639.620407
PE11 -12994.964577  21006.578055 -16328.514576   2444.584654
PE12 -16130.295647   -651.714541 -24818.197451   -140.368411
PE13  13187.310461 -20391.531279  16925.456285    430.427312
PE15  16030.824521    840.689232  24869.028510    723.859699
PE19 -19795.832414 -20855.187489  -7022.077234  -4678.478790
PE21   5829.792525 -18889.278142  22038.618676   -754.585709
PE24 -24262.487899  15465.994208  -6912.504177   -807.105004
PE25  -6157.534581  18924.661310 -21896.977447   -586.058045
PE26   2125.128245 -29477.458102  -1767.156909  -1550.388356
PE27  23606.072021 -16025.176117   7906.085397   -379.436803
PE30  27126.290948  -2972.598054 -11482.120682   -793.093028
PE31 -27321.330305   3736.179633  10773.867426   -502.521294
PE33  -9400.125472 -21457.279554 -18096.798181   -453.620065
PE36  -2640.415408  29468.304477    866.281634   -423.627338
PG01  13336.176686 -18027.571642  13651.563205    293.431507
PG02 -14988.891460   7045.903662 -20185.688821   -647.755847
PG03  22308.739096 -12398.040144  -7265.778191   -341.362370
PG05 -25528.849427   5363.418527  -5547.662952    -94.650142
PG06  -7956.597141 -18079.298150 -17659.955003    442.370350
PG07   5180.938246 -25771.632126    593.306747    311.550094
PG08  19300.138983   -235.842929  18356.529631    -82.402651
PG09   1940.271634 -17217.201431 -20196.069618   -302.655750
PG11 -13834.127220  -6591.409291 -21697.289344    -13.165264
PG12 -23705.383551  10259.051233  -6212.150421   -269.806293
PG13 -20530.566835  -9651.887258  13798.654863    377.116572
PG14  -3885.874435 -14932.311683  21624.478335   -106.933506
PG15 -19404.660462   2581.569226  17650.192516    -33.405859
PG16  24588.920761   1969.768085 -10704.287432   -522.357472
PG17 -10651.186241 -21745.821306  11279.752238    653.547755
PG18  -5390.800675  25916.360043    940.590360     66.414314
PG19 -17305.191207 -20293.424236    941.540665    203.521901
PG20 -20344.147166  -3121.923059 -16654.485247    490.857849
PG21  15361.940442  -8816.388182  20184.722659    160.045805
PG22  18531.509620  19134.259773   -592.760861    318.246555
PG23  -5467.142129  16515.044468  20022.498155    -38.334964
PG24 -14178.835218  14649.672239  16486.129456    153.439757
PG25 -13950.512830  16350.472220 -15711.306311    366.139790
PG26  18824.811308   6682.318129 -17743.823647    226.030116
PG27  22236.088479  11244.291049   9525.205809    216.399459
PG29  -3547.078232  16352.614585 -20652.842846   -546.951332
PG30  -2429.735026 -24171.590189  10525.204492   -536.478014
PG31   9676.715938  16236.895392 -18606.047639   -191.397570
PG32  14311.681168  20821.270550   8650.041991   -217.456675
PR01   2282.188161  11827.487763  22479.774151     13.902731
PR02  19906.929733  11653.616493  10999.550367    528.249467
PR03  24358.785783   4300.920613  -6312.380741     62.727624
PR04  15123.277750  -5026.341688 -19897.745542    155.628766
PR05  -2286.290621 -11728.708606 -22525.646318     98.734656
PR07 -24157.364929  -3840.139128   7180.409892     40.132240
PR08 -14963.504737   5315.462932  20004.717823    -66.922750
PR09  -8095.635126  -7927.063223  22875.925549     73.794111
PR12  -7787.494540  18060.511125 -16202.499686     20.575114
PR13   6600.637685   8955.635780 -22961.217672    -26.225551
PR14  18467.146624  -6740.354934 -16223.648803     24.386763
PR15  18617.111952 -17432.009161   -189.584536     93.994253
PR17  11395.555796   4238.982759  22420.934064    556.552977
PR18   6604.539157 -13323.562845  20724.101019     39.819560
PR19   -318.888605 -23758.761571   9293.580871   -201.714860
PR20  -8970.053662 -21132.562375 -11081.380642    -77.390472
PR21 -11101.108941  -2696.139893 -22814.853322   -329.411891
PR24   9975.899091  20403.018780  11601.876521    111.572470
*  2022 08 29 08 22 20.00000000
PE02  14049.901437  11383.190521 -23430.717534    321.350776
PE03  21402.265848  19907.199287   4620.831592   -594.351416
PE04 -25453.842923  -7244.187943  13266.366301  -1103.804723
PE05   4669.545085  21140.649244  20183.853121   -149.063079
PE07  14494.882909 -10069.687223 -23758.954088   -700.763717
PE08  25398.431727   7129.262310 -13415.515816   -589.494063
PE09 -14473.526591   9917.221304  23842.218816   -639.620544
PE11 -12991.946684  20990.419060 -16351.697502   2444.583128
PE12 -16127.489140   -676.474089 -24819.352808   -140.368625
PE13  13184.232210 -20374.742802  16948.051128    430.427320
PE15  16028.082902    865.529729  24869.939396    723.859682
PE19 -19790.533245 -20850.480723  -7050.916199  -4678.477769
PE21   5849.930411 -18898.365323  22025.484364   -754.585729
PE24 -24268.549575  15469.419622  -6883.466870   -807.105219
PE25  -6177.576588  18933.711389 -21883.512003   -586.058056
PE26   2123.825556 -29479.370876  -1736.527023  -1550.388802
PE27  23612.997318 -16029.079594   7877.407511   -379.436885
PE30  27115.394599  -2968.761108 -11508.809862   -793.093327
PE31 -27311.088934   3732.644481  10801.061802   -502.521303
PE33  -9399.337196 -21475.472494 -18075.614339   -453.620065
PE36  -2638.812939  29469.341789    835.450930   -423.627391
PG01  13333.983411 -18009.651430  13677.095095    293.431452
PG02 -14986.302753   7019.014041 -20196.475191   -647.755825
PG03  22318.064126 -12398.634793  -7235.440307   -341.362444
PG05 -25523.358534   5358.643807  -5578.306724    -94.650212
PG06  -7950.568261 -18101.009893 -17640.416804    442.370479
PG07   5184.479311 -25771.117131    561.463086    311.550080
PG08  19316.900081   -219.678485  18339.477805    -82.402636
PG09   1960.284443 -17201.336248 -20207.731982   -302.655715
PG11 -13826.701586  -6617.923112 -21693.983029    -13.165278
PG12 -23713.314648  10258.398788  -6181.478894   -269.806359
PG13 -20540.530809  -9666.629688  13773.958343    377.116659
PG14  -3859.417280 -14939.732948  21623.984013   -106.933481
PG15 -19422.683933   2566.736583  17633.243256    -33.405884
PG16  24576.621077   1974.479516 -10731.906388   -522.357512
PG17 -10640.268490 -21737.371056  11307.436263    653.547771
PG18  -5393.572489  25916.933502    908.524886     66.414186
PG19 -17302.622090 -20293.709043    973.455486    203.521986
PG20 -20326.213082  -3133.655183 -16674.387112    490.857842
PG21  15360.179344  -8791.897597  20197.844447    160.045825
PG22  18530.430241  19136.962331   -561.098532    318.246620
PG23  -5491.486736  16522.550668  20009.528699    -38.334974
PG24 -14178.663011  14627.726160  16505.804840    153.439631
PG25 -13969.740432  16354.592336 -15689.250504    366.139827
PG26  18804.671063   6692.131685 -17761.241644    226.030129
PG27  22243.872670  11253.957489   9496.612164    216.399431
PG29  -3565.667799  16334.288610 -20664.245873   -546.951352
PG30  -2423.533641 -24183.868309  10497.907001   -536.478017
PG31   9669.562047  16259.370414 -18589.559300   -191.397568
PG32  14302.012199  20815.978517   8679.033938   -217.456783
PR01   2252.608392  11818.934546  22487.263714     13.902764
PR02  19893.101059  11647.584176  11030.960827    528.249457
PR03  24367.561347   4301.858457  -6278.049778     62.727661
PR04  15149.631670  -5019.165114 -19879.534948    155.628780
PR05  -2256.940452 -11719.085889 -22533.633406     98.734669
PR07 -24167.169863  -3841.483499   7146.411170     40.132260
PR08 -14989.825768   5308.302623  19986.833338    -66.922733
PR09  -8073.288248  -7948.887618  22876.178277     73.794105
PR12  -7802.907337  18076.576752 -16177.187610     20.575132
PR13   6578.132493   8977.547052 -22959.120907    -26.225576
PR14  18450.396131  -6725.649967 -16248.778527     24.386743
PR15  18615.867334 -17432.861016   -225.217864     93.994251
PR17  11402.922767   4268.818077  22411.479968    556.552996
PR18   6609.540296 -13295.568815  20740.523610     39.819622
PR19   -318.833914 -23745.767802   9326.705825   -201.714949
PR20  -8975.088656 -21147.080453 -11049.547641    -77.390481
PR21 -11108.334626  -2726.560311 -22807.751911   -329.411909
PR24   9980.815839  20418.177687  11570.882548    111.572483
*  2022 08 29 08 22 30.00000000
PE02  14028.171465  11392.198869 -23439.344102    321.350801
PE03  21398.789168  19904.071280   4650.293608   -594.351460
PE04 -25464.752916  -7251.778006  13241.254526  -1103.804805
PE05   4653.423560  21128.394958  20200.404117   -149.063044
PE07  14514.082089 -10055.575503 -23753.200996   -700.763746
PE08  25409.572231   7136.805833 -13390.371277   -589.494139
PE09 -14492.857607   9903.156615  23836.335075   -639.620679
PE11 -12988.939339  20974.234606 -16374.855318   2444.581616
PE12 -16124.702555   -701.237037 -24820.470045   -140.368815
PE13  13181.165211 -20357.929367  16970.619922    430.427317
PE15  16025.361407    890.373340  24870.812058    723.859656
PE19 -19785.207305 -20845.760744  -7079.744325  -4678.476733
PE21   5870.049162 -18907.462884  22012.316218   -754.585759
PE24 -24274.581829  15472.838284  -6854.418971   -807.105416
PE25  -6197.599170  18942.771624 -21870.012888   -586.058062
PE26   2122.517969 -29481.252142  -1705.894470  -1550.389254
PE27  23619.893213 -16032.977053   7848.717524   -379.436983
PE30  27104.476627  -2964.905273 -11535.481362   -793.093631
PE31 -27300.825302   3729.090628  10828.239583   -502.521312
PE33  -9398.565993 -21493.644994 -18054.402719   -453.620073
PE36  -2637.206327  29470.347131    804.618942   -423.627445
PG01  13331.794013 -17991.697925  13702.596850    293.431379
PG02 -14983.727692   6992.108674 -20207.216336   -647.755818
PG03  22327.352550 -12399.223159  -7205.086986   -341.362523
PG05 -25517.834552   5353.852644  -5608.938773    -94.650249
PG06  -7944.558225 -18122.701258 -17620.840802    442.370614
PG07   5188.012540 -25770.564484    529.618193    311.550049
PG08  19333.654273   -203.538134  18322.387298    -82.402641
PG09   1980.317285 -17185.473031 -20219.351595   -302.655671
PG11 -13819.292575  -6644.437199 -21690.630579    -13.165296
PG12 -23721.208895  10257.741528  -6150.794222   -269.806385
PG13 -20550.483453  -9681.342155  13749.232492    377.116712
PG14  -3832.964807 -14947.168982  21623.443714   -106.933464
PG15 -19440.697076   2551.925996  17616.255611    -33.405896
PG16  24564.290959   1979.205910 -10759.503340   -522.357551
PG17 -10629.321810 -21728.902854  11335.096638    653.547822
PG18  -5396.334792  25917.469185    876.457464     66.414064
PG19 -17300.026276 -20293.965842   1005.368264    203.522051
PG20 -20308.263284  -3145.408413 -16694.253163    490.857813
PG21  15358.430536  -8767.391036  20210.924664    160.045827
PG22  18529.325584  19139.636327   -529.435020    318.246667
PG23  -5515.811580  16530.065857  19996.516500    -38.334986
PG24 -14178.499017  14605.755268  16525.443718    153.439513
PG25 -13988.939944  16358.714626 -15667.161550    366.139869
PG26  18784.515847   6701.964201 -17778.622519    226.030150
PG27  22251.636057  11263.594946   9467.998574    216.399412
PG29  -3584.278421  16315.963785 -20675.605040   -546.951342
PG30  -2417.346224 -24196.116377  10470.586956   -536.478012
PG31   9662.425409  16281.829771 -18573.031243   -191.397574
PG32  14292.313171  20810.668111   8708.007717   -217.456896
PR01   2223.011951  11810.402376  22494.699247     13.902759
PR02  19879.226654  11641.550436  11062.344937    528.249242
PR03  24376.292834   4302.775514  -6243.703768     62.727688
PR04  15175.967650  -5012.017559 -19861.276527    155.628833
PR05  -2227.572040 -11709.484055 -22541.566323     98.734653
PR07 -24176.931444  -3842.806401   7112.395249     40.132285
PR08 -15016.129338   5301.170815  19968.901037    -66.922793
PR09  -8050.958168  -7970.729779  22876.376201     73.794139
PR12  -7818.282066  18092.630903 -16151.836560     20.575120
PR13   6555.646985   8999.474368 -22956.969051    -26.225609
PR14  18433.632515  -6710.907949 -16273.869134     24.386735
PR15  18614.586669 -17433.678413   -260.850652     93.994273
PR17  11410.311914   4298.634653  22401.972036    556.553027
PR18   6614.569918 -13267.557244  20756.896388     39.819661
PR19   -318.759644 -23732.729761   9359.808389   -201.714883
PR20  -8980.127966 -21161.551545 -11017.688048    -77.390433
PR21 -11115.583925  -2756.965084 -22800.595774   -329.411925
PR24   9985.735985  20433.291213  11539.860764    111.572575
*  2022 08 29 08 22 40.00000000
PE02  14006.440540  11401.227455 -23447.934633    321.350826
PE03  21395.286377  19900.928329   4679.748469   -594.351496
PE04 -25475.648378  -7259.344883  13216.122404  -1103.804892
PE05   4637.279487  21116.142965  20216.924062   -149.063016
PE07  14533.287244 -10041.481677 -23747.411386   -700.763778
PE08  25420.698158   7144.325940 -13365.206144   -589.494202
PE09 -14512.194562   9889.110174  23830.414707   -639.620807
PE11 -12985.942580  20958.024724 -16397.987990   2444.580083
PE12 -16121.935899   -726.003330 -24821.549161   -140.369023
PE13  13178.109503 -20341.091005  16993.162630    430.427327
PE15  16022.660042    915.220011  24871.646497    723.859634
PE19 -19779.854580 -20841.027594  -7108.561566  -4678.475707
PE21   5890.148743 -18916.570787  21999.114258   -754.585780
PE24 -24280.584666  15476.250146  -6825.360526   -807.105626
PE25  -6217.602291  18951.841978 -21856.480123   -586.058070
PE26   2121.205528 -29483.101891  -1675.259296  -1550.389693
PE27  23626.759708 -16036.868447   7820.015479   -379.437069
PE30  27093.537069  -2961.030520 -11562.135139   -793.093930
PE31 -27290.539446   3725.518045  10855.400728   -502.521312
PE33  -9397.811835 -21511.797008 -18033.163352   -453.620062
PE36  -2635.595620  29471.320496    773.785717   -423.627495
PG01  13329.608542 -17973.711162  13728.068412    293.431311
PG02 -14981.166302   6965.187624 -20217.912230   -647.755797
PG03  22336.604362 -12399.805186  -7174.718290   -341.362596
PG05 -25512.277516   5349.044997  -5639.559032    -94.650266
PG06  -7938.567011 -18144.372181 -17601.227038    442.370742
PG07   5191.537984 -25769.974169    497.772139    311.550035
PG08  19350.401498   -187.421892  18305.258147    -82.402628
PG09   2000.370125 -17169.611835 -20230.928435   -302.655639
PG11 -13811.900199  -6670.951486 -21687.232002    -13.165323
PG12 -23729.066282  10257.079399  -6120.096470   -269.806411
PG13 -20560.424711  -9696.024654  13724.477365    377.116723
PG14  -3806.517079 -14954.619764  21622.857438   -106.933448
PG15 -19458.699833   2537.137476  17599.229622    -33.405856
PG16  24551.930450   1983.947303 -10787.078229   -522.357550
PG17 -10618.346194 -21720.416758  11362.733308    653.547854
PG18  -5399.087635  25917.967076    844.388162     66.413940
PG19 -17297.403727 -20294.194669   1037.278933    203.522119
PG20 -20290.297832  -3157.182751 -16714.083360    490.857782
PG21  15356.694045  -8742.868557  20223.963288    160.045833
PG22  18528.195610  19142.281796   -497.770392    318.246705
PG23  -5540.116611  16537.589995  19983.461587    -38.335003
PG24 -14178.343270  14583.759614  16545.046047    153.439391
PG25 -14008.111332  16362.839040 -15645.039496    366.139907
PG26  18764.345721   6711.815680 -17795.966236    226.030160
PG27  22259.378590  11273.203436   9439.365101    216.399375
PG29  -3602.910067  16297.640171 -20686.920325   -546.951342
PG30  -2411.172741 -24208.334352  10443.244416   -536.478025
PG31   9655.306011  16304.273398 -18556.463501   -191.397588
PG32  14282.584072  20805.339383   8736.963266   -217.457008
PR01   2193.398924  11801.891293  22502.080734     13.902732
PR02  19865.306542  11635.515351  11093.702622    528.249340
PR03  24384.980199   4303.671848  -6209.342795     62.727672
PR04  15202.285599  -5004.899008 -19842.970323    155.628844
PR05  -2198.185470 -11699.903148 -22549.445051     98.734719
PR07 -24186.649621  -3844.107897   7078.362212     40.132261
PR08 -15042.415358   5294.067495  19950.920965    -66.922829
PR09  -8028.644953  -7992.589642  22876.519317     73.794185
PR12  -7833.618716  18108.673490 -16126.446599     20.575112
PR13   6533.181226   9021.417659 -22954.762107    -26.225604
PR14  18416.855861  -6696.128890 -16298.920564     24.386745
PR15  18613.270008 -17434.461298   -296.482813     93.994280
PR17  11417.723195   4328.432398  22392.410290    556.553074
PR18   6619.628039 -13239.528226  20773.219313     39.819650
PR19   -318.665731 -23719.647502   9392.888484   -201.714893
PR20  -8985.171514 -21175.975620 -10985.801939    -77.390457
PR21 -11122.856801  -2787.354119 -22793.384931   -329.411997
PR24   9990.659454  20448.359324  11508.811244    111.572584
*  2022 08 29 08 22 50.00000000
PE02  13984.708715  11410.276271 -23456.489115    321.350844
PE03  21391.757458  19897.770476   4709.196131   -594.351532
PE04 -25486.529265  -7266.888587  13190.969974  -1103.804963
PE05   4621.112887  21103.893308  20233.412930   -149.062981
PE07  14552.498329 -10027.405770 -23741.585267   -700.763800
PE08  25431.809464   7151.822645 -13340.020457   -589.494274
PE09 -14531.537410   9875.082004  23824.457722   -639.620937
PE11 -12982.956449  20941.789448 -16421.095482   2444.578544
PE12 -16119.189182   -750.772915 -24822.590154   -140.369208
PE13  13175.065126 -20324.227752  17015.679219    430.427334
PE15  16019.978816    940.069687  24872.442710    723.859613
PE19 -19774.475056 -20836.281317  -7137.367879  -4678.474699
PE21   5910.229119 -18925.688995  21985.878504   -754.585799
PE24 -24286.558089  15479.655161  -6796.291579   -807.105835
PE25  -6237.585918  18960.922413 -21842.913728   -586.058082
PE26   2119.888283 -29484.920113  -1644.621548  -1550.390133
PE27  23633.596805 -16040.753729   7791.301420   -379.437150
PE30  27082.575966  -2957.136823 -11588.771154   -793.094245
PE31 -27280.231404   3721.926702  10882.545195   -502.521318
PE33  -9397.074693 -21529.928496 -18011.896272   -453.620069
PE36  -2633.980867  29472.261877    742.951303   -423.627552
PG01  13327.427051 -17955.691176  13753.509725    293.431223
PG02 -14978.618610   6938.250957 -20228.562847   -647.755799
PG03  22345.819556 -12400.380821  -7144.334286   -341.362686
PG05 -25506.687459   5344.220825  -5670.167438    -94.650253
PG06  -7932.594600 -18166.022600 -17581.575554    442.370863
PG07   5195.055691 -25769.346174    465.924992    311.550015
PG08  19367.141696   -171.329773  18288.090389    -82.402556
PG09   2020.442929 -17153.752714 -20242.462476   -302.655604
PG11 -13804.524470  -6697.465906 -21683.787306    -13.165350
PG12 -23736.886802  10256.412349  -6089.385702   -269.806426
PG13 -20570.354524  -9710.677177  13699.693015    377.116779
PG14  -3780.074161 -14962.085275  21622.225186   -106.933444
PG15 -19476.692144   2522.371032  17582.165327    -33.405779
PG16  24539.539591   1988.703734 -10814.631001   -522.357502
PG17 -10607.341633 -21711.912826  11390.346215    653.547866
PG18  -5401.831068  25918.427162    812.317048     66.413805
PG19 -17294.754405 -20294.395561   1069.187425    203.522177
PG20 -20272.316787  -3168.978200 -16733.877658    490.857724
PG21  15354.969902  -8718.330215  20236.960296    160.045812
PG22  18527.040282  19144.898773   -466.104715    318.246742
PG23  -5564.401775  16545.123040  19970.363986    -38.335027
PG24 -14178.195807  14561.739245  16564.611785    153.439258
PG25 -14027.254561  16366.965530 -15622.884386    366.139939
PG26  18744.160743   6721.686131 -17813.272758    226.030160
PG27  22267.100215  11282.782974   9410.711805    216.399342
PG29  -3621.562707  16279.317828 -20698.191703   -546.951365
PG30  -2405.013158 -24220.522194  10415.879439   -536.478038
PG31   9648.203841  16326.701234 -18539.856107   -191.397587
PG32  14272.824891  20799.992386   8765.900527   -217.457132
PR01   2163.769398  11793.401335  22509.408157     13.902719
PR02  19851.340747  11629.479000  11125.033807    528.249383
PR03  24393.623395   4304.547521  -6174.966942     62.727620
PR04  15228.585426  -4997.809450 -19824.616379    155.628881
PR05  -2168.780828 -11690.343215 -22557.269570     98.734770
PR07 -24196.324346  -3845.388045   7044.312140     40.132322
PR08 -15068.683736   5286.992651  19932.893162    -66.922876
PR09  -8006.348670  -8014.467139  22876.607627     73.794162
PR12  -7848.917274  18124.704429 -16101.017786     20.575118
PR13   6510.735282   9043.376853 -22952.500082    -26.225561
PR14  18400.066254  -6681.312798 -16323.932757     24.386749
PR15  18611.917405 -17435.209616   -332.114261     93.994300
PR17  11425.156570   4358.211224  22382.794753    556.553117
PR18   6624.714676 -13211.481854  20789.492347     39.819647
PR19   -318.552112 -23706.521078   9425.946031   -201.714881
PR20  -8990.219223 -21190.352644 -10953.889391    -77.390492
PR21 -11130.153217  -2817.727326 -22786.119397   -329.412010
PR24   9995.586170  20463.381988  11477.734061    111.572521
*  2022 08 29 08 23 00.00000000
PE02  13962.976046  11419.345306 -23465.007530    321.350868
PE03  21388.202395  19894.597764   4738.636538   -594.351577
PE04 -25497.395533  -7274.409133  13165.797276  -1103.805042
PE05   4604.923776  21091.646033  20249.870695   -149.062935
PE07  14571.715299 -10013.347800 -23735.722646   -700.763833
PE08  25442.906102   7159.295961 -13314.814259   -589.494339
PE09 -14550.886102   9861.072127  23818.464130   -639.621071
PE11 -12979.980986  20925.528813 -16444.177754   2444.577009
PE12 -16116.462412   -775.545734 -24823.593017   -140.369423
PE13  13172.032120 -20307.339645  17038.169650    430.427340
PE15  16017.317735    964.922311  24873.200699    723.859589
PE19 -19769.068726 -20831.521956  -7166.163208  -4678.473611
PE21   5930.290250 -18934.817470  21972.608979   -754.585822
PE24 -24292.502102  15483.053286  -6767.212178   -807.106051
PE25  -6257.550009  18970.012889 -21829.313728   -586.058096
PE26   2118.566277 -29486.706798  -1613.981280  -1550.390580
PE27  23640.404502 -16044.632850   7762.575397   -379.437242
PE30  27071.593357  -2953.224158 -11615.389357   -793.094543
PE31 -27269.901216   3718.316570  10909.672937   -502.521329
PE33  -9396.354534 -21548.039412 -17990.601512   -453.620079
PE36  -2632.362115  29473.171266    712.115753   -423.627609
PG01  13325.249591 -17937.638011  13778.920720    293.431154
PG02 -14976.084637   6911.298746 -20239.168172   -647.755797
PG03  22354.998126 -12400.950009  -7113.935048   -341.362767
PG05 -25501.064419   5339.380090  -5700.763920    -94.650224
PG06  -7926.640965 -18187.652455 -17561.886399    442.370997
PG07   5198.565709 -25768.680495    434.076824    311.550004
PG08  19383.874804   -155.261793  18270.884073    -82.402592
PG09   2040.535651 -17137.895725 -20253.953694   -302.655562
PG11 -13797.165404  -6723.980385 -21680.296500    -13.165371
PG12 -23744.670458  10255.740321  -6058.661991   -269.806442
PG13 -20580.272834  -9725.299720  13674.879509    377.116840
PG14  -3753.636112 -14969.565496  21621.546968   -106.933433
PG15 -19494.673951   2507.626672  17565.062764    -33.405723
PG16  24527.118429   1993.475237 -10842.161591   -522.357478
PG17 -10596.308129 -21703.391121  11417.935309    653.547868
PG18  -5404.565141  25918.849427    780.244202     66.413681
PG19 -17292.078266 -20294.568547   1101.093669    203.522220
PG20 -20254.320218  -3180.794762 -16753.636016    490.857670
PG21  15353.258132  -8693.776077  20249.915669    160.045773
PG22  18525.859569  19147.487294   -434.438066    318.246815
PG23  -5588.667020  16552.664950  19957.223730    -38.335043
PG24 -14178.056667  14539.694216  16584.140884    153.439126
PG25 -14046.369598  16371.094041 -15600.696281    366.139979
PG26  18723.960980   6731.575555 -17830.542041    226.030171
PG27  22274.800878  11292.333575   9382.038761    216.399308
PG29  -3640.236308  16260.996818 -20709.419145   -546.951379
PG30  -2398.867436 -24232.679861  10388.492092   -536.478053
PG31   9641.118886  16349.113211 -18523.209099   -191.397581
PG32  14263.035631  20794.627171   8794.819424   -217.457241
PR01   2134.123463  11784.932558  22516.681470     13.902745
PR02  19837.329242  11623.441467  11156.338360    528.249359
PR03  24402.222375   4305.402595  -6140.576300     62.727644
PR04  15254.867031  -4990.748871 -19806.214752    155.628874
PR05  -2139.358205 -11680.804292 -22565.039872     98.734806
PR07 -24205.955563  -3846.646908   7010.245132     40.132295
PR08 -15094.934362   5279.946278  19914.817678    -66.922946
PR09  -7984.069388  -8036.362214  22876.641115     73.794165
PR12  -7864.177723  18140.723629 -16075.550189     20.575131
PR13   6488.309221   9065.351869 -22950.182997    -26.225570
PR14  18383.263784  -6666.459682 -16348.905632     24.386755
PR15  18610.528907 -17435.923309   -367.744888     93.994314
PR17  11432.611976   4387.971051  22373.125492    556.553156
PR18   6629.829833 -13183.418233  20805.715466     39.819687
PR19   -318.418719 -23693.350547   9458.980933   -201.714943
PR20  -8995.271018 -21204.682552 -10921.950491    -77.390420
PR21 -11137.473135  -2848.084598 -22778.799191   -329.412087
PR24  10000.516047  20478.359192  11446.629307    111.572595
*  2022 08 29 08 23 10.00000000
PE02  13941.242574  11428.434559 -23473.489871    321.350888
PE03  21384.621163  19891.410230   4768.069664   -594.351620
PE04 -25508.247135  -7281.906534  13140.604344  -1103.805119
PE05   4588.712179  21079.401185  20266.297335   -149.062898
PE07  14590.938107  -9999.307797 -23729.823535   -700.763866
PE08  25453.988029   7166.745903 -13289.587579   -589.494407
PE09 -14570.240598   9847.080568  23812.433936   -639.621208
PE11 -12977.016228  20909.242842 -16467.234780   2444.575471
PE12 -16113.755591   -800.321742 -24824.557759   -140.369635
PE13  13169.010522 -20290.426707  17060.633896    430.427339
PE15  16014.676804    989.777836  24873.920457    723.859571
PE19 -19763.635564 -20826.749558  -7194.947531  -4678.472553
PE21   5950.332109 -18943.956177  21959.305699   -754.585838
PE24 -24298.416711  15486.444472  -6738.122361   -807.106260
PE25  -6277.494541  18979.113374 -21815.680137   -586.058108
PE26   2117.239563 -29488.461942  -1583.338527  -1550.391019
PE27  23647.182808 -16048.505767   7733.837443   -379.437328
PE30  27060.589277  -2949.292491 -11641.989722   -793.094846
PE31 -27259.548915   3714.687623  10936.783924   -502.521339
PE33  -9395.651335 -21566.129717 -17969.279103   -453.620077
PE36  -2630.739413  29474.048658    681.279102   -423.627666
PG01  13323.076214 -17919.551686  13804.301366    293.431087
PG02 -14973.564416   6884.331042 -20249.728158   -647.755772
PG03  22364.140064 -12401.512693  -7083.520620   -341.362840
PG05 -25495.408423   5334.522748  -5731.348428    -94.650204
PG06  -7920.706099 -18209.261680 -17542.159602    442.371142
PG07   5202.068085 -25767.977099    402.227703    311.549970
PG08  19400.600767   -139.217968  18253.639214    -82.402605
PG09   2060.648276 -17122.040917 -20265.402066   -302.655513
PG11 -13789.823005  -6750.494872 -21676.759586    -13.165388
PG12 -23752.417224  10255.063265  -6027.925387   -269.806471
PG13 -20590.179580  -9739.892275  13650.036875    377.116881
PG14  -3727.203003 -14977.060408  21620.822768   -106.933407
PG15 -19512.645191   2492.904408  17547.921974    -33.405699
PG16  24514.666994   1998.261853 -10869.669959   -522.357459
PG17 -10585.245656 -21694.851692  11445.500521    653.547891
PG18  -5407.289909  25919.233859    748.169671     66.413560
PG19 -17289.375285 -20294.713683   1132.997607    203.522266
PG20 -20236.308167  -3192.632448 -16773.358394    490.857548
PG21  15351.558769  -8669.206182  20262.829376    160.045751
PG22  18524.653420  19150.047394   -402.770491    318.246884
PG23  -5612.912295  16560.215684  19944.040837    -38.335051
PG24 -14177.925882  14517.624566  16603.633307    153.439001
PG25 -14065.456404  16375.224534 -15578.475197    366.140022
PG26  18703.746472   6741.483965 -17847.774061    226.030192
PG27  22282.480530  11301.855261   9353.346002    216.399280
PG29  -3658.930838  16242.677197 -20720.602640   -546.951425
PG30  -2392.735550 -24244.807310  10361.082417   -536.478054
PG31   9634.051132  16371.509276 -18506.522504   -191.397553
PG32  14253.216253  20789.243796   8823.719926   -217.457351
PR01   2104.461197  11776.484974  22523.900711     13.902822
PR02  19823.272154  11617.402817  11187.616319    528.249208
PR03  24410.777098   4306.237136  -6106.170932     62.727575
PR04  15281.130339  -4983.717259 -19787.765463    155.628939
PR05  -2109.917676 -11671.286437 -22572.755918     98.734715
PR07 -24215.543234  -3847.884547   6976.161235     40.132314
PR08 -15121.167184   5272.928347  19896.694545    -66.922860
PR09  -7961.807170  -8058.274785  22876.619809     73.794257
PR12  -7879.400064  18156.731015 -16050.043858     20.575174
PR13   6465.903102   9087.342662 -22947.810825    -26.225539
PR14  18366.448529  -6651.569551 -16373.839170     24.386798
PR15  18609.104577 -17436.602334   -403.374654     93.994280
PR17  11440.089412   4417.711777  22363.402441    556.553254
PR18   6634.973549 -13155.337438  20821.888600     39.819714
PR19   -318.265493 -23680.135952   9491.993144   -201.714950
PR20  -9000.326813 -21218.965374 -10889.985295    -77.390413
PR21 -11144.816522  -2878.425876 -22771.424330   -329.412136
PR24  10005.449030  20493.290862  11415.497025    111.572477
*  2022 08 29 08 23 20.00000000
PE02  13919.508355  11437.544019 -23481.936123    321.350917
PE03  21381.013748  19888.207917   4797.495456   -594.351654
PE04 -25519.084028  -7289.380804  13115.391220  -1103.805191
PE05   4572.478113  21067.158809  20282.692822   -149.062859
PE07  14610.166708  -9985.285779 -23723.887941   -700.763892
PE08  25465.055198   7174.172486 -13264.340459   -589.494470
PE09 -14589.600848   9833.107348  23806.367152   -639.621335
PE11 -12974.062217  20892.931572 -16490.266521   2444.573940
PE12 -16111.068730   -825.100880 -24825.484374   -140.369870
PE13  13166.000372 -20273.488979  17083.071920    430.427346
PE15  16012.056031   1014.636202  24874.601987    723.859552
PE19 -19758.175562 -20821.964164  -7223.720792  -4678.471528
PE21   5970.354657 -18953.105076  21945.968686   -754.585861
PE24 -24304.301918  15489.828672  -6709.022177   -807.106471
PE25  -6297.419474  18988.223827 -21802.012980   -586.058121
PE26   2115.908185 -29490.185534  -1552.693343  -1550.391456
PE27  23653.931723 -16052.372432   7705.087609   -379.437413
PE30  27049.563768  -2945.341797 -11668.572201   -793.095155
PE31 -27249.174541   3711.039831  10963.878108   -502.521349
PE33  -9394.965063 -21584.199365 -17947.929079   -453.620073
PE36  -2629.112809  29474.894045    650.441403   -423.627722
PG01  13320.906971 -17901.432244  13829.651595    293.431021
PG02 -14971.057968   6857.347917 -20260.242790   -647.755741
PG03  22373.245365 -12402.068820  -7053.091076   -341.362912
PG05 -25489.719509   5329.648760  -5761.920892    -94.650161
PG06  -7914.789973 -18230.850215 -17522.395212    442.371263
PG07   5205.562870 -25767.235983    370.377699    311.549875
PG08  19417.319522   -123.198310  18236.355861    -82.402591
PG09   2080.780760 -17106.188348 -20276.807567   -302.655472
PG11 -13782.497289  -6777.009292 -21673.176575    -13.165412
PG12 -23760.127103  10254.381127  -5997.175963   -269.806499
PG13 -20600.074706  -9754.454836  13625.165179    377.116954
PG14  -3700.774894 -14984.569992  21620.052594   -106.933382
PG15 -19530.605808   2478.204247  17530.742996    -33.405622
PG16  24502.185332   2003.063617 -10897.156041   -522.357460
PG17 -10574.154217 -21686.294600  11473.041801    653.547883
PG18  -5410.005419  25919.580442    716.093535     66.413434
PG19 -17286.645417 -20294.830996   1164.899168    203.522301
PG20 -20218.280706  -3204.491258 -16793.044749    490.857483
PG21  15349.871839  -8644.620597  20275.701398    160.045738
PG22  18523.421807  19152.579108   -371.102067    318.246968
PG23  -5637.137549  16567.775201  19930.815340    -38.335054
PG24 -14177.803491  14495.530350  16623.089010    153.438876
PG25 -14084.514948  16379.356954 -15556.221194    366.140065
PG26  18683.517287   6751.411364 -17864.968776    226.030205
PG27  22290.139119  11311.348046   9324.633604    216.399249
PG29  -3677.646268  16224.359027 -20731.742159   -546.951482
PG30  -2386.617462 -24256.904503  10333.650479   -536.478066
PG31   9627.000569  16393.889361 -18489.796358   -191.397557
PG32  14243.366760  20783.842311   8852.601958   -217.457458
PR01   2074.782690  11768.058635  22531.065835     13.902795
PR02  19809.169457  11611.363135  11218.867554    528.249185
PR03  24419.287516   4307.051206  -6071.750931     62.727641
PR04  15307.375250  -4976.714598 -19769.268569    155.628934
PR05  -2080.459332 -11661.789685 -22580.417701     98.734752
PR07 -24225.087304  -3849.101023   6942.060548     40.132349
PR08 -15147.382093   5265.938853  19878.523811    -66.922835
PR09  -7939.562086  -8080.204794  22876.543695     73.794337
PR12  -7894.584279  18172.726495 -16024.498861     20.575196
PR13   6443.516992   9109.349150 -22945.383588    -26.225538
PR14  18349.620577  -6636.642415 -16398.733290     24.386758
PR15  18607.644463 -17437.246632   -439.003451     93.994332
PR17  11447.588815   4447.433320  22353.625667    556.553206
PR18   6640.145827 -13127.239571  20838.011726     39.819746
PR19   -318.092368 -23666.877353   9524.982568   -201.715004
PR20  -9005.386534 -21233.201047 -10857.993889    -77.390370
PR21 -11152.183339  -2908.751053 -22763.994834   -329.412189
PR24  10010.385033  20508.176986  11384.337304    111.572403
*  2022 08 29 08 23 30.00000000
PE02  13897.773441  11446.673677 -23490.346272    321.350946
PE03  21377.380131  19884.990868   4826.913866   -594.351691
PE04 -25529.906166  -7296.831957  13090.157942  -1103.805275
PE05   4556.221598  21054.918950  20299.057132   -149.062812
PE07  14629.401056  -9971.281770 -23717.915875   -700.763925
PE08  25476.107565   7181.575721 -13239.072940   -589.494542
PE09 -14608.966807   9819.152489  23800.263788   -639.621465
PE11 -12971.118993  20876.595035 -16513.272939   2444.572399
PE12 -16108.401835   -849.883094 -24826.372860   -140.370066
PE13  13163.001711 -20256.526492  17105.483686    430.427342
PE15  16009.455424   1039.497357  24875.245287    723.859530
PE19 -19752.688707 -20817.165819  -7252.482948  -4678.470493
PE21   5990.357859 -18962.264132  21932.597961   -754.585888
PE24 -24310.157728  15493.205841  -6679.911670   -807.106675
PE25  -6317.324773  18997.344210 -21788.312277   -586.058131
PE26   2114.572192 -29491.877564  -1522.045773  -1550.391897
PE27  23660.651248 -16056.232798   7676.325938   -379.437506
PE30  27038.516868  -2941.372050 -11695.136754   -793.095456
PE31 -27238.778133   3707.373165  10990.955447   -502.521361
PE33  -9394.295689 -21602.248314 -17926.551472   -453.620079
PE36  -2627.482352  29475.707422    619.602704   -423.627773
PG01  13318.741914 -17883.279723  13854.971349    293.430940
PG02 -14968.565320   6830.349436 -20270.712043   -647.755722
PG03  22382.314023 -12402.618334  -7022.646482   -341.362996
PG05 -25483.997712   5324.758086  -5792.481247    -94.650161
PG06  -7908.892568 -18252.417997 -17502.593271    442.371397
PG07   5209.050110 -25766.457134    338.526882    311.549800
PG08  19434.031008   -107.202837  18219.034051    -82.402531
PG09   2100.933068 -17090.338071 -20288.170174   -302.655429
PG11 -13775.188267  -6803.523579 -21669.547475    -13.165435
PG12 -23767.800088  10253.693852  -5966.413783   -269.806546
PG13 -20609.958153  -9768.987398  13600.264475    377.117043
PG14  -3674.351848 -14992.094228  21619.236449   -106.933359
PG15 -19548.555740   2463.526199  17513.525870    -33.405526
PG16  24489.673486   2007.880566 -10924.619780   -522.357500
PG17 -10563.033803 -21677.719905  11500.559094    653.547913
PG18  -5412.711724  25919.889163    684.015863     66.413305
PG19 -17283.888626 -20294.920525   1196.798285    203.522311
PG20 -20200.237894  -3216.371194 -16812.695040    490.857448
PG21  15348.197369  -8620.019379  20288.531713    160.045728
PG22  18522.164689  19155.082471   -339.432861    318.247071
PG23  -5661.342729  16575.343458  19917.547266    -38.335070
PG24 -14177.689529  14473.411618  16642.507948    153.438752
PG25 -14103.545195  16383.491252 -15533.934317    366.140109
PG26  18663.273484   6761.357758 -17882.126149    226.030226
PG27  22297.776591  11320.811947   9295.901627    216.399219
PG29  -3696.382563  16206.042367 -20742.837677   -546.951531
PG30  -2380.513138 -24268.971397  10306.196337   -536.478071
PG31   9619.967182  16416.253405 -18473.030697   -191.397604
PG32  14233.487143  20778.422767   8881.465460   -217.457577
PR01   2045.088029  11759.653581  22538.176826     13.902839
PR02  19795.021175  11605.322497  11250.091991    528.249186
PR03  24427.753584   4307.844867  -6037.316378     62.727643
PR04  15333.601673  -4969.740877 -19750.724114    155.628942
PR05  -2050.983260 -11652.314083 -22588.025200     98.734760
PR07 -24234.587724  -3850.296396   6907.943154     40.132453
PR08 -15173.578998   5258.977783  19860.305519    -66.922826
PR09  -7917.334202  -8102.152175  22876.412771     73.794385
PR12  -7909.730357  18188.709986 -15998.915258     20.575148
PR13   6421.150957   9131.371261 -22942.901293    -26.225578
PR14  18332.780015  -6621.678283 -16423.587932     24.386793
PR15  18606.148619 -17437.856148   -474.631193     93.994347
PR17  11455.110144   4477.135593  22343.795193    556.553246
PR18   6645.346683 -13099.124729  20854.084806     39.819761
PR19   -317.899281 -23653.574803   9557.949126   -201.715013
PR20  -9010.450101 -21247.389538 -10825.976352    -77.390427
PR21 -11159.573549  -2939.060038 -22756.510718   -329.412252
PR24  10015.323980  20523.017532  11353.150220    111.572361
*  2022 08 29 08 23 40.00000000
PE02  13876.037883  11455.823526 -23498.720306    321.350966
PE03  21373.720296  19881.759124   4856.324850   -594.351734
PE04 -25540.713506  -7304.260007  13064.904549  -1103.805358
PE05   4539.942655  21042.681653  20315.390239   -149.062780
PE07  14648.641106  -9957.295791 -23711.907344   -700.763954
PE08  25487.145085   7188.955625 -13213.785060   -589.494605
PE09 -14628.338428   9805.216014  23794.123851   -639.621600
PE11 -12968.186596  20860.233262 -16536.254001   2444.570868
PE12 -16105.754915   -874.668330 -24827.223215   -140.370276
PE13  13160.014576 -20239.539282  17127.869160    430.427347
PE15  16006.874988   1064.361246  24875.850356    723.859504
PE19 -19747.174986 -20812.354567  -7281.233955  -4678.469427
PE21   6010.341681 -18971.433306  21919.193545   -754.585914
PE24 -24315.984146  15496.575933  -6650.790885   -807.106892
PE25  -6337.210404  19006.474486 -21774.578050   -586.058140
PE26   2113.231630 -29493.538026  -1491.395864  -1550.392344
PE27  23667.341387 -16060.086819   7647.552474   -379.437589
PE30  27027.448616  -2937.383222 -11721.683340   -793.095763
PE31 -27228.359728   3703.687597  11018.015900   -502.521365
PE33  -9393.643183 -21620.276521 -17905.146316   -453.620083
PE36  -2625.848090  29476.488782    588.763053   -423.627821
PG01  13316.581094 -17865.094158  13880.260573    293.430875
PG02 -14966.086495   6803.335667 -20281.135891   -647.755697
PG03  22391.346032 -12403.161181  -6992.186902   -341.363060
PG05 -25478.243065   5319.850687  -5823.029428    -94.650189
PG06  -7903.013862 -18273.964965 -17482.753821    442.371531
PG07   5212.529856 -25765.640539    306.675323    311.549725
PG08  19450.735165    -91.231561  18201.673822    -82.402519
PG09   2121.105163 -17074.490141 -20299.489863   -302.655378
PG11 -13767.895952  -6830.037667 -21665.872294    -13.165458
PG12 -23775.436172  10253.001387  -5935.638913   -269.806595
PG13 -20619.829863  -9783.489956  13575.334816    377.117163
PG14  -3647.933928 -14999.633095  21618.374333   -106.933340
PG15 -19566.494929   2448.870271  17496.270635    -33.405451
PG16  24477.131498   2012.712737 -10952.061122   -522.357521
PG17 -10551.884409 -21669.127663  11528.052342    653.547979
PG18  -5415.408874  25920.160009    651.936723     66.413178
PG19 -17281.104873 -20294.982306   1228.694891    203.522334
PG20 -20182.179792  -3228.272260 -16832.309224    490.857417
PG21  15346.535389  -8595.402585  20301.320298    160.045648
PG22  18520.882032  19157.557519   -307.762940    318.247166
PG23  -5685.527783  16582.920414  19904.236644    -38.335072
PG24 -14177.584033  14451.268419  16661.890079    153.438621
PG25 -14122.547111  16387.627380 -15511.614612    366.140147
PG26  18643.015121   6771.323151 -17899.246144    226.030246
PG27  22305.392893  11330.246980   9267.150132    216.399186
PG29  -3715.139692  16187.727278 -20753.889173   -546.951589
PG30  -2374.422541 -24281.007953  10278.720050   -536.478064
PG31   9612.950958  16438.601344 -18456.225553   -191.397635
PG32  14223.577389  20772.985220   8910.310372   -217.457682
PR01   2015.377300  11751.269851  22545.233665     13.902863
PR02  19780.827333  11599.280982  11281.289554    528.249053
PR03  24436.175255   4308.618184  -6002.867358     62.727624
PR04  15359.809517  -4962.796079 -19732.132142    155.628931
PR05  -2021.489544 -11642.859672 -22595.578399     98.734751
PR07 -24244.044444  -3851.470728   6873.809134     40.132489
PR08 -15199.757808   5252.045122  19842.039712    -66.922837
PR09  -7895.123583  -8124.116862  22876.227039     73.794465
PR12  -7924.838288  18204.681400 -15973.293113     20.575157
PR13   6398.805060   9153.408926 -22940.363944    -26.225512
PR14  18315.926928  -6606.677165 -16448.403038     24.386768
PR15  18604.617097 -17438.430829   -510.257795     93.994291
PR17  11462.653356   4506.818509  22333.911044    556.553269
PR18   6650.576131 -13070.993005  20870.107801     39.819799
PR19   -317.686166 -23640.228356   9590.892740   -201.715023
PR20  -9015.517437 -21261.530814 -10793.932761    -77.390478
PR21 -11166.987114  -2969.352741 -22748.972002   -329.412299
PR24  10020.265795  20537.812467  11321.935847    111.572529
*  2022 08 29 08 23 50.00000000
PE02  13854.301732  11464.993556 -23507.058211    321.350991
PE03  21370.034224  19878.512725   4885.728363   -594.351778
PE04 -25551.506003  -7311.664969  13039.631081  -1103.805442
PE05   4523.641304  21030.446964  20331.692119   -149.062751
PE07  14667.886813  -9943.327866 -23705.862359   -700.763984
PE08  25498.167711   7196.312211 -13188.476858   -589.494670
PE09 -14647.715665   9791.297944  23787.947353   -639.621727
PE11 -12965.265065  20843.846287 -16559.209671   2444.569330
PE12 -16103.127976   -899.456534 -24828.035439   -140.370465
PE13  13157.039006 -20222.527382  17150.228307    430.427346
PE15  16004.314731   1089.227814  24876.417193    723.859477
PE19 -19741.634385 -20807.530453  -7309.973767  -4678.468375
PE21   6030.306088 -18980.612561  21905.755458   -754.585940
PE24 -24321.781176  15499.938900  -6621.659867   -807.107096
PE25  -6357.076332  19015.614617 -21760.810319   -586.058158
PE26   2111.886547 -29495.166910  -1460.743665  -1550.392775
PE27  23674.002141 -16063.934446   7618.767262   -379.437682
PE30  27016.359051  -2933.375286 -11748.211917   -793.096076
PE31 -27217.919365   3699.983099  11045.059425   -502.521368
PE33  -9393.007516 -21638.283943 -17883.713642   -453.620087
PE36  -2624.210072  29477.238118    557.922496   -423.627880
PG01  13314.424563 -17846.875584  13905.519210    293.430805
PG02 -14963.621520   6776.306672 -20291.514309   -647.755688
PG03  22400.341387 -12403.697306  -6961.712401   -341.363143
PG05 -25472.455603   5314.926523  -5853.565373    -94.650229
PG06  -7897.153836 -18295.491056 -17462.876905    442.371662
PG07   5216.002155 -25764.786184    274.823090    311.549649
PG08  19467.431932    -75.284497  18184.275211    -82.402497
PG09   2141.297011 -17058.644612 -20310.766610   -302.655332
PG11 -13760.620353  -6856.551488 -21662.151039    -13.165480
PG12 -23783.035348  10252.303680  -5904.851416   -269.806634
PG13 -20629.689777  -9797.962504  13550.376257    377.117278
PG14  -3621.521199 -15007.186575  21617.466248   -106.933321
PG15 -19584.423315   2434.236473  17478.977331    -33.405396
PG16  24464.559409   2017.560165 -10979.480009   -522.357585
PG17 -10540.706026 -21660.517934  11555.521490    653.548106
PG18  -5418.096919  25920.392964    619.856185     66.413057
PG19 -17278.294122 -20295.016379   1260.588917    203.522363
PG20 -20164.106460  -3240.194458 -16851.887260    490.857384
PG21  15344.885926  -8570.770273  20314.067131    160.045605
PG22  18519.573797  19160.004288   -276.092370    318.247259
PG23  -5709.692660  16590.506027  19890.883502    -38.335082
PG24 -14177.487038  14429.100802  16681.235361    153.438507
PG25 -14141.520663  16391.765286 -15489.262125    366.140185
PG26  18622.742256   6781.307550 -17916.328723    226.030265
PG27  22312.987975  11339.653163   9238.379182    216.399162
PG29  -3733.917624  16169.413819 -20764.896622   -546.951645
PG30  -2368.345639 -24293.014129  10251.221677   -536.478072
PG31   9605.951885  16460.933116 -18439.380961   -191.397665
PG32  14213.637489  20767.529721   8939.136633   -217.457790
PR01   1985.650590  11742.907485  22552.236337     13.902906
PR02  19766.587956  11593.238668  11312.460169    528.248880
PR03  24444.552487   4309.371218  -5968.403953     62.727624
PR04  15385.998691  -4955.880192 -19713.492698    155.628947
PR05  -1991.978272 -11633.426497 -22603.077279     98.734760
PR07 -24253.457416  -3852.624081   6839.658571     40.132502
PR08 -15225.918434   5245.140859  19823.726434    -66.922793
PR09  -7872.930298  -8146.098789  22875.986497     73.794465
PR12  -7939.908060  18220.640652 -15947.632485     20.575159
PR13   6376.479366   9175.462073 -22937.771549    -26.225503
PR14  18299.061402  -6591.639071 -16473.178546     24.386794
PR15  18603.049953 -17438.970623   -545.883170     93.994259
PR17  11470.218409   4536.481979  22323.973243    556.553278
PR18   6655.834187 -13042.844493  20886.080673     39.819832
PR19   -317.452962 -23626.838066   9623.813329   -201.715096
PR20  -9020.588464 -21275.624844 -10761.863191    -77.390415
PR21 -11174.423997  -2999.629071 -22741.378703   -329.412341
PR24  10025.210404  20552.561760  11290.694261    111.572651
*  2022 08 29 08 24 00.00000000
PE02  13832.565042  11474.183759 -23515.359976    321.351015
PE03  21366.321901  19875.251718   4915.124349   -594.351814
PE04 -25562.283612  -7319.046854  13014.337576  -1103.805524
PE05   4507.317567  21018.214930  20347.962744   -149.062714
PE07  14687.138127  -9929.378016 -23699.780927   -700.764013
PE08  25509.175398   7203.645492 -13163.148377   -589.494731
PE09 -14667.098470   9777.398301  23781.734306   -639.621861
PE11 -12962.354442  20827.434145 -16582.139908   2444.567796
PE12 -16100.521028   -924.247643 -24828.809525   -140.370669
PE13  13154.075043 -20205.490830  17172.561089    430.427348
PE15  16001.774659   1114.097001  24876.945797    723.859452
PE19 -19736.066895 -20802.693519  -7338.702330  -4678.467346
PE21   6050.251043 -18989.801859  21892.283725   -754.585960
PE24 -24327.548821  15503.294697  -6592.518664   -807.107309
PE25  -6376.922519  19024.764563 -21747.009107   -586.058166
PE26   2110.536989 -29496.764203  -1430.089224  -1550.393215
PE27  23680.633512 -16067.775634   7589.970349   -379.437773
PE30  27005.248212  -2929.348218 -11774.722439   -793.096381
PE31 -27207.457082   3696.259641  11072.085976   -502.521379
PE33  -9392.388656 -21656.270536 -17862.253488   -453.620087
PE36  -2622.568345  29477.955425    527.081090   -423.627934
PG01  13312.272371 -17828.624047  13930.747192    293.430739
PG02 -14961.170416   6749.262525 -20301.847283   -647.755690
PG03  22409.300082 -12404.226652  -6931.223052   -341.363222
PG05 -25466.635363   5309.985556  -5884.089008    -94.650284
PG06  -7891.312461 -18316.996213 -17442.962572    442.371790
PG07   5219.467057 -25763.894067    242.970256    311.549612
PG08  19484.121247    -59.361658  18166.838267    -82.402434
PG09   2161.508567 -17042.801541 -20322.000391   -302.655289
PG11 -13753.361484  -6883.064969 -21658.383720    -13.165509
PG12 -23790.597621  10251.600675  -5874.051367   -269.806681
PG13 -20639.537839  -9812.405037  13525.388862    377.117378
PG14  -3595.113720 -15014.754644  21616.512205   -106.933299
PG15 -19602.340838   2419.624813  17461.645996    -33.405323
PG16  24451.957271   2022.422886 -11006.876378   -522.357649
PG17 -10529.498655 -21651.890779  11582.966487    653.548290
PG18  -5420.775907  25920.588016    587.774327     66.412928
PG19 -17275.456330 -20295.022771   1292.480293    203.522419
PG20 -20146.017968  -3252.137787 -16871.429104    490.857246
PG21  15343.249004  -8546.122507  20326.772194    160.045584
PG22  18518.239950  19162.422814   -244.421229    318.247315
PG23  -5733.837307  16598.100254  19877.487870    -38.335097
PG24 -14177.398584  14406.908823  16700.543748    153.438378
PG25 -14160.465817  16395.904921 -15466.876914    366.140227
PG26  18602.454959   6791.310955 -17933.373847    226.030272
PG27  22320.561780  11349.030509   9209.588850    216.399133
PG29  -3752.716325  16151.102052 -20775.859996   -546.951666
PG30  -2362.282391 -24304.989887  10223.701284   -536.478079
PG31   9598.969947  16483.248653 -18422.496960   -191.397691
PG32  14203.667444  20762.056320   8967.944170   -217.457909
PR01   1955.907991  11734.566533  22559.184797     13.902907
PR02  19752.303019  11587.195636  11343.603705    528.248864
PR03  24452.885230   4310.104034  -5933.926255     62.727621
PR04  15412.169096  -4948.993203 -19694.805839    155.628957
PR05  -1962.449535 -11624.014595 -22610.521834     98.734768
PR07 -24262.826585  -3853.756516   6805.491565     40.132496
PR08 -15252.060765   5238.264983  19805.365735    -66.922819
PR09  -7850.754413  -8168.097897  22875.691130     73.794546
PR12  -7954.939657  18236.587651 -15921.933444     20.575154
PR13   6354.173939   9197.530622 -22935.124128    -26.225469
PR14  18282.183525  -6576.564009 -16497.914375     24.386810
PR15  18601.447233 -17439.475469   -581.507210     93.994264
PR17  11477.805239   4566.125928  22313.981857    556.553286
PR18   6661.120855 -13014.679300  20902.003400     39.819823
PR19   -317.199601 -23613.403994   9656.710800   -201.715077
PR20  -9025.663110 -21289.671565 -10729.767733    -77.390310
PR21 -11181.884158  -3029.888924 -22733.730840   -329.412420
PR24  10030.157718  20567.265398  11259.425554    111.572580
*  2022 08 29 08 24 10.00000000
PE02  13810.827860  11483.394128 -23523.625586    321.351041
PE03  21362.583303  19871.976137   4944.512782   -594.351851
PE04 -25573.046288  -7326.405682  12989.024072  -1103.805600
PE05   4490.971459  21005.985590  20364.202093   -149.062678
PE07  14706.395009  -9915.446264 -23693.663061   -700.764052
PE08  25520.168104   7210.955485 -13137.799648   -589.494801
PE09 -14686.486800   9763.517109  23775.484711   -639.621993
PE11 -12959.454763  20810.996862 -16605.044688   2444.566266
PE12 -16097.934072   -949.041621 -24829.545482   -140.370875
PE13  13151.122722 -20188.429653  17194.867481    430.427345
PE15  15999.254779   1138.968765  24877.436168    723.859426
PE19 -19730.472495 -20797.843810  -7367.419622  -4678.466285
PE21   6070.176514 -18999.001164  21878.778358   -754.585982
PE24 -24333.287089  15506.643279  -6563.367313   -807.107514
PE25  -6396.748940  19033.924288 -21733.174433   -586.058179
PE26   2109.183006 -29498.329907  -1399.432584  -1550.393656
PE27  23687.235504 -16071.610335   7561.161772   -379.437864
PE30  26994.116138  -2925.301986 -11801.214878   -793.096685
PE31 -27196.972917   3692.517196  11099.095522   -502.521389
PE33  -9391.786578 -21674.236260 -17840.765879   -453.620091
PE36  -2620.922958  29478.640696    496.238865   -423.627986
PG01  13310.124571 -17810.339566  13955.944488    293.430666
PG02 -14958.733213   6722.203279 -20312.134765   -647.755711
PG03  22418.222111 -12404.749168  -6900.718902   -341.363289
PG05 -25460.782376   5305.027740  -5914.600286    -94.650316
PG06  -7885.489729 -18338.480365 -17423.010852    442.371925
PG07   5222.924610 -25762.964157    211.116886    311.549603
PG08  19500.803054    -43.463062  18149.363006    -82.402400
PG09   2181.739814 -17026.960975 -20333.191184   -302.655249
PG11 -13746.119353  -6909.578057 -21654.570343    -13.165528
PG12 -23798.122964  10250.892319  -5843.238814   -269.806744
PG13 -20649.373988  -9826.817550  13500.372664    377.117478
PG14  -3568.711560 -15022.337288  21615.512186   -106.933292
PG15 -19620.247442   2405.035300  17444.276673    -33.405316
PG16  24439.325107   2027.300940 -11034.250188   -522.357686
PG17 -10518.262275 -21643.246248  11610.387265    653.548426
PG18  -5423.445897  25920.745151    555.691199     66.412804
PG19 -17272.591471 -20295.001539   1324.368962    203.522474
PG20 -20127.914360  -3264.102261 -16890.934721    490.857185
PG21  15341.624660  -8521.459330  20339.435455    160.045538
PG22  18516.880450  19164.813131   -212.749562    318.247364
PG23  -5757.961676  16605.703055  19864.049771    -38.335106
PG24 -14177.318699  14384.692522  16719.815203    153.438263
PG25 -14179.382537  16400.046238 -15444.459000    366.140270
PG26  18582.153268   6801.333379 -17950.381487    226.030298
PG27  22328.114264  11358.379044   9180.779170    216.399101
PG29  -3771.535765  16132.792034 -20786.779284   -546.951696
PG30  -2356.232774 -24316.935183  10196.158914   -536.478085
PG31   9592.005135  16505.547903 -18405.573575   -191.397711
PG32  14193.667221  20756.565077   8996.732949   -217.458015
PR01   1926.149580  11726.247011  22566.079083     13.902892
PR02  19737.972650  11581.151955  11374.720202    528.248883
PR03  24461.173447   4310.816696  -5899.434327     62.727645
PR04  15438.320657  -4942.135093 -19676.071587    155.628993
PR05  -1932.903410 -11614.624020 -22617.912025     98.734778
PR07 -24272.151916  -3854.868097   6771.308161     40.132527
PR08 -15278.184750   5231.417471  19786.957645    -66.922830
PR09  -7828.595991  -8190.114103  22875.340971     73.794594
PR12  -7969.933081  18252.522325 -15896.196039     20.575136
PR13   6331.888844   9219.614522 -22932.421658    -26.225468
PR14  18265.293375  -6561.451994 -16522.610510     24.386815
PR15  18599.809003 -17439.945329   -617.129876     93.994220
PR17  11485.413843   4595.750247  22303.936820    556.553303
PR18   6666.436168 -12986.497497  20917.875911     39.819866
PR19   -316.926026 -23599.926181   9689.585103   -201.715114
PR20  -9030.741281 -21303.671008 -10697.646440    -77.390370
PR21 -11189.367564  -3060.132236 -22726.028430   -329.412477
PR24  10035.107683  20581.923311  11228.129766    111.572657
*  2022 08 29 08 24 20.00000000
PE02  13789.090239  11492.624653 -23531.855030    321.351072
PE03  21358.818415  19868.686027   4973.893609   -594.351884
PE04 -25583.793988  -7333.741463  12963.690608  -1103.805683
PE05   4474.603004  20993.758992  20380.410140   -149.062639
PE07  14725.657410  -9901.532631 -23687.508767   -700.764082
PE08  25531.145782   7218.242204 -13112.430713   -589.494869
PE09 -14705.880606   9749.654389  23769.198584   -639.622125
PE11 -12956.566070  20794.534474 -16627.923970   2444.564734
PE12 -16095.367117   -973.838405 -24830.243303   -140.371082
PE13  13148.182084 -20171.343889  17217.147443    430.427348
PE15  15996.755096   1163.843045  24877.888304    723.859409
PE19 -19724.851177 -20792.981371  -7396.125588  -4678.465256
PE21   6090.082467 -19008.210437  21865.239383   -754.586011
PE24 -24338.995982  15509.984599  -6534.205863   -807.107724
PE25  -6416.555555  19043.093754 -21719.306319   -586.058187
PE26   2107.824644 -29499.864010  -1368.773794  -1550.394096
PE27  23693.808120 -16075.438504   7532.341580   -379.437950
PE30  26982.962868  -2921.236564 -11827.689186   -793.096997
PE31 -27186.466909   3688.755737  11126.088015   -502.521401
PE33  -9391.201249 -21692.181072 -17819.250853   -453.620093
PE36  -2619.273960  29479.293925    465.395878   -423.628042
PG01  13307.981214 -17792.022186  13981.111029    293.430592
PG02 -14956.309933   6695.129008 -20322.376742   -647.755752
PG03  22427.107470 -12405.264797  -6870.200026   -341.363367
PG05 -25454.896678   5300.053040  -5945.099135    -94.650313
PG06  -7879.685611 -18359.943455 -17403.021793    442.372054
PG07   5226.374862 -25761.996450    179.263053    311.549617
PG08  19517.477291    -27.588721  18131.849478    -82.402383
PG09   2201.990708 -17011.122972 -20344.338966   -302.655207
PG11 -13738.893974  -6936.090679 -21650.710916    -13.165550
PG12 -23805.611382  10250.178560  -5812.413829   -269.806807
PG13 -20659.198166  -9841.200038  13475.327727    377.117566
PG14  -3542.314780 -15029.934484  21614.466202   -106.933270
PG15 -19638.143064   2390.467942  17426.869400    -33.405288
PG16  24426.662970   2032.194362 -11061.601376   -522.357694
PG17 -10506.996887 -21634.584404  11637.783775    653.548509
PG18  -5426.106935  25920.864357    523.606878     66.412675
PG19 -17269.699502 -20294.952712   1356.254851    203.522509
PG20 -20109.795705  -3276.087876 -16910.404065    490.857160
PG21  15340.012916  -8496.780808  20352.056897    160.045513
PG22  18515.495262  19167.175276   -181.077447    318.247413
PG23  -5782.065714  16613.314388  19850.569237    -38.335111
PG24 -14177.247423  14362.451953  16739.049682    153.438132
PG25 -14198.270790  16404.189184 -15422.008441    366.140303
PG26  18561.837252   6811.374825 -17967.351603    226.030315
PG27  22335.645372  11367.698780   9151.950219    216.399068
PG29  -3790.375910  16114.483824 -20797.654457   -546.951717
PG30  -2350.196746 -24328.849979  10168.594633   -536.478096
PG31   9585.057432  16527.830799 -18388.610845   -191.397729
PG32  14183.636822  20751.056041   9025.502897   -217.458128
PR01   1896.375449  11717.948968  22572.919152     13.902870
PR02  19723.596824  11575.107708  11405.809527    528.249058
PR03  24469.417090   4311.509267  -5864.928262     62.727699
PR04  15464.453275  -4935.305850 -19657.290000    155.628988
PR05  -1903.339987 -11605.254811 -22625.247844     98.734833
PR07 -24281.433354  -3855.958883   6737.108460     40.132571
PR08 -15304.290278   5224.598314  19768.502214    -66.922798
PR09  -7806.455100  -8212.147348  22874.936005     73.794613
PR12  -7984.888316  18268.444580 -15870.420338     20.575162
PR13   6309.624144   9241.713693 -22929.664159    -26.225531
PR14  18248.391042  -6546.303034 -16547.266870     24.386756
PR15  18598.135312 -17440.380141   -652.751058     93.994199
PR17  11493.044159   4625.354859  22293.838203    556.553327
PR18   6671.780132 -12958.299190  20933.698186     39.819829
PR19   -316.632171 -23586.404688   9722.436145   -201.715176
PR20  -9035.822908 -21317.623110 -10665.499401    -77.390478
PR21 -11196.874174  -3090.358904 -22718.271494   -329.412495
PR24  10040.060213  20596.535487  11196.806990    111.572693
*  2022 08 29 08 24 30.00000000
PE02  13767.352229  11501.875325 -23540.048294    321.351098
PE03  21355.027221  19865.381430   5003.266784   -594.351922
PE04 -25594.526667  -7341.054214  12938.337223  -1103.805763
PE05   4458.212221  20981.535181  20396.586859   -149.062602
PE07  14744.925284  -9887.637139 -23681.318057   -700.764107
PE08  25542.108388   7225.505662 -13087.041613   -589.494927
PE09 -14725.279842   9735.810162  23762.875933   -639.622257
PE11 -12953.688402  20778.047012 -16650.777719   2444.563198
PE12 -16092.820171   -998.637941 -24830.902987   -140.371301
PE13  13145.253167 -20154.233571  17239.400941    430.427349
PE15  15994.275616   1188.719787  24878.302206    723.859379
PE19 -19719.202926 -20788.106245  -7424.820183  -4678.464219
PE21   6109.968865 -19017.429640  21851.666819   -754.586027
PE24 -24344.675506  15513.318610  -6505.034359   -807.107929
PE25  -6436.342331  19052.272922 -21705.404787   -586.058199
PE26   2106.461950 -29501.366502  -1338.112901  -1550.394533
PE27  23700.351362 -16079.260092   7503.509816   -379.438042
PE30  26971.788441  -2917.151928 -11854.145322   -793.097303
PE31 -27175.939095   3684.975235  11153.063416   -502.521410
PE33  -9390.632639 -21710.104929 -17797.708442   -453.620083
PE36  -2617.621398  29479.915107    434.552176   -423.628099
PG01  13305.842350 -17773.671944  14006.246760    293.430527
PG02 -14953.900602   6668.039775 -20332.573188   -647.755802
PG03  22435.956153 -12405.773485  -6839.666486   -341.363441
PG05 -25448.978304   5295.061415  -5975.585492    -94.650300
PG06  -7873.900088 -18381.385422 -17382.995440    442.372192
PG07   5229.817862 -25760.990935    147.408827    311.549633
PG08  19534.143896    -11.738648  18114.297720    -82.402476
PG09   2222.261211 -16995.287586 -20355.443712   -302.655172
PG11 -13731.685355  -6962.602768 -21646.805448    -13.165573
PG12 -23813.062869  10249.459343  -5781.576480   -269.806873
PG13 -20669.010315  -9855.552496  13450.254105    377.117656
PG14  -3515.923443 -15037.546211  21613.374255   -106.933240
PG15 -19656.027646   2375.922747  17409.424217    -33.405226
PG16  24413.970900   2037.103187 -11088.929886   -522.357687
PG17 -10495.702484 -21625.905304  11665.155961    653.548637
PG18  -5428.759073  25920.945619    491.521434     66.412541
PG19 -17266.780385 -20294.876327   1388.137893    203.522530
PG20 -20091.662064  -3288.094636 -16929.837096    490.857163
PG21  15338.413802  -8472.086998  20364.636498    160.045474
PG22  18514.084349  19169.509285   -149.404951    318.247454
PG23  -5806.149369  16620.934209  19837.046294    -38.335128
PG24 -14177.184792  14340.187166  16758.247141    153.438012
PG25 -14217.130543  16408.333713 -15399.525283    366.140345
PG26  18541.506969   6821.435296 -17984.284160    226.030327
PG27  22343.155051  11376.989735   9123.102056    216.399037
PG29  -3809.236728  16096.177484 -20808.485494   -546.951765
PG30  -2344.174272 -24340.734235  10141.008500   -536.478097
PG31   9578.126826  16550.097278 -18371.608804   -191.397741
PG32  14173.576235  20745.529265   9054.253954   -217.458235
PR01   1866.585684  11709.672444  22579.704986     13.902883
PR02  19709.175565  11569.062972  11436.871608    528.248810
PR03  24477.616115   4312.181810  -5830.408142     62.727755
PR04  15490.566858  -4928.505460 -19638.461122    155.629015
PR05  -1873.759352 -11595.907009 -22632.529274     98.734813
PR07 -24290.670851  -3857.028937   6702.892544     40.132625
PR08 -15330.377261   5217.807497  19749.999486    -66.922751
PR09  -7784.331807  -8234.197567  22874.476230     73.794668
PR12  -7999.805352  18284.354331 -15844.606404     20.575204
PR13   6287.379904   9263.828063 -22926.851640    -26.225471
PR14  18231.476612  -6531.117139 -16571.883395     24.386748
PR15  18596.426212 -17440.779854   -688.370672     93.994180
PR17  11500.696144   4654.939678  22283.686028    556.553330
PR18   6677.152761 -12930.084474  20949.470187     39.819844
PR19   -316.317973 -23572.839572   9755.263848   -201.715210
PR20  -9040.907911 -21331.527840 -10633.326693    -77.390368
PR21 -11204.403951  -3120.568837 -22710.460050   -329.412563
PR24  10045.015232  20611.101894  11165.457301    111.572680
*  2022 08 29 08 24 40.00000000
PE02  13745.613884  11511.146136 -23548.205366    321.351121
PE03  21351.209703  19862.062387   5032.632261   -594.351960
PE04 -25605.244280  -7348.343947  12912.963957  -1103.805852
PE05   4441.799133  20969.314202  20412.732225   -149.062569
PE07  14764.198585  -9873.759812 -23675.090938   -700.764143
PE08  25553.055874   7232.745876 -13061.632385   -589.494999
PE09 -14744.684463   9721.984452  23756.516768   -639.622383
PE11 -12950.821798  20761.534511 -16673.605900   2444.561664
PE12 -16090.293240  -1023.440174 -24831.524534   -140.371518
PE13  13142.336010 -20137.098734  17261.627941    430.427359
PE15  15991.816346   1213.598936  24878.677871    723.859354
PE19 -19713.527731 -20783.218477  -7453.503364  -4678.463155
PE21   6129.835675 -19026.658736  21838.060689   -754.586045
PE24 -24350.325666  15516.645266  -6475.852846   -807.108133
PE25  -6456.109233  19061.461755 -21691.469858   -586.058210
PE26   2105.094973 -29502.837376  -1307.449953  -1550.394971
PE27  23706.865234 -16083.075055   7474.666525   -379.438131
PE30  26960.592897  -2913.048049 -11880.583248   -793.097613
PE31 -27165.389514   3681.175662  11180.021681   -502.521419
PE33  -9390.080719 -21728.007789 -17776.138679   -453.620080
PE36  -2615.965322  29480.504235    403.707805   -423.628151
PG01  13303.708031 -17755.288876  14031.351625    293.430453
PG02 -14951.505243   6640.935647 -20342.724080   -647.755816
PG03  22444.768156 -12406.275176  -6809.118350   -341.363523
PG05 -25443.027290   5290.052826  -6006.059292    -94.650348
PG06  -7868.133136 -18402.806202 -17362.931834    442.372324
PG07   5233.253660 -25759.947599    115.554276    311.549610
PG08  19550.802810      4.087142  18096.707770    -82.402516
PG09   2242.551289 -16979.454871 -20366.505400   -302.655129
PG11 -13724.493509  -6989.114258 -21642.853948    -13.165592
PG12 -23820.477417  10248.734615  -5750.726830   -269.806936
PG13 -20678.810378  -9869.874918  13425.151853    377.117751
PG14  -3489.537612 -15045.172450  21612.236348   -106.933234
PG15 -19673.901128   2361.399723  17391.941165    -33.405157
PG16  24401.248941   2042.027453 -11116.235662   -522.357683
PG17 -10484.379060 -21617.209007  11692.503765    653.548718
PG18  -5431.402361  25920.988925    459.434936     66.412422
PG19 -17263.834085 -20294.772424   1420.018022    203.522555
PG20 -20073.513497  -3300.122543 -16949.233774    490.857163
PG21  15336.827343  -8447.377957  20377.174236    160.045485
PG22  18512.647675  19171.815195   -117.732140    318.247549
PG23  -5830.212591  16628.562476  19823.480973    -38.335144
PG24 -14177.130841  14317.898213  16777.407538    153.437887
PG25 -14235.961763  16412.479772 -15377.009572    366.140384
PG26  18521.162478   6831.514799 -18001.179120    226.030340
PG27  22350.643249  11386.251928   9094.234742    216.398999
PG29  -3828.118185  16077.873073 -20819.272370   -546.951822
PG30  -2338.165320 -24352.587909  10113.400574   -536.478112
PG31   9571.213301  16572.347279 -18354.567487   -191.397754
PG32  14163.485452  20739.984804   9082.986060   -217.458341
PR01   1836.780373  11701.417476  22586.436570     13.902851
PR02  19694.708902  11563.017824  11467.906369    528.248853
PR03  24485.770478   4312.834391  -5795.874050     62.727699
PR04  15516.661316  -4921.733906 -19619.584998    155.629046
PR05  -1844.161594 -11586.580657 -22639.756297     98.734859
PR07 -24299.864358  -3858.078321   6668.660495     40.132645
PR08 -15356.445607   5211.045005  19731.449506    -66.922770
PR09  -7762.226177  -8256.264692  22873.961649     73.794698
PR12  -8014.684180  18300.251494 -15818.754298     20.575234
PR13   6265.156185   9285.957562 -22923.984106    -26.225509
PR14  18214.550171  -6515.894320 -16596.460025     24.386794
PR15  18594.681758 -17441.144415   -723.988631     93.994172
PR17  11508.369754   4684.504615  22273.480321    556.553366
PR18   6682.554069 -12901.853444  20965.191875     39.819870
PR19   -315.983368 -23559.230885   9788.068132   -201.715254
PR20  -9045.996211 -21345.385167 -10601.128393    -77.390434
PR21 -11211.956854  -3150.761946 -22702.594116   -329.412610
PR24  10049.972663  20625.622502  11134.080773    111.572751
*  2022 08 29 08 24 50.00000000
PE02  13723.875252  11520.437078 -23556.326234    321.351153
PE03  21347.365843  19858.728940   5061.989996   -594.351995
PE04 -25615.946783  -7355.610679  12887.570848  -1103.805935
PE05   4425.363758  20957.096099  20428.846215   -149.062536
PE07  14783.477267  -9859.900669 -23668.827421   -700.764178
PE08  25563.988199   7239.962859 -13036.203069   -589.495066
PE09 -14764.094420   9708.177278  23750.121099   -639.622514
PE11 -12947.966297  20744.997002 -16696.408479   2444.560131
PE12 -16087.786329  -1048.245051 -24832.107943   -140.371730
PE13  13139.430651 -20119.939413  17283.828409    430.427367
PE15  15989.377292   1238.480437  24879.015301    723.859338
PE19 -19707.825578 -20778.318110  -7482.175085  -4678.462120
PE21   6149.682862 -19035.897686  21824.421012   -754.586065
PE24 -24355.946467  15519.964521  -6446.661369   -807.108341
PE25  -6475.856227  19070.660214 -21677.501554   -586.058219
PE26   2103.723759 -29504.276626  -1276.784996  -1550.395406
PE27  23713.349739 -16086.883345   7445.811750   -379.438214
PE30  26949.376275  -2908.924901 -11907.002920   -793.097921
PE31 -27154.818205   3677.356990  11206.962770   -502.521429
PE33  -9389.545459 -21745.889610 -17754.541598   -453.620091
PE36  -2614.305779  29481.061305    372.862814   -423.628205
PG01  13301.578308 -17736.873019  14056.425568    293.430385
PG02 -14949.123881   6613.816691 -20352.829391   -647.755817
PG03  22453.543473 -12406.769816  -6778.555682   -341.363596
PG05 -25437.043670   5285.027233  -6036.520472    -94.650395
PG06  -7862.384736 -18424.205736 -17342.831018    442.372467
PG07   5236.682303 -25758.866431     83.699472    311.549603
PG08  19567.453971     19.888635  18079.079666    -82.402646
PG09   2262.860905 -16963.624881 -20377.524006   -302.655084
PG11 -13717.318445  -7015.625081 -21638.856424    -13.165618
PG12 -23827.855023  10248.004323  -5719.864944   -269.806969
PG13 -20688.598295  -9884.167301  13400.021025    377.117845
PG14  -3463.157351 -15052.813179  21611.052482   -106.933216
PG15 -19691.763452   2346.898879  17374.420282    -33.405107
PG16  24388.497134   2046.967195 -11143.518650   -522.357671
PG17 -10473.026608 -21608.495572  11719.827133    653.548758
PG18  -5434.036851  25920.994262    427.347453     66.412304
PG19 -17260.860565 -20294.641040   1451.895170    203.522580
PG20 -20055.350066  -3312.171599 -16968.594055    490.857125
PG21  15335.253568  -8422.653743  20389.670089    160.045504
PG22  18511.185203  19174.093042    -86.059080    318.247609
PG23  -5854.255328  16636.199147  19809.873302    -38.335149
PG24 -14177.085606  14295.585142  16796.530831    153.437772
PG25 -14254.764416  16416.627313 -15354.461355    366.140429
PG26  18500.803838   6841.613336 -18018.036449    226.030357
PG27  22358.109915  11395.485376   9065.348341    216.398976
PG29  -3847.020250  16059.570650 -20830.015064   -546.951843
PG30  -2332.169852 -24364.410963  10085.770914   -536.478107
PG31   9564.316846  16594.580738 -18337.486929   -191.397753
PG32  14153.364464  20734.422709   9111.699155   -217.458447
PR01   1806.959604  11693.184102  22593.113888     13.902854
PR02  19680.196860  11556.972342  11498.913738    528.248818
PR03  24493.880135   4313.467073  -5761.326070     62.727667
PR04  15542.736557  -4914.991174 -19600.661674    155.629080
PR05  -1814.546798 -11577.275797 -22646.928896     98.734906
PR07 -24309.013828  -3859.107096   6634.412395     40.132695
PR08 -15382.495228   5204.310824  19712.852317    -66.922762
PR09  -7740.138275  -8278.348656  22873.392261     73.794774
PR12  -8029.524789  18316.135982 -15792.864084     20.575285
PR13   6242.953053   9308.102117 -22921.061564    -26.225504
PR14  18197.611803  -6500.634589 -16620.996701     24.386810
PR15  18592.902006 -17441.473772   -759.604850     93.994150
PR17  11516.064946   4714.049586  22263.221104    556.553351
PR18   6687.984070 -12873.606194  20980.863214     39.819922
PR19   -315.628295 -23545.578685   9820.848918   -201.715310
PR20  -9051.087730 -21359.195059 -10568.904580    -77.390482
PR21 -11219.532846  -3180.938141 -22694.673713   -329.412615
PR24  10054.932430  20640.097280  11102.677484    111.572693
*  2022 08 29 08 25 00.00000000
PE02  13702.136390  11529.748140 -23564.410883    321.351184
PE03  21343.495628  19855.381133   5091.339935   -594.352032
PE04 -25626.634133  -7362.854423  12862.157939  -1103.806020
PE05   4408.906122  20944.880923  20444.928801   -149.062506
PE07  14802.761283  -9846.059734 -23662.527513   -700.764208
PE08  25574.905312   7247.156626 -13010.753708   -589.495132
PE09 -14783.509670   9694.388663  23743.688941   -639.622654
PE11 -12945.121941  20728.434523 -16719.185416   2444.558604
PE12 -16085.299448  -1073.052508 -24832.653207   -140.371935
PE13  13136.537130 -20102.755644  17306.002307    430.427373
PE15  15986.958457   1263.364230  24879.314493    723.859308
PE19 -19702.096460 -20773.405188  -7510.835293  -4678.461063
PE21   6169.510390 -19045.146451  21810.747813   -754.586089
PE24 -24361.537909  15523.276326  -6417.459978   -807.108552
PE25  -6495.583276  19079.868258 -21663.499898   -586.058227
PE26   2102.348355 -29505.684239  -1246.118082  -1550.395851
PE27  23719.804881 -16090.684916   7416.945540   -379.438302
PE30  26938.138612  -2904.782458 -11933.404298   -793.098229
PE31 -27144.225206   3673.519191  11233.886635   -502.521435
PE33  -9389.026825 -21763.750348 -17732.917234   -453.620095
PE36  -2612.642818  29481.586311    342.017257   -423.628258
PG01  13299.453231 -17718.424420  14081.468519    293.430320
PG02 -14946.756537   6586.682976 -20362.889109   -647.755844
PG03  22462.282100 -12407.257349  -6747.978555   -341.363670
PG05 -25431.027481   5279.984597  -6066.968962    -94.650379
PG06  -7856.654861 -18445.583965 -17322.693044    442.372598
PG07   5240.103842 -25757.747426     51.844487    311.549644
PG08  19584.097317     35.665821  18061.413458    -82.402690
PG09   2283.190015 -16947.797673 -20388.499506   -302.655040
PG11 -13710.160175  -7042.135164 -21634.812889    -13.165642
PG12 -23835.195690  10247.268414  -5688.990898   -269.807077
PG13 -20698.374009  -9898.429640  13374.861689    377.117958
PG14  -3436.782721 -15060.468375  21609.822672   -106.933198
PG15 -19709.614554   2332.420223  17356.861609    -33.405072
PG16  24375.715530   2051.922447 -11170.778786   -522.357680
PG17 -10461.645131 -21599.765062  11747.126013    653.548763
PG18  -5436.662592  25920.961615    395.259061     66.412182
PG19 -17257.859784 -20294.482206   1483.769266    203.522628
PG20 -20037.171838  -3324.241802 -16987.917896    490.857109
PG21  15333.692501  -8397.914419  20402.124038    160.045498
PG22  18509.696898  19176.342861    -54.385851    318.247650
PG23  -5878.277528  16643.844177  19796.223312    -38.335159
PG24 -14177.049123  14273.248011  16815.616974    153.437643
PG25 -14273.538474  16420.776285 -15331.880689    366.140467
PG26  18480.431118   6851.730907 -18034.856107    226.030373
PG27  22365.554991  11404.690093   9036.442926    216.398946
PG29  -3865.942888  16041.270277 -20840.713549   -546.951847
PG30  -2326.187829 -24376.203358  10058.119588   -536.478118
PG31   9557.437444  16616.797591 -18320.367167   -191.397747
PG32  14143.213270  20728.843031   9140.393169   -217.458560
PR01   1777.123468  11684.972372  22599.736894     13.902881
PR02  19665.639417  11550.926610  11529.893581    528.249005
PR03  24501.945041   4314.079920  -5726.764293     62.727746
PR04  15568.792483  -4908.277251 -19581.691205    155.629080
PR05  -1784.915054 -11567.992469 -22654.047062     98.734882
PR07 -24318.119207  -3860.115327   6600.148346     40.132683
PR08 -15408.526012   5197.604945  19694.207972    -66.922871
PR09  -7718.068169  -8300.449399  22872.768053     73.794749
PR12  -8044.327167  18332.007703 -15766.935831     20.575309
PR13   6220.770572   9330.261648 -22918.084037    -26.225471
PR14  18180.661599  -6485.337956 -16645.493343     24.386716
PR15  18591.087000 -17441.767866   -795.219222     93.994125
PR17  11523.781657   4743.574516  22252.908449    556.553368
PR18   6693.442768 -12845.342830  20996.484180     39.819951
PR19   -315.252686 -23531.883032   9853.606111   -201.715340
PR20  -9056.182397 -21372.957457 -10536.655342    -77.390432
PR21 -11227.131886  -3211.097320 -22686.698860   -329.412694
PR24  10059.894448  20654.526215  11071.247524    111.572713
*  2022 08 29 08 25 10.00000000
PE02  13680.397341  11539.079315 -23572.459305    321.351197
PE03  21339.599035  19852.019003   5120.682048   -594.352072
PE04 -25637.306284  -7370.075194  12836.725260  -1103.806092
PE05   4392.426239  20932.668708  20460.979962   -149.062464
PE07  14822.050590  -9832.237028 -23656.191228   -700.764248
PE08  25585.807175   7254.327192 -12985.284332   -589.495204
PE09 -14802.930163   9680.618630  23737.220294   -639.622784
PE11 -12942.288766  20711.847098 -16741.936684   2444.557066
PE12 -16082.832598  -1097.862510 -24833.160336   -140.372126
PE13  13133.655485 -20085.547456  17328.149608    430.427374
PE15  15984.559851   1288.250272  24879.575448    723.859296
PE19 -19696.340355 -20768.479758  -7539.483965  -4678.460030
PE21   6189.318230 -19054.404997  21797.041106   -754.586108
PE24 -24367.100007  15526.580640  -6388.248708   -807.108765
PE25  -6515.290354  19089.085855 -21649.464907   -586.058237
PE26   2100.968812 -29507.060214  -1215.449249  -1550.396295
PE27  23726.230661 -16094.479720   7388.067933   -379.438393
PE30  26926.879952  -2900.620693 -11959.787344   -793.098547
PE31 -27133.610555   3669.662237  11260.793247   -502.521439
PE33  -9388.524792 -21781.589962 -17711.265615   -453.620093
PE36  -2610.976488  29482.079246    311.171167   -423.628314
PG01  13297.332852 -17699.943097  14106.480452    293.430246
PG02 -14944.403243   6559.534561 -20372.903187   -647.755820
PG03  22470.984033 -12407.737722  -6717.387017   -341.363740
PG05 -25424.978756   5274.924879  -6097.404710    -94.650405
PG06  -7850.943495 -18466.940821 -17302.517939    442.372729
PG07   5243.518324 -25756.590557     19.989386    311.549660
PG08  19600.732792     51.418681  18043.709163    -82.402718
PG09   2303.538598 -16931.973294 -20399.431879   -302.655001
PG11 -13703.018708  -7068.644455 -21630.723342    -13.165665
PG12 -23842.499393  10246.526832  -5658.104739   -269.807234
PG13 -20708.137461  -9912.661930  13349.673871    377.118059
PG14  -3410.413788 -15068.138023  21608.546894   -106.933170
PG15 -19727.454381   2317.963759  17339.265187    -33.405044
PG16  24362.904157   2056.893249 -11198.016028   -522.357697
PG17 -10450.234606 -21591.017523  11774.400341    653.548769
PG18  -5439.279639  25920.890975    363.169812     66.412053
PG19 -17254.831713 -20294.295976   1515.640251    203.522699
PG20 -20018.978860  -3336.333163 -17007.205264    490.857080
PG21  15332.144176  -8373.160033  20414.536056    160.045493
PG22  18508.182722  19178.564691    -22.712495    318.247725
PG23  -5902.279144  16651.497528  19782.531025    -38.335168
PG24 -14177.021425  14250.886857  16834.665934    153.437518
PG25 -14292.283893  16424.926641 -15309.267598    366.140505
PG26  18460.044358   6861.867529 -18051.638064    226.030390
PG27  22372.978438  11413.866104   9007.518532    216.398918
PG29  -3884.886068  16022.972008 -20851.367811   -546.951833
PG30  -2320.219226 -24387.965050  10030.446636   -536.478127
PG31   9550.575083  16638.997781 -18303.208230   -191.397730
PG32  14133.031840  20723.245830   9169.068064   -217.458678
PR01   1747.272043  11676.782300  22606.305632     13.902873
PR02  19651.036697  11544.880692  11560.845941    528.249179
PR03  24509.965154   4314.672997  -5692.188785     62.727746
PR04  15594.829020  -4901.592116 -19562.673618    155.629067
PR05  -1755.266444 -11558.730721 -22661.110763     98.734853
PR07 -24327.180460  -3861.103074   6565.868393     40.132661
PR08 -15434.537911   5190.927340  19675.516498    -66.922917
PR09  -7696.015921  -8322.566839  22872.089056     73.794725
PR12  -8059.091312  18347.866586 -15740.969587     20.575295
PR13   6198.608801   9352.436103 -22915.051501    -26.225418
PR14  18163.699635  -6470.004433 -16669.949935     24.386685
PR15  18589.236812 -17442.026658   -830.831705     93.994085
PR17  11531.519881   4773.079291  22242.542286    556.553405
PR18   6698.930195 -12817.063426  21012.054706     39.819961
PR19   -314.856485 -23518.143969   9886.339667   -201.715261
PR20  -9061.280119 -21386.672389 -10504.380734    -77.390348
PR21 -11234.753939  -3241.239416 -22678.669573   -329.412703
PR24  10064.858659  20668.909241  11039.790936    111.572585
*  2022 08 29 08 25 20.00000000
PE02  13658.658161  11548.430592 -23580.471484    321.351227
PE03  21335.676050  19848.642595   5150.016284   -594.352110
PE04 -25647.963191  -7377.273008  12811.272856  -1103.806168
PE05   4375.924133  20920.459504  20476.999671   -149.062430
PE07  14841.345139  -9818.432572 -23649.818574   -700.764281
PE08  25596.693740   7261.474573 -12959.794987   -589.495270
PE09 -14822.355855   9666.867199  23730.715172   -639.622909
PE11 -12939.466812  20695.234765 -16764.662245   2444.555536
PE12 -16080.385788  -1122.674993 -24833.629325   -140.372332
PE13  13130.785755 -20068.314888  17350.270276    430.427374
PE15  15982.181477   1313.138504  24879.798164    723.859274
PE19 -19690.557255 -20763.541863  -7568.121045  -4678.459022
PE21   6209.106345 -19063.673282  21783.300916   -754.586126
PE24 -24372.632761  15529.877414  -6359.027608   -807.108974
PE25  -6534.977423  19098.312962 -21635.396605   -586.058246
PE26   2099.585174 -29508.404543  -1184.778549  -1550.396738
PE27  23732.627084 -16098.267711   7359.178975   -379.438476
PE30  26915.600332  -2896.439579 -11986.152016   -793.098852
PE31 -27122.974292   3665.786101  11287.682559   -502.521447
PE33  -9388.039328 -21799.408411 -17689.586778   -453.620087
PE36  -2609.306837  29482.540105    280.324599   -423.628366
PG01  13295.217221 -17681.429096  14131.461296    293.430175
PG02 -14942.064017   6532.371516 -20382.871612   -647.755797
PG03  22479.649267 -12408.210880  -6686.781141   -341.363820
PG05 -25418.897532   5269.848040  -6127.827648    -94.650373
PG06  -7845.250615 -18488.276245 -17282.305755    442.372862
PG07   5246.925798 -25755.395819    -11.865760    311.549607
PG08  19617.360333     67.147205  18025.966830    -82.402625
PG09   2323.906611 -16916.151802 -20410.321102   -302.654951
PG11 -13695.894056  -7095.152880 -21626.587798    -13.165686
PG12 -23849.766136  10245.779525  -5627.206539   -269.807420
PG13 -20717.888594  -9926.864168  13324.457640    377.118068
PG14  -3384.050613 -15075.822098  21607.225164   -106.933151
PG15 -19745.282872   2303.529498  17321.631056    -33.405004
PG16  24350.063064   2061.879636 -11225.230313   -522.357686
PG17 -10438.795035 -21582.253022  11801.650066    653.548809
PG18  -5441.888043  25920.782329    331.079784     66.411919
PG19 -17251.776312 -20294.082383   1547.508055    203.522753
PG20 -20000.771199  -3348.445680 -17026.456114    490.857034
PG21  15330.608616  -8348.390647  20426.906123    160.045491
PG22  18506.642638  19180.758567      8.960908    318.247779
PG23  -5926.260123  16659.159154  19768.796473    -38.335181
PG24 -14177.002550  14228.501738  16853.677664    153.437394
PG25 -14311.000647  16429.078329 -15286.622138    366.140546
PG26  18439.643625   6872.023200 -18068.382282    226.030410
PG27  22380.380197  11423.013424   8978.575233    216.398889
PG29  -3903.849757  16004.675905 -20861.977823   -546.951830
PG30  -2314.264003 -24399.696001  10002.752127   -536.478131
PG31   9543.729748  16661.181242 -18286.010156   -191.397720
PG32  14122.820175  20717.631156   9197.723769   -217.458783
PR01   1717.405422  11668.613936  22612.820056     13.902850
PR02  19636.388679  11538.834672  11591.770686    528.249152
PR03  24517.940431   4315.246367  -5657.599636     62.727820
PR04  15620.846069  -4894.935757 -19543.608968    155.629079
PR05  -1725.601056 -11549.490592 -22668.119988     98.734888
PR07 -24336.197534  -3862.070399   6531.572636     40.132649
PR08 -15460.530814   5184.278000  19656.777948    -66.922897
PR09  -7673.981598  -8344.700916  22871.355256     73.794696
PR12  -8073.817213  18363.712538 -15714.965421     20.575279
PR13   6176.467807   9374.625400 -22911.963979    -26.225430
PR14  18146.726001  -6454.634032 -16694.366396     24.386713
PR15  18587.351489 -17442.250090   -866.442191     93.994044
PR17  11539.279554   4802.563839  22232.122688    556.553440
PR18   6704.446354 -12788.768087  21027.574771     39.819972
PR19   -314.439628 -23504.361559   9919.049488   -201.715209
PR20  -9066.380823 -21400.339796 -10472.080845    -77.390372
PR21 -11242.398963  -3271.364328 -22670.585875   -329.412701
PR24  10069.824977  20683.246345  11008.307812    111.572567
*  2022 08 29 08 25 30.00000000
PE02  13636.918899  11557.801963 -23588.447409    321.351253
PE03  21331.726655  19845.251950   5179.342596   -594.352143
PE04 -25658.604812  -7384.447880  12785.800766  -1103.806262
PE05   4359.399825  20908.253356  20492.987905   -149.062398
PE07  14860.644886  -9804.646388 -23643.409560   -700.764308
PE08  25607.564962   7268.598783 -12934.285709   -589.495339
PE09 -14841.786697   9653.134391  23724.173587   -639.623040
PE11 -12936.656119  20678.597556 -16787.362063   2444.554008
PE12 -16077.959024  -1147.489904 -24834.060171   -140.372517
PE13  13127.927977 -20051.057973  17372.364275    430.427383
PE15  15979.823341   1338.028870  24879.982642    723.859248
PE19 -19684.747148 -20758.591547  -7596.746491  -4678.458041
PE21   6228.874701 -19072.951271  21769.527263   -754.586150
PE24 -24378.136177  15533.166602  -6329.796723   -807.109170
PE25  -6554.644449  19107.549542 -21621.295014   -586.058257
PE26   2098.197490 -29509.717216  -1154.106029  -1550.397178
PE27  23738.994154 -16102.048843   7330.278712   -379.438562
PE30  26904.299792  -2892.239090 -12012.498274   -793.099151
PE31 -27112.316456   3661.890756  11314.554530   -502.521452
PE33  -9387.570402 -21817.205651 -17667.880754   -453.620084
PE36  -2607.633913  29482.968884    249.477599   -423.628419
PG01  13293.106391 -17662.882456  14156.410997    293.430108
PG02 -14939.738884   6505.193907 -20392.794359   -647.755769
PG03  22488.277797 -12408.676767  -6656.160993   -341.363892
PG05 -25412.783844   5264.754039  -6158.237710    -94.650363
PG06  -7839.576197 -18509.590176 -17262.056534    442.372997
PG07   5250.326314 -25754.163202    -43.720880    311.549570
PG08  19633.979880     82.851378  18008.186497    -82.402600
PG09   2344.294017 -16900.333249 -20421.167152   -302.654903
PG11 -13688.786227  -7121.660371 -21622.406266    -13.165703
PG12 -23856.995915  10245.026439  -5596.296365   -269.807493
PG13 -20727.627349  -9941.036349  13299.213050    377.118091
PG14  -3357.693260 -15083.520581  21605.857484   -106.933118
PG15 -19763.099966   2289.117446  17303.959257    -33.405004
PG16  24337.192295   2066.881643 -11252.421587   -522.357662
PG17 -10427.326413 -21573.471615  11828.875131    653.548860
PG18  -5444.487852  25920.635664    298.989046     66.411796
PG19 -17248.693545 -20293.841462   1579.372611    203.522806
PG20 -19982.548918  -3360.579354 -17045.670406    490.856997
PG21  15329.085850  -8323.606320  20439.234218    160.045493
PG22  18505.076612  19182.924525     40.634293    318.247819
PG23  -5950.220414  16666.829014  19755.019687    -38.335186
PG24 -14176.992531  14206.092704  16872.652122    153.437279
PG25 -14329.688701  16433.231299 -15263.944357    366.140594
PG26  18419.228978   6882.197924 -18085.088725    226.030432
PG27  22387.760217  11432.132071   8949.613092    216.398869
PG29  -3922.833920  15986.382028 -20872.543564   -546.951885
PG30  -2308.322124 -24411.396172   9975.036120   -536.478131
PG31   9536.901424  16683.347914 -18268.772980   -191.397764
PG32  14112.578267  20711.999061   9226.360223   -217.458895
PR01   1687.523692  11660.467317  22619.280151     13.902800
PR02  19621.695390  11532.788628  11622.667743    528.249217
PR03  24525.870829   4315.800095  -5622.996931     62.727811
PR04  15646.843540  -4888.308156 -19524.497301    155.629114
PR05  -1695.918979 -11540.272124 -22675.074721     98.734925
PR07 -24345.170381  -3863.017367   6497.261158     40.132697
PR08 -15486.504632   5177.656910  19637.992366    -66.922786
PR09  -7651.965265  -8366.851562  22870.566654     73.794753
PR12  -8088.504859  18379.545473 -15688.923398     20.575290
PR13   6154.347651   9396.829467 -22908.821478    -26.225467
PR14  18129.740784  -6439.226764 -16718.742668     24.386736
PR15  18585.431085 -17442.438109   -902.050594     93.994077
PR17  11547.060634   4832.028072  22221.649680    556.553472
PR18   6709.991258 -12760.456908  21043.044337     39.820000
PR19   -314.002051 -23490.535857   9951.735498   -201.715207
PR20  -9071.484430 -21413.959649 -10439.755752    -77.390428
PR21 -11250.066920  -3301.471965 -22662.447783   -329.412784
PR24  10074.793326  20697.537497  10976.798227    111.572393
*  2022 08 29 08 25 40.00000000
PE02  13615.179609  11567.193418 -23596.387068    321.351279
PE03  21327.750835  19841.847111   5208.660940   -594.352183
PE04 -25669.231102  -7391.599824  12760.309028  -1103.806346
PE05   4342.853335  20896.050308  20508.944638   -149.062366
PE07  14879.949784  -9790.878498 -23636.964196   -700.764341
PE08  25618.420798   7275.699838 -12908.756539   -589.495396
PE09 -14861.222645   9639.420228  23717.595548   -639.623174
PE11 -12933.856726  20661.935505 -16810.036104   2444.552481
PE12 -16075.552312  -1172.307187 -24834.452875   -140.372718
PE13  13125.082190 -20033.776747  17394.431572    430.427375
PE15  15977.485449   1362.921317  24880.128882    723.859220
PE19 -19678.910021 -20753.628854  -7625.360258  -4678.456958
PE21   6248.623264 -19082.238924  21755.720170   -754.586173
PE24 -24383.610261  15536.448159  -6300.556100   -807.109395
PE25  -6574.291399  19116.795556 -21607.160156   -586.058269
PE26   2096.805807 -29510.998226  -1123.431736  -1550.397618
PE27  23745.331873 -16105.823068   7301.367187   -379.438648
PE30  26892.978371  -2888.019201 -12038.826077   -793.099464
PE31 -27101.637084   3657.976173  11341.409118   -502.521465
PE33  -9387.117984 -21834.981641 -17646.147579   -453.620097
PE36  -2605.957766  29483.365577    218.630217   -423.628471
PG01  13291.000410 -17644.303213  14181.329498    293.430040
PG02 -14937.427868   6478.001801 -20402.671405   -647.755729
PG03  22496.869620 -12409.135329  -6625.526638   -341.363967
PG05 -25406.637728   5259.642839  -6188.634833    -94.650377
PG06  -7833.920220 -18530.882553 -17241.770319    442.373130
PG07   5253.719920 -25752.892695    -75.575905    311.549560
PG08  19650.591373     98.531189  17990.368202    -82.402556
PG09   2364.700779 -16884.517689 -20431.970006   -302.654853
PG11 -13681.695233  -7148.166863 -21618.178753    -13.165716
PG12 -23864.188725  10244.267521  -5565.374283   -269.807516
PG13 -20737.353668  -9955.178469  13273.940157    377.118124
PG14  -3331.341791 -15091.233450  21604.443857   -106.933093
PG15 -19780.905604   2274.727611  17286.249830    -33.405079
PG16  24324.291892   2071.899305 -11279.589794   -522.357603
PG17 -10415.828734 -21564.673361  11856.075481    653.548861
PG18  -5447.079120  25920.450967    266.897667     66.411674
PG19 -17245.583375 -20293.573255   1611.233850    203.522843
PG20 -19964.312077  -3372.734188 -17064.848098    490.856911
PG21  15327.575902  -8298.807109  20451.520320    160.045488
PG22  18503.484607  19185.062603     72.307592    318.247898
PG23  -5974.159967  16674.507064  19741.200694    -38.335191
PG24 -14176.991404  14183.659806  16891.589267    153.437150
PG25 -14348.348024  16437.385501 -15241.234301    366.140640
PG26  18398.800477   6892.391705 -18101.757357    226.030454
PG27  22395.118447  11441.222065   8920.632170    216.398846
PG29  -3941.838525  15968.090436 -20883.065012   -546.951906
PG30  -2302.393553 -24423.065524   9947.298673   -536.478126
PG31   9530.090098  16705.497735 -18251.496736   -191.397805
PG32  14102.306107  20706.349600   9254.977368   -217.459001
PR01   1657.626939  11652.342479  22625.685900     13.902805
PR02  19606.956857  11526.742636  11653.537037    528.249076
PR03  24533.756304   4316.334246  -5588.380751     62.727864
PR04  15672.821341  -4881.709298 -19505.338663    155.629142
PR05  -1666.220299 -11531.075357 -22681.974946     98.734922
PR07 -24354.098955  -3863.944039   6462.934042     40.132747
PR08 -15512.459273   5171.064055  19619.159797    -66.922772
PR09  -7629.966987  -8389.018710  22869.723252     73.794765
PR12  -8103.154243  18395.365307 -15662.843579     20.575248
PR13   6132.248397   9419.048233 -22905.624006    -26.225470
PR14  18112.744068  -6423.782643 -16743.078692     24.386723
PR15  18583.475657 -17442.590664   -937.656830     93.994070
PR17  11554.863075   4861.471906  22211.123286    556.553517
PR18   6715.564921 -12732.129985  21058.463368     39.820026
PR19   -313.543692 -23476.666919   9984.397617   -201.715187
PR20  -9076.590862 -21427.531916 -10407.405534    -77.390290
PR21 -11257.757769  -3331.562240 -22654.255319   -329.412823
PR24  10079.763630  20711.782668  10945.262257    111.572319
*  2022 08 29 08 25 50.00000000
PE02  13593.440340  11576.604948 -23604.290448    321.351301
PE03  21323.748572  19838.428119   5237.971270   -594.352220
PE04 -25679.842017  -7398.728856  12734.797682  -1103.806438
PE05   4326.284686  20883.850405  20524.869846   -149.062325
PE07  14899.259788  -9777.128921 -23630.482492   -700.764368
PE08  25629.261201   7282.777754 -12883.207516   -589.495466
PE09 -14880.663650   9625.724731  23710.981064   -639.623305
PE11 -12931.068671  20645.248645 -16832.684333   2444.550936
PE12 -16073.165657  -1197.126788 -24834.807437   -140.372936
PE13  13122.248433 -20016.471244  17416.472133    430.427382
PE15  15975.167806   1387.815788  24880.236883    723.859205
PE19 -19673.045863 -20748.653828  -7653.962302  -4678.455911
PE21   6268.351999 -19091.536202  21741.879656   -754.586194
PE24 -24389.055017  15539.722037  -6271.305781   -807.109608
PE25  -6593.918239  19126.050966 -21592.992052   -586.058280
PE26   2095.410174 -29512.247567  -1092.755717  -1550.398059
PE27  23751.640245 -16109.590341   7272.444446   -379.438733
PE30  26881.636109  -2883.779884 -12065.135385   -793.099765
PE31 -27090.936216   3654.042325  11368.246281   -502.521474
PE33  -9386.682043 -21852.736338 -17624.387284   -453.620105
PE36  -2604.278443  29483.730180    187.782498   -423.628527
PG01  13288.899330 -17625.691406  14206.216743    293.429974
PG02 -14935.130993   6450.795264 -20412.502725   -647.755689
PG03  22505.424733 -12409.586512  -6594.878141   -341.364040
PG05 -25400.459220   5254.514399  -6219.018955    -94.650418
PG06  -7828.282661 -18552.153315 -17221.447155    442.373261
PG07   5257.106666 -25751.584286   -107.430763    311.549553
PG08  19667.194750    114.186625  17972.511985    -82.402516
PG09   2385.126861 -16868.705175 -20442.729642   -302.654815
PG11 -13674.621082  -7174.672287 -21613.905270    -13.165740
PG12 -23871.344561  10243.502717  -5534.440357   -269.807541
PG13 -20747.067492  -9969.290524  13248.639013    377.118177
PG14  -3304.996270 -15098.960684  21602.984285   -106.933077
PG15 -19798.699728   2260.360000  17268.502815    -33.405099
PG16  24311.361898   2076.932659 -11306.734878   -522.357545
PG17 -10404.301993 -21555.858318  11883.251060    653.548878
PG18  -5449.661897  25920.228226    234.805715     66.411540
PG19 -17242.445766 -20293.277800   1643.091707    203.522882
PG20 -19946.060737  -3384.910183 -17083.989150    490.856828
PG21  15326.078802  -8273.993073  20463.764407    160.045477
PG22  18501.866588  19187.172837    103.980739    318.247995
PG23  -5998.078732  16682.193262  19727.339524    -38.335211
PG24 -14176.999203  14161.203094  16910.489057    153.437020
PG25 -14366.978582  16441.540886 -15218.492017    366.140678
PG26  18378.358180   6902.604548 -18118.388143    226.030469
PG27  22402.454836  11450.283423   8891.632528    216.398814
PG29  -3960.863537  15949.801187 -20893.542144   -546.951918
PG30  -2296.478256 -24434.704017   9919.539846   -536.478136
PG31   9523.295754  16727.630641 -18234.181461   -191.397822
PG32  14092.003685  20700.682826   9283.575143   -217.459115
PR01   1627.715254  11644.239462  22632.037289     13.902806
PR02  19592.173108  11520.696775  11684.378496    528.249200
PR03  24541.596814   4316.848884  -5553.751181     62.727911
PR04  15698.779382  -4875.139167 -19486.133100    155.629124
PR05  -1636.505103 -11521.900335 -22688.820647     98.734918
PR07 -24362.983209  -3864.850478   6428.591370     40.132693
PR08 -15538.394650   5164.499418  19600.280286    -66.922778
PR09  -7607.986829  -8411.202291  22868.825052     73.794769
PR12  -8117.765357  18411.171954 -15636.726027     20.575274
PR13   6110.170107   9441.281625 -22902.371570    -26.225461
PR14  18095.735940  -6408.301679 -16767.374410     24.386686
PR15  18581.485258 -17442.707703   -973.260812     93.994051
PR17  11562.686833   4890.895253  22200.543531    556.553537
PR18   6721.167354 -12703.787411  21073.831826     39.820047
PR19   -313.064490 -23462.754802  10017.035768   -201.715191
PR20  -9081.700040 -21441.056569 -10375.030269    -77.390315
PR21 -11265.471473  -3361.635061 -22646.008502   -329.412849
PR24  10084.735812  20725.981828  10913.699979    111.572332
*  2022 08 29 08 26 00.00000000
PE02  13571.701146  11586.036543 -23612.157532    321.351333
PE03  21319.719853  19834.995019   5267.273534   -594.352259
PE04 -25690.437515  -7405.834993  12709.266772  -1103.806520
PE05   4309.693901  20871.653694  20540.763502   -149.062286
PE07  14918.574851  -9763.397681 -23623.964460   -700.764409
PE08  25640.086126   7289.832544 -12857.638683   -589.495521
PE09 -14900.109664   9612.047920  23704.330150   -639.623438
PE11 -12928.291994  20628.537013 -16855.306712   2444.549403
PE12 -16070.799067  -1221.948648 -24835.123851   -140.373145
PE13  13119.426744 -19999.141503  17438.485918    430.427383
PE15  15972.870417   1412.712226  24880.306647    723.859176
PE19 -19667.154666 -20743.666514  -7682.552567  -4678.454885
PE21   6288.060868 -19100.843069  21728.005746   -754.586210
PE24 -24394.470449  15542.988190  -6242.045818   -807.109818
PE25  -6613.524932  19135.315728 -21578.790726   -586.058293
PE26   2094.010635 -29513.465229  -1062.078024  -1550.398500
PE27  23757.919275 -16113.350613   7243.510537   -379.438817
PE30  26870.273047  -2879.521113 -12091.426151   -793.100069
PE31 -27080.213891   3650.089185  11395.065972   -502.521480
PE33  -9386.262546 -21870.469701 -17602.599906   -453.620108
PE36  -2602.595992  29484.062689    156.934497   -423.628579
PG01  13286.803201 -17607.047082  14231.072663    293.429896
PG02 -14932.848278   6423.574366 -20422.288307   -647.755621
PG03  22513.943130 -12410.030259  -6564.215577   -341.364130
PG05 -25394.248356   5249.368680  -6249.390003    -94.650394
PG06  -7822.663493 -18573.402403 -17201.087092    442.373387
PG07   5260.486602 -25750.237974   -139.285381    311.549548
PG08  19683.789949    129.817671  17954.617893    -82.402494
PG09   2405.572221 -16852.895766 -20453.446037   -302.654768
PG11 -13667.563785  -7201.176571 -21609.585831    -13.165757
PG12 -23878.463427  10242.731976  -5503.494663   -269.807592
PG13 -20756.768762  -9983.372514  13223.309688    377.118230
PG14  -3278.656759 -15106.702261  21601.478782   -106.933072
PG15 -19816.482277   2246.014621  17250.718253    -33.405058
PG16  24298.402363   2081.981735 -11333.856777   -522.357543
PG17 -10392.746192 -21547.026551  11910.401819    653.548862
PG18  -5452.236232  25919.967427    202.713269     66.411408
PG19 -17239.280677 -20292.955129   1674.946109    203.522889
PG20 -19927.794967  -3397.107339 -17103.093515    490.856754
PG21  15324.594572  -8249.164275  20475.966461    160.045482
PG22  18500.222518  19189.255262    135.653654    318.248058
PG23  -6021.976654  16689.887563  19713.436209    -38.335231
PG24 -14177.015962  14138.722628  16929.351445    153.436896
PG25 -14385.580349  16445.697399 -15195.717565    366.140711
PG26  18357.902155   6912.836448 -18134.981044    226.030486
PG27  22409.769328  11459.316161   8862.614243    216.398775
PG29  -3979.908923  15931.514348 -20903.974937   -546.951900
PG30  -2290.576193 -24446.311615   9891.759707   -536.478150
PG31   9516.518379  16749.746569 -18216.827195   -191.397817
PG32  14081.671003  20694.998789   9312.153477   -217.459230
PR01   1597.788726  11636.158315  22638.334272     13.902852
PR02  19577.344121  11514.651130  11715.191982    528.249026
PR03  24549.392316   4317.344074  -5519.108312     62.727909
PR04  15724.717564  -4868.597747 -19466.880671    155.629168
PR05  -1606.773484 -11512.747093 -22695.611816     98.734870
PR07 -24371.823093  -3865.736749   6394.233245     40.132723
PR08 -15564.310648   5157.962989  19581.353888    -66.922748
PR09  -7586.024856  -8433.402247  22867.872041     73.794818
PR12  -8132.338186  18426.965323 -15610.570813     20.575299
PR13   6088.112844   9463.529564 -22899.064193    -26.225508
PR14  18078.716491  -6392.783887 -16791.629739     24.386689
PR15  18579.459937 -17442.789169  -1008.862433     93.994059
PR17  11570.531844   4920.298043  22189.910489    556.553551
PR18   6726.798562 -12675.429292  21089.149692     39.820104
PR19   -312.564379 -23448.799568  10049.649852   -201.715169
PR20  -9086.811890 -21454.533547 -10342.630045    -77.390294
PR21 -11273.207989  -3391.690326 -22637.707352   -329.412903
PR24  10089.709785  20740.134965  10882.111483    111.572377
*  2022 08 29 08 26 10.00000000
PE02  13549.962074  11595.488194 -23619.988318    321.351347
PE03  21315.664655  19831.547847   5296.567702   -594.352300
PE04 -25701.017547  -7412.918247  12683.716327  -1103.806602
PE05   4293.080995  20859.460215  20556.625587   -149.062254
PE07  14937.894926  -9749.684797 -23617.410105   -700.764444
PE08  25650.895533   7296.864226 -12832.050071   -589.495594
PE09 -14919.560645   9598.389818  23697.642810   -639.623573
PE11 -12925.526735  20611.800636 -16877.903212   2444.547894
PE12 -16068.452544  -1246.772725 -24835.402123   -140.373332
PE13  13116.617159 -19981.787552  17460.472905    430.427388
PE15  15970.593288   1437.610585  24880.338170    723.859150
PE19 -19661.236409 -20738.666957  -7711.131033  -4678.453807
PE21   6307.749848 -19110.159485  21714.098457   -754.586229
PE24 -24399.856568  15546.246575  -6212.776245   -807.110028
PE25  -6633.111453  19144.589812 -21564.556197   -586.058307
PE26   2092.607241 -29514.651211  -1031.398696  -1550.398949
PE27  23764.168966 -16117.103840   7214.565494   -379.438911
PE30  26858.889221  -2875.242864 -12117.698347   -793.100384
PE31 -27069.470148   3646.116727  11421.868164   -502.521489
PE33  -9385.859467 -21888.181689 -17580.785474   -453.620109
PE36  -2600.910463  29484.363094    126.086249   -423.628638
PG01  13284.712074 -17588.370260  14255.897235    293.429827
PG02 -14930.579754   6396.339166 -20432.028104   -647.755557
PG03  22522.424807 -12410.466517  -6533.538990   -341.364201
PG05 -25388.005171   5244.205645  -6279.747929    -94.650357
PG06  -7817.062704 -18594.629752 -17180.690159    442.373519
PG07   5263.859773 -25748.853730   -171.139698    311.549519
PG08  19700.376914    145.424317  17936.685947    -82.402476
PG09   2426.036832 -16837.089505 -20464.119168   -302.654724
PG11 -13660.523352  -7227.679662 -21605.220435    -13.165776
PG12 -23885.545301  10241.955241  -5472.537246   -269.807639
PG13 -20766.457423  -9997.424429  13197.952210    377.118206
PG14  -3252.323321 -15114.458159  21599.927328   -106.933050
PG15 -19834.253192   2231.691479  17232.896186    -33.405002
PG16  24285.413318   2087.046578 -11360.955450   -522.357567
PG17 -10381.161312 -21538.178108  11937.527691    653.548857
PG18  -5454.802181  25919.668563    170.620379     66.411282
PG19 -17236.088084 -20292.605293   1706.797000    203.522925
PG20 -19909.514812  -3409.325661 -17122.161166    490.856672
PG21  15323.123244  -8224.320762  20488.126455    160.045505
PG22  18498.552362  19191.309919    167.326297    318.248108
PG23  -6045.853691  16697.589926  19699.490774    -38.335238
PG24 -14177.041719  14116.218443  16948.176400    153.436777
PG25 -14404.153281  16449.854997 -15172.910964    366.140754
PG26  18337.432444   6923.087424 -18151.536031    226.030500
PG27  22417.061879  11468.320304   8833.577347    216.398750
PG29  -3998.974650  15913.229965 -20914.363374   -546.951910
PG30  -2284.687336 -24457.888273   9863.958298   -536.478149
PG31   9509.757956  16771.845463 -18199.433961   -191.397824
PG32  14071.308031  20689.297549   9340.712335   -217.459343
PR01   1567.847437  11628.099046  22644.576895     13.902816
PR02  19562.470025  11508.605760  11745.977548    528.249134
PR03  24557.142769   4317.819882  -5484.452209     62.727882
PR04  15750.635814  -4862.085019 -19447.581399    155.629171
PR05  -1577.025520 -11503.615682 -22702.348419     98.734830
PR07 -24380.618568  -3866.602912   6359.859708     40.132717
PR08 -15590.207226   5151.454740  19562.380627    -66.922825
PR09  -7564.081131  -8455.618491  22866.864250     73.794847
PR12  -8146.872734  18442.745339 -15584.377985     20.575293
PR13   6066.076671   9485.791993 -22895.701854    -26.225520
PR14  18061.685794  -6377.229277 -16815.844668     24.386726
PR15  18577.399763 -17442.835024  -1044.461651     93.994042
PR17  11578.398101   4949.680159  22179.224088    556.553585
PR18   6732.458573 -12647.055703  21104.416895     39.820103
PR19   -312.043302 -23434.801261  10082.239829   -201.715116
PR20  -9091.926322 -21467.962884 -10310.204917    -77.390231
PR21 -11280.967279  -3421.727975 -22629.351888   -329.412923
PR24  10094.685494  20754.242015  10850.496813    111.572361
*  2022 08 29 08 26 20.00000000
PE02  13528.223176  11604.959890 -23627.782789    321.351375
PE03  21311.582965  19828.086649   5325.853722   -594.352340
PE04 -25711.582072  -7419.978635  12658.146392  -1103.806689
PE05   4276.445994  20847.270014  20572.456074   -149.062225
PE07  14957.219967  -9735.990291 -23610.819441   -700.764471
PE08  25661.689373   7303.872815 -12806.441725   -589.495648
PE09 -14939.016543   9584.750444  23690.919056   -639.623705
PE11 -12922.772932  20595.039550 -16900.473796   2444.546356
PE12 -16066.126095  -1271.598957 -24835.642251   -140.373540
PE13  13113.819718 -19964.409430  17482.433054    430.427389
PE15  15968.336423   1462.510806  24880.331455    723.859125
PE19 -19655.291084 -20733.655202  -7739.697644  -4678.452745
PE21   6327.418899 -19119.485413  21700.157811   -754.586257
PE24 -24405.213377  15549.497143  -6183.497113   -807.110242
PE25  -6652.677764  19153.873175 -21550.288487   -586.058320
PE26   2091.200039 -29515.805502  -1000.717783  -1550.399391
PE27  23770.389323 -16120.849975   7185.609368   -379.439000
PE30  26847.484675  -2870.945110 -12143.951927   -793.100692
PE31 -27058.705026   3642.124922  11448.652808   -502.521502
PE33  -9385.472773 -21905.872260 -17558.944024   -453.620114
PE36  -2599.221904  29484.631395     95.237807   -423.628690
PG01  13282.626000 -17569.660987  14280.690385    293.429753
PG02 -14928.325441   6369.089735 -20441.722104   -647.755522
PG03  22530.869763 -12410.895229  -6502.848457   -341.364279
PG05 -25381.729701   5239.025254  -6310.092662    -94.650306
PG06  -7811.480264 -18615.835302 -17160.256407    442.373650
PG07   5267.226230 -25747.431551   -202.993639    311.549479
PG08  19716.955583    161.006550  17918.716195    -82.402315
PG09   2446.520653 -16821.286450 -20474.749015   -302.654696
PG11 -13653.499791  -7254.181485 -21600.809096    -13.165805
PG12 -23892.590188  10241.172459  -5441.568182   -269.807740
PG13 -20776.133416 -10011.446270  13172.566646    377.118197
PG14  -3225.996020 -15122.228359  21598.329937   -106.933032
PG15 -19852.012415   2217.390582  17215.036654    -33.404957
PG16  24272.394812   2092.127218 -11388.030833   -522.357569
PG17 -10369.547353 -21529.313052  11964.628627    653.548851
PG18  -5457.359793  25919.331621    138.527122     66.411151
PG19 -17232.867944 -20292.228327   1738.644307    203.523012
PG20 -19891.220342  -3421.565148 -17141.192055    490.856624
PG21  15321.664842  -8199.462598  20500.244370    160.045497
PG22  18496.856083  19193.336843    198.998587    318.248175
PG23  -6069.709788  16705.300308  19685.503249    -38.335262
PG24 -14177.076507  14093.690597  16966.963875    153.436642
PG25 -14422.697352  16454.013626 -15150.072274    366.140794
PG26  18316.949115   6933.357473 -18168.053067    226.030507
PG27  22424.332435  11477.295869   8804.521916    216.398705
PG29  -4018.060684  15894.948104 -20924.707430   -546.951915
PG30  -2278.811645 -24469.433955   9836.135688   -536.478158
PG31   9503.014471  16793.927256 -18182.001801   -191.397869
PG32  14060.914771  20683.579156   9369.251644   -217.459465
PR01   1537.891477  11620.061707  22650.765113     13.902798
PR02  19547.550797  11502.560752  11776.735056    528.249307
PR03  24564.848128   4318.276371  -5449.782964     62.727870
PR04  15776.534033  -4855.600967 -19428.235342    155.629181
PR05  -1547.261303 -11494.506139 -22709.030448     98.734789
PR07 -24389.369584  -3867.449032   6325.470863     40.132758
PR08 -15616.084268   5144.974662  19543.360560    -66.922931
PR09  -7542.155721  -8477.850965  22865.801665     73.794892
PR12  -8161.368988  18458.511913 -15558.147614     20.575304
PR13   6044.061649   9508.068831 -22892.284575    -26.225551
PR14  18044.643941  -6361.637864 -16840.019116     24.386693
PR15  18575.304786 -17442.845210  -1080.058359     93.994088
PR17  11586.285541   4979.041530  22168.484401    556.553593
PR18   6738.147391 -12618.666750  21119.633416     39.820113
PR19   -311.501195 -23420.759944  10114.805602   -201.715180
PR20  -9097.043262 -21481.344519 -10277.754975    -77.390283
PR21 -11288.749303  -3451.747902 -22620.942131   -329.412947
PR24  10099.662852  20768.302967  10818.856062    111.572470
*  2022 08 29 08 26 30.00000000
PE02  13506.484505  11614.451622 -23635.540932    321.351403
PE03  21307.474767  19824.611466   5355.131548   -594.352369
PE04 -25722.131045  -7427.016173  12632.557005  -1103.806780
PE05   4259.788918  20835.083137  20588.254938   -149.062194
PE07  14976.549929  -9722.314184 -23604.192477   -700.764487
PE08  25672.467603   7310.858326 -12780.813682   -589.495707
PE09 -14958.477312   9571.129821  23684.158899   -639.623840
PE11 -12920.030623  20578.253789 -16923.018429   2444.544826
PE12 -16063.819727  -1296.427292 -24835.844234   -140.373740
PE13  13111.034459 -19947.007171  17504.366332    430.427386
PE15  15966.099827   1487.412834  24880.286500    723.859092
PE19 -19649.318679 -20728.631292  -7768.252356  -4678.451702
PE21   6347.067988 -19128.820813  21686.183831   -754.586281
PE24 -24410.540882  15552.739849  -6154.208467   -807.110456
PE25  -6672.223833  19163.165778 -21535.987619   -586.058330
PE26   2089.789076 -29516.928097   -970.035332  -1550.399828
PE27  23776.580349 -16124.588971   7156.642203   -379.439080
PE30  26836.059446  -2866.627824 -12170.186849   -793.101005
PE31 -27047.918564   3638.113744  11475.419864   -502.521518
PE33  -9385.102432 -21923.541372 -17537.075589   -453.620096
PE36  -2597.530363  29484.867585     64.389220   -423.628749
PG01  13280.545028 -17550.919301  14305.452061    293.429682
PG02 -14926.085361   6341.826140 -20451.370283   -647.755477
PG03  22539.277992 -12411.316343  -6472.144042   -341.364351
PG05 -25375.421983   5233.827469  -6340.424138    -94.650246
PG06  -7805.916153 -18637.018994 -17139.785879    442.373783
PG07   5270.586022 -25745.971428   -234.847134    311.549419
PG08  19733.525895    176.564357  17900.708675    -82.402289
PG09   2467.023645 -16805.486656 -20485.335553   -302.654654
PG11 -13646.493112  -7280.681975 -21596.351824    -13.165823
PG12 -23899.598082  10240.383577  -5410.587536   -269.807819
PG13 -20785.796682 -10025.438032  13147.153051    377.118235
PG14  -3199.674917 -15130.012837  21596.686613   -106.933018
PG15 -19869.759886   2203.111936  17197.139698    -33.404931
PG16  24259.346888   2097.223691 -11415.082873   -522.357592
PG17 -10357.904311 -21520.431443  11991.704571    653.548897
PG18  -5459.909120  25918.956588    106.433569     66.411020
PG19 -17229.620221 -20291.824269   1770.487963    203.523076
PG20 -19872.911618  -3433.825803 -17160.186143    490.856605
PG21  15320.219392  -8174.589841  20512.320185    160.045484
PG22  18495.133647  19195.336072    230.670459    318.248220
PG23  -6093.544896  16713.018665  19671.473664    -38.335273
PG24 -14177.120360  14071.139143  16985.713829    153.436509
PG25 -14441.212529  16458.173236 -15127.201543    366.140835
PG26  18296.452226   6943.646598 -18184.532115    226.030526
PG27  22431.580945  11486.242873   8775.448012    216.398671
PG29  -4037.166990  15876.668823 -20935.007085   -546.951918
PG30  -2272.949084 -24480.948621   9808.291934   -536.478169
PG31   9496.287909  16815.991889 -18164.530751   -191.397908
PG32  14050.491216  20677.843665   9397.771346   -217.459587
PR01   1507.920935  11612.046334  22656.898910     13.902838
PR02  19532.586465  11496.516183  11807.464435    528.249341
PR03  24572.508354   4318.713607  -5415.100661     62.727865
PR04  15802.412131  -4849.145573 -19408.842546    155.629125
PR05  -1517.480921 -11485.418503 -22715.657889     98.734748
PR07 -24398.076094  -3868.275170   6291.066792     40.132701
PR08 -15641.941687   5138.522736  19524.293730    -66.922911
PR09  -7520.248688  -8500.099600  22864.684290     73.794934
PR12  -8175.826941  18474.264958 -15531.879763     20.575293
PR13   6022.067840   9530.360007 -22888.812365    -26.225550
PR14  18027.591017  -6346.009660 -16864.153023     24.386652
PR15  18573.175062 -17442.819677  -1115.652471     93.994118
PR17  11594.194117   5008.382071  22157.691456    556.553655
PR18   6743.865029 -12590.262527  21134.799218     39.820150
PR19   -310.937997 -23406.675674  10147.347093   -201.715257
PR20  -9102.162630 -21494.678423 -10245.280297    -77.390284
PR21 -11296.554020  -3481.750019 -22612.478102   -329.412957
PR24  10104.641782  20782.317792  10787.189304    111.572573
*  2022 08 29 08 26 40.00000000
PE02  13484.746110  11623.963380 -23643.262736    321.351423
PE03  21303.340043  19821.122341   5384.401134   -594.352418
PE04 -25732.664424  -7434.030875  12606.948207  -1103.806864
PE05   4243.109790  20822.899627  20604.022156   -149.062159
PE07  14995.884764  -9708.656496 -23597.529223   -700.764526
PE08  25683.230179   7317.820776 -12755.165983   -589.495792
PE09 -14977.942904   9557.527968  23677.362350   -639.623977
PE11 -12917.299847  20561.443387 -16945.537076   2444.543302
PE12 -16061.533443  -1321.257674 -24836.008072   -140.373936
PE13  13108.261420 -19929.580812  17526.272705    430.427391
PE15  15963.883505   1512.316615  24880.203306    723.859075
PE19 -19643.319184 -20723.595272  -7796.795125  -4678.450647
PE21   6366.697082 -19138.165647  21672.176538   -754.586300
PE24 -24415.839090  15555.974647  -6124.910351   -807.110662
PE25  -6691.749625  19172.467583 -21521.653615   -586.058346
PE26   2088.374400 -29518.018988   -939.351392  -1550.400264
PE27  23782.742048 -16128.320780   7127.664044   -379.439175
PE30  26824.613576  -2862.290982 -12196.403074   -793.101305
PE31 -27037.110801   3634.083165  11502.169289   -502.521516
PE33  -9384.748415 -21941.188984 -17515.180202   -453.620099
PE36  -2595.835889  29485.071661     33.540533   -423.628807
PG01  13278.469210 -17532.145242  14330.182206    293.429602
PG02 -14923.859539   6314.548447 -20460.972617   -647.755441
PG03  22547.649493 -12411.729803  -6441.425811   -341.364442
PG05 -25369.082054   5228.612251  -6370.742295    -94.650223
PG06  -7800.370345 -18658.180765 -17119.278621    442.373911
PG07   5273.939200 -25744.473350   -266.700114    311.549372
PG08  19750.087788    192.097725  17882.663428    -82.402253
PG09   2487.545772 -16789.690174 -20495.878762   -302.654618
PG11 -13639.503324  -7307.181064 -21591.848629    -13.165847
PG12 -23906.568980  10239.588542  -5379.595374   -269.807888
PG13 -20795.447162 -10039.399713  13121.711481    377.118315
PG14  -3173.360075 -15137.811571  21594.997358   -106.933007
PG15 -19887.495547   2188.855548  17179.205358    -33.404907
PG16  24246.269589   2102.336032 -11442.111514   -522.357626
PG17 -10346.232182 -21511.533337  12018.755467    653.548980
PG18  -5462.450213  25918.543453     74.339788     66.410881
PG19 -17226.344881 -20291.393159   1802.327902    203.523119
PG20 -19854.588700  -3446.107625 -17179.143389    490.856577
PG21  15318.786922  -8149.702549  20524.353880    160.045493
PG22  18493.385019  19197.307642    262.341845    318.248278
PG23  -6117.358964  16720.744953  19657.402049    -38.335290
PG24 -14177.173314  14048.564131  17004.426222    153.436379
PG25 -14459.698780  16462.333778 -15104.298818    366.140875
PG26  18275.941836   6953.954803 -18200.973140    226.030540
PG27  22438.807356  11495.161336   8746.355697    216.398642
PG29  -4056.293535  15858.392181 -20945.262316   -546.951948
PG30  -2267.099618 -24492.432233   9780.427097   -536.478182
PG31   9489.578254  16838.039299 -18147.020846   -191.397928
PG32  14040.037356  20672.091128   9426.271381   -217.459696
PR01   1477.935899  11604.052962  22662.978272     13.902835
PR02  19517.577058  11490.472130  11838.165610    528.249411
PR03  24580.123402   4319.131654  -5380.405382     62.727868
PR04  15828.270018  -4842.718822 -19389.403059    155.629139
PR05  -1487.684461 -11476.352815 -22722.230724     98.734761
PR07 -24406.738054  -3869.081392   6256.647579     40.132696
PR08 -15667.779393   5132.098947  19505.180183    -66.922856
PR09  -7498.360098  -8522.364328  22863.512126     73.794935
PR12  -8190.246584  18490.004389 -15505.574496     20.575281
PR13   6000.095307   9552.665447 -22885.285232    -26.225564
PR14  18010.527110  -6330.344678 -16888.246333     24.386650
PR15  18571.010645 -17442.758372  -1151.243902     93.994045
PR17  11602.123785   5037.701696  22146.845276    556.553658
PR18   6749.611497 -12561.843131  21149.914266     39.820161
PR19   -310.353647 -23392.548509  10179.864224   -201.715165
PR20  -9107.284349 -21507.964567 -10212.780962    -77.390284
PR21 -11304.381389  -3511.734237 -22603.959820   -329.413002
PR24  10109.622207  20796.286460  10755.496618    111.572537
*  2022 08 29 08 26 50.00000000
PE02  13463.008044  11633.495155 -23650.948189    321.351448
PE03  21299.178780  19817.619317   5413.662438   -594.352454
PE04 -25743.182163  -7441.022759  12581.320036  -1103.806938
PE05   4226.408631  20810.719529  20619.757702   -149.062119
PE07  15015.224428  -9695.017249 -23590.829690   -700.764560
PE08  25693.977055   7324.760179 -12729.498667   -589.495850
PE09 -14997.413273   9543.944906  23670.529420   -639.624110
PE11 -12914.580642  20544.608377 -16968.029704   2444.541767
PE12 -16059.267250  -1346.090050 -24836.133764   -140.374147
PE13  13105.500638 -19912.130386  17548.152139    430.427394
PE15  15961.687463   1537.222093  24880.081874    723.859051
PE19 -19637.292585 -20718.547187  -7825.325908  -4678.449589
PE21   6386.306146 -19147.519877  21658.135953   -754.586320
PE24 -24421.108007  15559.201490  -6095.602811   -807.110872
PE25  -6711.255108  19181.778550 -21507.286497   -586.058362
PE26   2086.956058 -29519.078170   -908.666008  -1550.400706
PE27  23788.874426 -16132.045358   7098.674934   -379.439273
PE30  26813.147105  -2857.934556 -12222.600562   -793.101612
PE31 -27026.281777   3630.033158  11528.901044   -502.521515
PE33  -9384.410690 -21958.815052 -17493.257898   -453.620118
PE36  -2594.138530  29485.243617      2.691795   -423.628866
PG01  13276.398596 -17513.338847  14354.880767    293.429533
PG02 -14921.647996   6287.256724 -20470.529084   -647.755448
PG03  22555.984261 -12412.135554  -6410.693829   -341.364521
PG05 -25362.709949   5223.379561  -6401.047068    -94.650291
PG06  -7794.842820 -18679.320555 -17098.734675    442.374035
PG07   5277.285811 -25742.937307   -298.552508    311.549328
PG08  19766.641204    207.606643  17864.580491    -82.402289
PG09   2508.086997 -16773.897059 -20506.378619   -302.654579
PG11 -13632.530438  -7333.678685 -21587.299520    -13.165871
PG12 -23913.502878  10238.787301  -5348.591761   -269.807942
PG13 -20805.084800 -10053.331309  13096.241989    377.118426
PG14  -3147.051557 -15145.624541  21593.262175   -106.932976
PG15 -19905.219336   2174.621425  17161.233676    -33.404875
PG16  24233.162960   2107.464276 -11469.116701   -522.357636
PG17 -10334.530961 -21502.618795  12045.781262    653.549162
PG18  -5464.983123  25918.092205     42.245847     66.410744
PG19 -17223.041887 -20290.935036   1834.164056    203.523159
PG20 -19836.251650  -3458.410615 -17198.063753    490.856572
PG21  15317.367457  -8124.800781  20536.345433    160.045516
PG22  18491.610161  19199.251592    294.012679    318.248328
PG23  -6141.151943  16728.479129  19643.288434    -38.335299
PG24 -14177.235402  14025.965613  17023.101011    153.436235
PG25 -14478.156073  16466.495200 -15081.364146    366.140904
PG26  18255.418006   6964.282090 -18217.376108    226.030548
PG27  22446.011620  11504.051278   8717.245032    216.398605
PG29  -4075.440284  15840.118237 -20955.473102   -546.951986
PG30  -2261.263211 -24503.884752   9752.541235   -536.478190
PG31   9482.885492  16860.069424 -18129.472122   -191.397948
PG32  14029.553184  20666.321599   9454.751689   -217.459816
PR01   1447.936457  11596.081630  22669.003184     13.902823
PR02  19502.522605  11484.428670  11868.838509    528.249283
PR03  24587.693233   4319.530579  -5345.697211     62.727780
PR04  15854.107603  -4836.320695 -19369.916927    155.629182
PR05  -1457.872012 -11467.309116 -22728.748938     98.734757
PR07 -24415.355418  -3869.867760   6222.213305     40.132605
PR08 -15693.597297   5125.703277  19486.019965    -66.922781
PR09  -7476.490014  -8544.645079  22862.285177     73.794934
PR12  -8204.627912  18505.730121 -15479.231875     20.575289
PR13   5978.144110   9574.985079 -22881.703184    -26.225590
PR14  17993.452303  -6314.642931 -16912.298986     24.386703
PR15  18568.811593 -17442.661246  -1186.832565     93.994008
PR17  11610.074500   5067.000319  22135.945889    556.553666
PR18   6755.386807 -12533.408656  21164.978524     39.820185
PR19   -309.748081 -23378.378505  10212.356917   -201.715176
PR20  -9112.408338 -21521.202925 -10180.257047    -77.390190
PR21 -11312.231370  -3541.700466 -22595.387307   -329.412994
PR24  10114.604050  20810.208943  10723.778077    111.572693
*  2022 08 29 08 27 00.00000000
PE02  13441.270361  11643.046933 -23658.597275    321.351471
PE03  21294.990963  19814.102437   5442.915405   -594.352492
PE04 -25753.684220  -7447.991842  12555.672534  -1103.807021
PE05   4209.685467  20798.542888  20635.461551   -149.062085
PE07  15034.568871  -9681.396465 -23584.093889   -700.764598
PE08  25704.708183   7331.676549 -12703.811778   -589.495921
PE09 -15016.888370   9530.380657  23663.660120   -639.624233
PE11 -12911.873047  20527.748798 -16990.496275   2444.540237
PE12 -16057.021154  -1370.924361 -24836.221308   -140.374361
PE13  13102.752155 -19894.655935  17570.004594    430.427394
PE15  15959.511704   1562.129210  24879.922203    723.859033
PE19 -19631.238878 -20713.487078  -7853.844648  -4678.448552
PE21   6405.895145 -19156.883461  21644.062100   -754.586336
PE24 -24426.347637  15562.420331  -6066.285896   -807.111081
PE25  -6730.740244  19191.098637 -21492.886288   -586.058370
PE26   2085.534099 -29520.105631   -877.979234  -1550.401147
PE27  23794.977482 -16135.762654   7069.674924   -379.439357
PE30  26801.660073  -2853.558523 -12248.779267   -793.101925
PE31 -27015.431531   3625.963695  11555.615080   -502.521525
PE33  -9384.089224 -21976.419535 -17471.308712   -453.620104
PE36  -2592.438336  29485.383454    -28.156942   -423.628913
PG01  13274.333236 -17494.500161  14379.547670    293.429462
PG02 -14919.450752   6259.951041 -20480.039670   -647.755468
PG03  22564.282296 -12412.533543  -6379.948174   -341.364600
PG05 -25356.305707   5218.129363  -6431.338387    -94.650371
PG06  -7789.333546 -18700.438304 -17078.154093    442.374168
PG07   5280.625909 -25741.363299   -330.404242    311.549286
PG08  19783.186076    223.091096  17846.459917    -82.402299
PG09   2528.647277 -16758.107369 -20516.835103   -302.654536
PG11 -13625.574460  -7360.174765 -21582.704509    -13.165893
PG12 -23920.399780  10237.979799  -5317.576772   -269.807997
PG13 -20814.709534 -10067.232817  13070.744642    377.118544
PG14  -3120.749425 -15153.451721  21591.481078   -106.932964
PG15 -19922.931198   2160.409572  17143.224690    -33.404867
PG16  24220.027048   2112.608455 -11496.098371   -522.357699
PG17 -10322.800649 -21493.687878  12072.781903    653.549371
PG18  -5467.507903  25917.602830     10.151823     66.410624
PG19 -17219.711195 -20290.449934   1865.996353    203.523194
PG20 -19817.900533  -3470.734772 -17216.947191    490.856542
PG21  15315.961022  -8099.884601  20548.294827    160.045536
PG22  18489.809042  19201.167958    325.682883    318.248365
PG23  -6164.923778  16736.221147  19629.132848    -38.335318
PG24 -14177.306657  14003.343647  17041.738152    153.436122
PG25 -14496.584382  16470.657450 -15058.397587    366.140949
PG26  18234.880804   6974.628458 -18233.740977    226.030570
PG27  22453.193681  11512.912713   8688.116096    216.398576
PG29  -4094.607202  15821.847055 -20965.639418   -546.952053
PG30  -2255.439824 -24515.306141   9724.634418   -536.478191
PG31   9476.209608  16882.082197 -18111.884624   -191.397933
PG32  14019.038700  20660.535130   9483.212199   -217.459928
PR01   1417.922703  11588.132385  22674.973603     13.902774
PR02  19487.423083  11478.385888  11899.482993    528.249179
PR03  24595.217802   4319.910444  -5310.976243     62.727857
PR04  15879.924787  -4829.951176 -19350.384207    155.629133
PR05  -1428.043665 -11458.287441 -22735.212528     98.734746
PR07 -24423.928135  -3870.634337   6187.764074     40.132616
PR08 -15719.395286   5119.335715  19466.813130    -66.922776
PR09  -7454.638503  -8566.941794  22861.003429     73.794988
PR12  -8218.970909  18521.442065 -15452.851970     20.575338
PR13   5956.214313   9597.318822 -22878.066244    -26.225575
PR14  17976.366691  -6298.904432 -16936.310902     24.386653
PR15  18566.577955 -17442.528241  -1222.418354     93.993960
PR17  11618.046197   5096.277869  22124.993366    556.553698
PR18   6761.190963 -12504.959206  21179.991972     39.820189
PR19   -309.121239 -23364.165725  10244.825074   -201.715210
PR20  -9117.534525 -21534.393437 -10147.708644    -77.390031
PR21 -11320.103919  -3571.648604 -22586.760585   -329.413055
PR24  10119.587223  20824.085232  10692.033774    111.572759
*  2022 08 29 08 27 10.00000000
PE02  13419.533102  11652.618710 -23666.209990    321.351496
PE03  21290.776570  19810.571738   5472.160005   -594.352522
PE04 -25764.170550  -7454.938135  12530.005736  -1103.807110
PE05   4192.940311  20786.369747  20651.133682   -149.062042
PE07  15053.918051  -9667.794161 -23577.321829   -700.764625
PE08  25715.423527   7338.569908 -12678.105346   -589.495979
PE09 -15036.368152   9516.835240  23656.754457   -639.624362
PE11 -12909.177102  20510.864674 -17012.936759   2444.538692
PE12 -16054.795157  -1395.760562 -24836.270709   -140.374569
PE13  13100.016003 -19877.157485  17591.830049    430.427397
PE15  15957.356232   1587.037921  24879.724294    723.859015
PE19 -19625.158040 -20708.414997  -7882.351326  -4678.447538
PE21   6425.464051 -19166.256365  21629.954996   -754.586360
PE24 -24431.557990  15565.631128  -6036.959643   -807.111298
PE25  -6750.205010  19200.427812 -21478.453009   -586.058385
PE26   2084.108570 -29521.101374   -847.291106  -1550.401588
PE27  23801.051229 -16139.472628   7040.664048   -379.439445
PE30  26790.152519  -2849.162854 -12274.939158   -793.102229
PE31 -27004.560101   3621.874752  11582.311370   -502.521532
PE33  -9383.783990 -21994.002395 -17449.332673   -453.620110
PE36  -2590.735355  29485.491160    -59.005641   -423.628959
PG01  13272.273179 -17475.629211  14404.182897    293.429397
PG02 -14917.267838   6232.631456 -20489.504332   -647.755468
PG03  22572.543590 -12412.923714  -6349.188887   -341.364664
PG05 -25349.869362   5212.861614  -6461.616204    -94.650412
PG06  -7783.842514 -18721.533951 -17057.536905    442.374304
PG07   5283.959535 -25739.751293   -362.255254    311.549238
PG08  19799.722353    238.551076  17828.301719    -82.402331
PG09   2549.226584 -16742.321146 -20527.248191   -302.654482
PG11 -13618.635401  -7386.669250 -21578.063602    -13.165908
PG12 -23927.259666  10237.165984  -5286.550455   -269.808030
PG13 -20824.321312 -10081.104237  13045.219474    377.118645
PG14  -3094.453744 -15161.293095  21589.654051   -106.932939
PG15 -19940.631071   2146.219996  17125.178448    -33.404891
PG16  24206.861889   2117.768610 -11523.056484   -522.357726
PG17 -10311.041229 -21484.740638  12099.757327    653.549485
PG18  -5470.024604  25917.075323    -21.942230     66.410500
PG19 -17216.352788 -20289.937905   1897.824737    203.523247
PG20 -19799.535402  -3483.080103 -17235.793671    490.856506
PG21  15314.567646  -8074.954056  20560.202036    160.045577
PG22  18487.981621  19203.056778    357.352413    318.248446
PG23  -6188.674430  16743.970968  19614.935321    -38.335323
PG24 -14177.387117  13980.698271  17060.337611    153.435997
PG25 -14514.983663  16474.820482 -15035.399161    366.140989
PG26  18214.330268   6984.993920 -18250.067725    226.030591
PG27  22460.353495  11521.745670   8658.968919    216.398548
PG29  -4113.794257  15803.578684 -20975.761252   -546.952119
PG30  -2249.629426 -24526.696357   9696.706685   -536.478199
PG31   9469.550585  16904.077567 -18094.258369   -191.397984
PG32  14008.493878  20654.731778   9511.652875   -217.460038
PR01   1387.894715  11580.205237  22680.889574     13.902778
PR02  19472.278625  11472.343844  11930.099119    528.249369
PR03  24602.697073   4320.271320  -5276.242538     62.727906
PR04  15905.721500  -4823.610245 -19330.804926    155.629107
PR05  -1398.199499 -11449.287840 -22741.621455     98.734731
PR07 -24432.456169  -3871.381189   6153.299929     40.132643
PR08 -15745.173317   5112.996232  19447.559705    -66.922857
PR09  -7432.805623  -8589.254388  22859.666915     73.795046
PR12  -8233.275583  18537.140143 -15426.434834     20.575353
PR13   5934.305975   9619.666620 -22874.374391    -26.225593
PR14  17959.270342  -6283.129198 -16960.282070     24.386659
PR15  18564.309800 -17442.359320  -1258.001227     93.993988
PR17  11626.038866   5125.534232  22113.987641    556.553727
PR18   6767.023991 -12476.494859  21194.954541     39.820198
PR19   -308.473061 -23349.910217  10277.268656   -201.715298
PR20  -9122.662817 -21547.536134 -10115.135805    -77.390053
PR21 -11327.999002  -3601.578591 -22578.079670   -329.413111
PR24  10124.571672  20837.915261  10660.263756    111.572722
*  2022 08 29 08 27 20.00000000
PE02  13397.796325  11662.210472 -23673.786318    321.351523
PE03  21286.535587  19807.027267   5501.396186   -594.352564
PE04 -25774.641110  -7461.861657  12504.319684  -1103.807187
PE05   4176.173191  20774.200150  20666.774071   -149.062011
PE07  15073.271920  -9654.210360 -23570.513519   -700.764658
PE08  25726.123038   7345.440269 -12652.379416   -589.496045
PE09 -15055.852569   9503.308675  23649.812444   -639.624498
PE11 -12906.492844  20493.956044 -17035.351120   2444.537171
PE12 -16052.589265  -1420.598593 -24836.281964   -140.374766
PE13  13097.292222 -19859.635076  17613.628464    430.427400
PE15  15955.221054   1611.948166  24879.488146    723.858987
PE19 -19619.050066 -20703.330984  -7910.845886  -4678.446490
PE21   6445.012828 -19175.638550  21615.814665   -754.586387
PE24 -24436.739071  15568.833834  -6007.624101   -807.111496
PE25  -6769.649369  19209.766032 -21463.986682   -586.058395
PE26   2082.679518 -29522.065389   -816.601676  -1550.402030
PE27  23807.095666 -16143.175229   7011.642356   -379.439536
PE30  26778.624484  -2844.747527 -12301.080191   -793.102539
PE31 -26993.667527   3617.766301  11608.989865   -502.521539
PE33  -9383.494954 -22011.563588 -17427.329818   -453.620111
PE36  -2589.029634  29485.566735    -89.854250   -423.629021
PG01  13270.218476 -17456.726042  14428.786374    293.429333
PG02 -14915.099272   6205.298041 -20498.923056   -647.755448
PG03  22580.768144 -12413.306012  -6318.416045   -341.364736
PG05 -25343.400951   5207.576278  -6491.880447    -94.650401
PG06  -7778.369692 -18742.607434 -17036.883162    442.374445
PG07   5287.286742 -25738.101293   -394.105470    311.549204
PG08  19816.249970    253.986571  17810.105950    -82.402354
PG09   2569.824876 -16726.538447 -20537.617861   -302.654433
PG11 -13611.713270  -7413.162067 -21573.376811    -13.165923
PG12 -23934.082540  10236.345802  -5255.512884   -269.808039
PG13 -20833.920073 -10094.945563  13019.666549    377.118656
PG14  -3068.164575 -15169.148638  21587.781105   -106.932915
PG15 -19958.318896   2132.052701  17107.094986    -33.404959
PG16  24193.667529   2122.944773 -11549.990977   -522.357760
PG17 -10299.252703 -21475.777137  12126.707485    653.549592
PG18  -5472.533277  25916.509669    -54.036235     66.410383
PG19 -17212.966621 -20289.398982   1929.649135    203.523303
PG20 -19781.156323  -3495.446605 -17254.603150    490.856461
PG21  15313.187353  -8050.009210  20572.067041    160.045579
PG22  18486.127867  19204.918090    389.021191    318.248510
PG23  -6212.403844  16751.728547  19600.695883    -38.335325
PG24 -14177.476815  13958.029544  17078.899344    153.435886
PG25 -14533.353891  16478.984243 -15012.368929    366.141035
PG26  18193.766468   6995.378474 -18266.356311    226.030610
PG27  22467.491007  11530.550163   8629.803578    216.398524
PG29  -4133.001413  15785.313187 -20985.838577   -546.952191
PG30  -2243.831978 -24538.055365   9668.758108   -536.478191
PG31   9462.908408  16926.055468 -18076.593402   -191.397996
PG32  13997.918721  20648.911595   9540.073647   -217.460139
PR01   1357.852586  11572.300234  22686.751052     13.902760
PR02  19457.089208  11466.302624  11960.686749    528.249499
PR03  24610.131002   4320.613270  -5241.496191     62.727838
PR04  15931.497641  -4817.297885 -19311.179142    155.629121
PR05  -1368.339608 -11440.310347 -22747.975715     98.734705
PR07 -24440.939472  -3872.108379   6118.820973     40.132672
PR08 -15770.931277   5106.684816  19428.259745    -66.922858
PR09  -7410.991441  -8611.582799  22858.275622     73.795089
PR12  -8247.541921  18552.824265 -15399.980535     20.575344
PR13   5912.419159   9642.028391 -22870.627650    -26.225564
PR14  17942.163352  -6267.317241 -16984.212407     24.386622
PR15  18562.007178 -17442.154427  -1293.581077     93.993944
PR17  11634.052443   5154.769338  22102.928786    556.553741
PR18   6772.885893 -12448.015720  21209.866213     39.820216
PR19   -307.803486 -23335.612043  10309.687565   -201.715311
PR20  -9127.793141 -21560.630960 -10082.538621    -77.390109
PR21 -11335.916573  -3631.490324 -22569.344587   -329.413122
PR24  10129.557309  20851.699021  10628.468113    111.572800
*  2022 08 29 08 27 30.00000000
PE02  13376.060080  11671.822208 -23681.326248    321.351552
PE03  21282.268001  19803.469065   5530.623903   -594.352602
PE04 -25785.095856  -7468.762423  12478.614417  -1103.807265
PE05   4159.384127  20762.034142  20682.382691   -149.061974
PE07  15092.630430  -9640.645082 -23563.668972   -700.764693
PE08  25736.806673   7352.287648 -12626.634026   -589.496111
PE09 -15075.341576   9489.800984  23642.834091   -639.624635
PE11 -12903.820312  20477.022942 -17057.739323   2444.535644
PE12 -16050.403484  -1445.438402 -24836.255072   -140.374969
PE13  13094.580850 -19842.088743  17635.399807    430.427402
PE15  15953.106172   1636.859891  24879.213761    723.858965
PE19 -19612.914943 -20698.235085  -7939.328284  -4678.445471
PE21   6464.541444 -19185.029974  21601.641129   -754.586408
PE24 -24441.890887  15572.028401  -5978.279314   -807.111706
PE25  -6789.073286  19219.113259 -21449.487329   -586.058403
PE26   2081.246992 -29522.997669   -785.910992  -1550.402464
PE27  23813.110799 -16146.870413   6982.609892   -379.439621
PE30  26767.076008  -2840.312514 -12327.202326   -793.102844
PE31 -26982.753850   3613.638314  11635.650526   -502.521543
PE33  -9383.222085 -22029.103074 -17405.300180   -453.620107
PE36  -2587.321223  29485.610174   -120.702720   -423.629081
PG01  13268.169178 -17437.790693  14453.358047    293.429280
PG02 -14912.945077   6177.950864 -20508.295820   -647.755440
PG03  22588.955954 -12413.680382  -6287.629714   -341.364797
PG05 -25336.900513   5202.273318  -6522.131053    -94.650413
PG06  -7772.915059 -18763.658694 -17016.192908    442.374593
PG07   5290.607580 -25736.413287   -425.954820    311.549123
PG08  19832.768866    269.397568  17791.872649    -82.402404
PG09   2590.442116 -16710.759327 -20547.944093   -302.654374
PG11 -13604.808075  -7439.653149 -21568.644146    -13.165931
PG12 -23940.868400  10235.519199  -5224.464124   -269.808058
PG13 -20843.505759 -10108.756795  12994.085924    377.118717
PG14  -3041.881981 -15177.018326  21585.862246   -106.932874
PG15 -19975.994615   2117.907696  17088.974348    -33.404964
PG16  24180.444015   2128.136978 -11576.901796   -522.357795
PG17 -10287.435067 -21466.797435  12153.632319    653.549645
PG18  -5475.033975  25915.905859    -86.130125     66.410276
PG19 -17209.552660 -20288.833206   1961.469480    203.523377
PG20 -19762.763356  -3507.834278 -17273.375587    490.856434
PG21  15311.820169  -8025.050122  20583.889822    160.045545
PG22  18484.247744  19206.751932    420.689150    318.248573
PG23  -6236.111970  16759.493838  19586.414564    -38.335319
PG24 -14177.575784  13935.337517  17097.423310    153.435779
PG25 -14551.695035  16483.148682 -14989.306937    366.141093
PG26  18173.189463   7005.782124 -18282.606700    226.030642
PG27  22474.606168  11539.326213   8600.620135    216.398510
PG29  -4152.228636  15767.050624 -20995.871374   -546.952300
PG30  -2238.047444 -24549.383126   9640.788744   -536.478184
PG31   9456.283060  16948.015837 -18058.889760   -191.398022
PG32  13987.313219  20643.074635   9568.474455   -217.460234
PR01   1327.796405  11564.417411  22692.558023     13.902798
PR02  19441.854863  11460.262305  11991.245810    528.249371
PR03  24617.519548   4320.936358  -5206.737286     62.727914
PR04  15957.253121  -4811.014077 -19291.506902    155.629127
PR05  -1338.464079 -11431.355003 -22754.275292     98.734715
PR07 -24449.377997  -3872.815969   6084.327288     40.132687
PR08 -15796.669079   5100.401450  19408.913297    -66.922858
PR09  -7389.196020  -8633.926958  22856.829554     73.795107
PR12  -8261.769916  18568.494348 -15373.489139     20.575354
PR13   5890.553926   9664.404063 -22866.826030    -26.225572
PR14  17925.045805  -6251.468575 -17008.101858     24.386648
PR15  18559.670146 -17441.913512  -1329.157818     93.993961
PR17  11642.086882   5183.983101  22091.816828    556.553782
PR18   6778.776682 -12419.521884  21224.726951     39.820253
PR19   -307.112452 -23321.271261  10342.081725   -201.715308
PR20  -9132.925418 -21573.677888 -10049.917170    -77.390210
PR21 -11343.856591  -3661.383713 -22560.555356   -329.413132
PR24  10134.544057  20865.436485  10596.646920    111.572821
*  2022 08 29 08 27 40.00000000
PE02  13354.324418  11681.453910 -23688.829769    321.351580
PE03  21277.973794  19799.897174   5559.843112   -594.352640
PE04 -25795.534743  -7475.640450  12452.889974  -1103.807356
PE05   4142.573142  20749.871768  20697.959521   -149.061939
PE07  15111.993535  -9627.098347 -23556.788197   -700.764717
PE08  25747.474386   7359.112062 -12600.869217   -589.496166
PE09 -15094.835124   9476.312186  23635.819410   -639.624761
PE11 -12901.159545  20460.065403 -17080.101335   2444.534112
PE12 -16048.237817  -1470.279932 -24836.190035   -140.375180
PE13  13091.881924 -19824.518523  17657.144043    430.427397
PE15  15951.011591   1661.773041  24878.901138    723.858944
PE19 -19606.752662 -20693.127345  -7967.798477  -4678.444452
PE21   6484.049864 -19194.430601  21587.434409   -754.586430
PE24 -24447.013443  15575.214784  -5948.925329   -807.111915
PE25  -6808.476731  19228.469452 -21434.954974   -586.058419
PE26   2079.811039 -29523.898207   -755.219100  -1550.402894
PE27  23819.096634 -16150.558132   6953.566700   -379.439713
PE30  26755.507131  -2835.857792 -12353.305522   -793.103150
PE31 -26971.819108   3609.490767  11662.293311   -502.521548
PE33  -9382.965352 -22046.620811 -17383.243793   -453.620106
PE36  -2585.610171  29485.621473   -151.551005   -423.629130
PG01  13266.125334 -17418.823202  14477.897862    293.429222
PG02 -14910.805274   6150.589991 -20517.622601   -647.755472
PG03  22597.107018 -12414.046771  -6256.829959   -341.364856
PG05 -25330.368082   5196.952694  -6552.367959    -94.650429
PG06  -7767.478590 -18784.687671 -16995.466187    442.374740
PG07   5293.922098 -25734.687266   -457.803235    311.549055
PG08  19849.278981    284.784056  17773.601857    -82.402393
PG09   2611.078264 -16694.983838 -20558.226864   -302.654314
PG11 -13597.919824  -7466.142429 -21563.865617    -13.165944
PG12 -23947.617241  10234.686121  -5193.404242   -269.808114
PG13 -20853.078312 -10122.537929  12968.477653    377.118800
PG14  -3015.606023 -15184.902139  21583.897477   -106.932863
PG15 -19993.658168   2103.784985  17070.816574    -33.404964
PG16  24167.191388   2133.345261 -11603.788886   -522.357819
PG17 -10275.588318 -21457.801589  12180.531777    653.549666
PG18  -5477.526748  25915.263882   -118.223830     66.410161
PG19 -17206.110869 -20288.240615   1993.285706    203.523450
PG20 -19744.356563  -3520.243123 -17292.110943    490.856388
PG21  15310.466120  -8000.076849  20595.670359    160.045527
PG22  18482.341216  19208.558341    452.356224    318.248661
PG23  -6259.798758  16767.266799  19572.091395    -38.335324
PG24 -14177.684058  13912.622241  17115.909469    153.435665
PG25 -14570.007063  16487.313749 -14966.213235    366.141141
PG26  18152.599313   7016.204871 -18298.818858    226.030673
PG27  22481.698927  11548.073839   8571.418652    216.398490
PG29  -4171.475890  15748.791052 -21005.859620   -546.952351
PG30  -2232.275788 -24560.679601   9612.798655   -536.478178
PG31   9449.674527  16969.958614 -18041.147479   -191.398050
PG32  13976.677366  20637.220953   9596.855239   -217.460330
PR01   1297.726260  11556.556805  22698.310475     13.902798
PR02  19426.575618  11454.222962  12021.776229    528.249403
PR03  24624.862670   4321.240651  -5171.965904     62.727966
PR04  15982.987850  -4804.758804 -19271.788253    155.629182
PR05  -1308.573001 -11422.421848 -22760.520173     98.734676
PR07 -24457.771700  -3873.504025   6049.818957     40.132567
PR08 -15822.386631   5094.146116  19389.520405    -66.922830
PR09  -7367.419424  -8656.286797  22855.328714     73.795104
PR12  -8275.959563  18584.150305 -15346.960707     20.575326
PR13   5868.710336   9686.793561 -22862.969539    -26.225591
PR14  17907.917787  -6235.583215 -17031.950364     24.386695
PR15  18557.298761 -17441.636524  -1364.731364     93.993960
PR17  11650.142138   5213.175435  22080.651792    556.553849
PR18   6784.696366 -12391.013447  21239.536720     39.820258
PR19   -306.399899 -23306.887930  10374.451057   -201.715320
PR20  -9138.059568 -21586.676889 -10017.271533    -77.390216
PR21 -11351.819015  -3691.258672 -22551.711999   -329.413113
PR24  10139.531840  20879.127626  10564.800256    111.572814
*  2022 08 29 08 27 50.00000000
PE02  13332.589390  11691.105565 -23696.296868    321.351589
PE03  21273.652951  19796.311638   5589.053767   -594.352686
PE04 -25805.957729  -7482.495755  12427.146396  -1103.807451
PE05   4125.740258  20737.713071  20713.504534   -149.061915
PE07  15131.361190  -9613.570175 -23549.871205   -700.764762
PE08  25758.126134   7365.913526 -12575.085028   -589.496245
PE09 -15114.333167   9462.842302  23628.768410   -639.624904
PE11 -12898.510580  20443.083461 -17102.437120   2444.532573
PE12 -16046.092270  -1495.123131 -24836.086851   -140.375379
PE13  13089.195482 -19806.924452  17678.861138    430.427390
PE15  15948.937315   1686.687561  24878.550278    723.858914
PE19 -19600.563210 -20688.007806  -7996.256419  -4678.443442
PE21   6503.538056 -19203.840390  21573.194528   -754.586459
PE24 -24452.106748  15578.392937  -5919.562191   -807.112131
PE25  -6827.859670  19237.834573 -21420.389639   -586.058440
PE26   2078.371707 -29524.767000   -724.526049  -1550.403342
PE27  23825.053173 -16154.238339   6924.512826   -379.439810
PE30  26743.917894  -2831.383334 -12379.389739   -793.103468
PE31 -26960.863340   3605.323631  11688.918180   -502.521568
PE33  -9382.724723 -22064.116758 -17361.160691   -453.620112
PE36  -2583.896526  29485.600629   -182.399057   -423.629193
PG01  13264.086994 -17399.823609  14502.405764    293.429157
PG02 -14908.679887   6123.215489 -20526.903376   -647.755535
PG03  22605.221334 -12414.405122  -6226.016846   -341.364927
PG05 -25323.803697   5191.614369  -6582.591102    -94.650530
PG06  -7762.060261 -18805.694304 -16974.703045    442.374883
PG07   5297.230345 -25732.923222   -489.650644    311.549021
PG08  19865.780255    300.146023  17755.293611    -82.402235
PG09   2631.733284 -16679.212032 -20568.466153   -302.654267
PG11 -13591.048526  -7492.629839 -21559.041234    -13.165948
PG12 -23954.329061  10233.846516  -5162.333303   -269.808367
PG13 -20862.637674 -10136.288964  12942.841791    377.118910
PG14  -2989.336765 -15192.800052  21581.886800   -106.932834
PG15 -20011.309495   2089.684574  17052.621705    -33.404930
PG16  24153.909694   2138.569656 -11630.652192   -522.357857
PG17 -10263.712450 -21448.789658  12207.405802    653.549662
PG18  -5480.011648  25914.583727   -150.317280     66.410054
PG19 -17202.641212 -20287.621251   2025.097746    203.523541
PG20 -19725.936006  -3532.673139 -17310.809179    490.856374
PG21  15309.125231  -7975.089452  20607.408631    160.045520
PG22  18480.408251  19210.337356    484.022346    318.248741
PG23  -6283.464161  16775.047386  19557.726405    -38.335319
PG24 -14177.801671  13889.883771  17134.357780    153.435554
PG25 -14588.289943  16491.479394 -14943.087869    366.141202
PG26  18131.996076   7026.646719 -18314.992749    226.030702
PG27  22488.769231  11556.793062   8542.199191    216.398481
PG29  -4190.743141  15730.534530 -21015.803296   -546.952394
PG30  -2226.516973 -24571.944752   9584.787898   -536.478177
PG31   9443.082793  16991.883737 -18023.366595   -191.398056
PG32  13966.011153  20631.350601   9625.215942   -217.460428
PR01   1267.642241  11548.718449  22704.008392     13.902844
PR02  19411.251504  11448.184674  12052.277933    528.249383
PR03  24632.160328   4321.526214  -5137.182131     62.727928
PR04  16008.701739  -4798.532047 -19252.023243    155.629170
PR05  -1278.666461 -11413.510920 -22766.710342     98.734635
PR07 -24466.120536  -3874.172609   6015.296064     40.132572
PR08 -15848.083846   5087.918796  19370.081116    -66.922804
PR09  -7345.661716  -8678.662245  22853.773105     73.795149
PR12  -8290.110855  18599.792052 -15320.395306     20.575349
PR13   5846.888451   9709.196811 -22859.058186    -26.225635
PR14  17890.779384  -6219.661175 -17055.757867     24.386659
PR15  18554.893079 -17441.323414  -1400.301630     93.993931
PR17  11658.218162   5242.346256  22069.433707    556.553889
PR18   6790.644957 -12362.490503  21254.295486     39.820291
PR19   -305.665765 -23292.462107  10406.795483   -201.715366
PR20  -9143.195511 -21599.627937  -9984.601786    -77.390212
PR21 -11359.803803  -3721.115110 -22542.814536   -329.413126
PR24  10144.520579  20892.772415  10532.928196    111.572944
*  2022 08 29 08 28 00.00000000
PE02  13310.855052  11700.777161 -23703.727532    321.351614
PE03  21269.305461  19792.712501   5618.255814   -594.352727
PE04 -25816.364771  -7489.328356  12401.383724  -1103.807535
PE05   4108.885500  20725.558098  20729.017708   -149.061877
PE07  15150.733344  -9600.060588 -23542.918008   -700.764795
PE08  25768.761869   7372.692057 -12549.281503   -589.496309
PE09 -15133.835654   9449.391350  23621.681108   -639.625037
PE11 -12895.873455  20426.077155 -17124.746641   2444.531047
PE12 -16043.966851  -1519.967938 -24835.945520   -140.375592
PE13  13086.521561 -19789.306567  17700.551055    430.427388
PE15  15946.883348   1711.603392  24878.161181    723.858893
PE19 -19594.346581 -20682.876512  -8024.702059  -4678.442401
PE21   6523.005986 -19213.259301  21558.921508   -754.586485
PE24 -24457.170804  15581.562812  -5890.189948   -807.112345
PE25  -6847.222065  19247.208578 -21405.791347   -586.058450
PE26   2076.929042 -29525.604037   -693.831887  -1550.403785
PE27  23830.980423 -16157.910986   6895.448319   -379.439897
PE30  26732.308337  -2826.889117 -12405.454933   -793.103773
PE31 -26949.886589   3601.136880  11715.525084   -502.521568
PE33  -9382.500166 -22081.590871 -17339.050909   -453.620113
PE36  -2582.180337  29485.547639   -213.246819   -423.629250
PG01  13262.054209 -17380.791961  14526.881681    293.429106
PG02 -14906.568931   6095.827431 -20536.138131   -647.755581
PG03  22613.298902 -12414.755380  -6195.190450   -341.364988
PG05 -25317.207394   5186.258307  -6612.800412    -94.650585
PG06  -7756.660046 -18826.678533 -16953.903532    442.375026
PG07   5300.532373 -25731.121157   -521.496974    311.548986
PG08  19882.272623    315.483457  17736.947965    -82.402106
PG09   2652.407131 -16663.443969 -20578.661941   -302.654208
PG11 -13584.194188  -7519.115309 -21554.171011    -13.165954
PG12 -23961.003867  10233.000331  -5131.251380   -269.808536
PG13 -20872.183784 -10150.009893  12917.178406    377.119031
PG14  -2963.074266 -15200.712040  21579.830231   -106.932797
PG15 -20028.948540   2075.606469  17034.389783    -33.404882
PG16  24140.598983   2143.810194 -11657.491652   -522.357888
PG17 -10251.807469 -21439.761707  12234.254345    653.549628
PG18  -5482.488725  25913.865383   -182.410401     66.409936
PG19 -17199.143648 -20286.975146   2056.905525    203.523590
PG20 -19707.501750  -3545.124322 -17329.470251    490.856321
PG21  15307.797526  -7950.087994  20619.104620    160.045520
PG22  18478.448814  19212.089015    515.687437    318.248768
PG23  -6307.108121  16782.835551  19543.319626    -38.335327
PG24 -14177.928657  13867.122163  17152.768198    153.435446
PG25 -14606.543650  16495.645565 -14919.930901    366.141247
PG26  18111.379826   7037.107662 -18331.128332    226.030722
PG27  22495.817027  11565.483899   8512.961831    216.398455
PG29  -4210.030349  15712.281119 -21025.702373   -546.952436
PG30  -2220.770961 -24583.178546   9556.756544   -536.478168
PG31   9436.507839  17013.791139 -18005.547150   -191.398038
PG32  13955.314582  20625.463634   9653.556489   -217.460530
PR01   1237.544441  11540.902394  22709.651730     13.902814
PR02  19395.882498  11442.147524  12082.750785    528.249325
PR03  24639.412479   4321.793111  -5102.386060     62.727955
PR04  16034.394686  -4792.333788 -19232.211931    155.629163
PR05  -1248.744556 -11404.622257 -22772.845795     98.734654
PR07 -24474.424455  -3874.821784   5980.758709     40.132597
PR08 -15873.760613   5081.719477  19350.595486    -66.922849
PR09  -7323.922964  -8701.053240  22852.162716     73.795181
PR12  -8304.223782  18615.419500 -15293.793004     20.575372
PR13   5825.088332   9731.613733 -22855.091996    -26.225676
PR14  17873.630689  -6203.702468 -17079.524290     24.386646
PR15  18552.453152 -17440.974128  -1435.868507     93.993964
PR17  11666.314893   5271.495493  22058.162641    556.553891
PR18   6796.622457 -12333.953159  21269.003225     39.820276
PR19   -304.909988 -23277.993857  10439.114908   -201.715309
PR20  -9148.333176 -21612.530978  -9951.908020    -77.390206
PR21 -11367.810910  -3750.952927 -22533.862990   -329.413126
PR24  10149.510187  20906.370845  10501.030832    111.572995
*  2022 08 29 08 28 10.00000000
PE02  13289.121445  11710.468692 -23711.121753    321.351646
PE03  21264.931300  19789.099799   5647.449227   -594.352763
PE04 -25826.755822  -7496.138263  12375.601992  -1103.807616
PE05   4092.008887  20713.406889  20744.499019   -149.061837
PE07  15170.109957  -9586.569604 -23535.928614   -700.764825
PE08  25779.381553   7379.447672 -12523.458674   -589.496369
PE09 -15153.342544   9435.959353  23614.557505   -639.625174
PE11 -12893.248210  20409.046508 -17147.029871   2444.529517
PE12 -16041.861556  -1544.814310 -24835.766045   -140.375804
PE13  13083.860200 -19771.664900  17722.213770    430.427389
PE15  15944.849695   1736.520488  24877.733849    723.858864
PE19 -19588.102756 -20677.733513  -8053.135371  -4678.441390
PE21   6542.453623 -19222.687298  21544.615369   -754.586507
PE24 -24462.205626  15584.724368  -5860.808638   -807.112553
PE25  -6866.563895  19256.591436 -21391.160116   -586.058452
PE26   2075.483095 -29526.409318   -663.136657  -1550.404219
PE27  23836.878387 -16161.576032   6866.373213   -379.439988
PE30  26720.678501  -2822.375113 -12431.501074   -793.104069
PE31 -26938.888891   3596.930489  11742.113996   -502.521575
PE33  -9382.291650 -22099.043115 -17316.914480   -453.620116
PE36  -2580.461651  29485.462498   -244.094263   -423.629303
PG01  13260.027027 -17361.728282  14551.325594    293.429042
PG02 -14904.472440   6068.425876 -20545.326826   -647.755576
PG03  22621.339715 -12415.097494  -6164.350818   -341.365060
PG05 -25310.579212   5180.884465  -6642.995838    -94.650590
PG06  -7751.277926 -18847.640296 -16933.067679    442.375158
PG07   5303.828226 -25729.281036   -553.342161    311.548971
PG08  19898.756032    330.796349  17718.564934    -82.402161
PG09   2673.099780 -16647.679689 -20588.814202   -302.654164
PG11 -13577.356820  -7545.598781 -21549.254952    -13.165967
PG12 -23967.641634  10232.147510  -5100.158525   -269.808604
PG13 -20881.716590 -10163.700721  12891.487529    377.119161
PG14  -2936.818592 -15208.638086  21577.727752   -106.932780
PG15 -20046.575240   2061.550675  17016.120851    -33.404869
PG16  24127.259285   2149.066915 -11684.307224   -522.357921
PG17 -10239.873354 -21430.717784  12261.077341    653.549598
PG18  -5484.958035  25913.108842   -214.503138     66.409814
PG19 -17195.618158 -20286.302355   2088.708991    203.523645
PG20 -19689.053846  -3557.596683 -17348.094127    490.856260
PG21  15306.483033  -7925.072521  20630.758301    160.045551
PG22  18476.462867  19213.813355    547.351457    318.248825
PG23  -6330.730603  16790.631256  19528.871085    -38.335336
PG24 -14178.065050  13844.337456  17171.140691    153.435330
PG25 -14624.768143  16499.812212 -14896.742349    366.141294
PG26  18090.750597   7047.587719 -18347.225586    226.030743
PG27  22502.842275  11574.146376   8483.706600    216.398431
PG29  -4229.337488  15694.030873 -21035.556846   -546.952445
PG30  -2215.037719 -24594.380935   9528.704635   -536.478169
PG31   9429.949652  17035.680769 -17987.689169   -191.398022
PG32  13944.587629  20619.560105   9681.876850   -217.460637
PR01   1207.432938  11533.108645  22715.240540     13.902802
PR02  19380.468736  11436.111574  12113.194840    528.249296
PR03  24646.619086   4322.041412  -5067.577753     62.727945
PR04  16060.066625  -4786.164005 -19212.354341    155.629157
PR05  -1218.807359 -11395.755902 -22778.926497     98.734600
PR07 -24482.683425  -3875.451620   5946.206938     40.132616
PR08 -15899.416887   5075.548129  19331.063543    -66.922798
PR09  -7302.203221  -8723.459700  22850.497579     73.795163
PR12  -8318.298347  18631.032570 -15267.153852     20.575376
PR13   5803.310039   9754.044269 -22851.070950    -26.225709
PR14  17856.471773  -6187.707113 -17103.249617     24.386635
PR15  18549.979048 -17440.588626  -1471.431956     93.993941
PR17  11674.432317   5300.623032  22046.838533    556.553908
PR18   6802.628890 -12305.401491  21283.659875     39.820307
PR19   -304.132512 -23263.483225  10471.409289   -201.715251
PR20  -9153.472469 -21625.386039  -9919.190291    -77.390224
PR21 -11375.840299  -3780.772060 -22524.857381   -329.413170
PR24  10154.500610  20919.922851  10469.108210    111.573146
*  2022 08 29 08 28 20.00000000
PE02  13267.388624  11720.180144 -23718.479519    321.351672
PE03  21260.530458  19785.473579   5676.633952   -594.352807
PE04 -25837.130841  -7502.925497  12349.801242  -1103.807690
PE05   4075.110441  20701.259490  20759.948444   -149.061799
PE07  15189.490978  -9573.097244 -23528.903035   -700.764857
PE08  25789.985139   7386.180387 -12497.616583   -589.496434
PE09 -15172.853788   9422.546330  23607.397617   -639.625303
PE11 -12890.634883  20391.991562 -17169.286771   2444.527976
PE12 -16039.776395  -1569.662187 -24835.548424   -140.376004
PE13  13081.211434 -19753.999489  17743.849246    430.427395
PE15  15942.836360   1761.438790  24877.268282    723.858845
PE19 -19581.831727 -20672.578852  -8081.556302  -4678.440397
PE21   6561.880934 -19232.124341  21530.276135   -754.586529
PE24 -24467.211216  15587.877556  -5831.418310   -807.112758
PE25  -6885.885122  19265.983104 -21376.495973   -586.058462
PE26   2074.033912 -29527.182836   -632.440409  -1550.404666
PE27  23842.747073 -16165.233426   6837.287558   -379.440073
PE30  26709.028426  -2817.841298 -12457.528116   -793.104376
PE31 -26927.870288   3592.704431  11768.684869   -502.521583
PE33  -9382.099144 -22116.473445 -17294.751438   -453.620110
PE36  -2578.740518  29485.345202   -274.941330   -423.629352
PG01  13258.005499 -17342.632620  14575.737431    293.428963
PG02 -14902.390430   6041.010895 -20554.469448   -647.755530
PG03  22629.343774 -12415.431407  -6133.498024   -341.365145
PG05 -25303.919187   5175.492808  -6673.177312    -94.650583
PG06  -7745.913874 -18868.579535 -16912.195538    442.375284
PG07   5307.117956 -25727.402864   -585.186132    311.548932
PG08  19915.230417    346.084687  17700.144569    -82.402101
PG09   2693.811185 -16631.919250 -20598.922918   -302.654126
PG11 -13570.536429  -7572.080184 -21544.293070    -13.165995
PG12 -23974.242371  10231.288000  -5069.054811   -269.808658
PG13 -20891.236031 -10177.361445  12865.769228    377.119269
PG14  -2910.569805 -15216.578165  21575.579379   -106.932770
PG15 -20064.189539   2047.517196  16997.814949    -33.404860
PG16  24113.890653   2154.339852 -11711.098848   -522.357922
PG17 -10227.910110 -21421.657953  12287.874741    653.549592
PG18  -5487.419628  25912.314092   -246.595415     66.409663
PG19 -17192.064699 -20285.602911   2120.508069    203.523683
PG20 -19670.592362  -3570.090215 -17366.680765    490.856234
PG21  15305.181776  -7900.043100  20642.369658    160.045559
PG22  18474.450378  19215.510415    579.014325    318.248890
PG23  -6354.331551  16798.434455  19514.380815    -38.335350
PG24 -14178.210883  13821.529711  17189.475214    153.435205
PG25 -14642.963397  16503.979284 -14873.522276    366.141329
PG26  18070.108459   7058.086882 -18363.284471    226.030752
PG27  22509.844917  11582.780509   8454.433577    216.398399
PG29  -4248.664517  15675.783852 -21045.366686   -546.952473
PG30  -2209.317209 -24605.551887   9500.632239   -536.478182
PG31   9423.408215  17057.552561 -17969.792694   -191.398034
PG32  13933.830296  20613.640069   9710.176951   -217.460746
PR01   1177.307826  11525.337250  22720.774774     13.902869
PR02  19365.010196  11430.076907  12143.609963    528.249272
PR03  24653.780108   4322.271182  -5032.757305     62.727983
PR04  16085.717454  -4780.022680 -19192.450534    155.629154
PR05  -1188.854967 -11386.911892 -22784.952443     98.734644
PR07 -24490.897396  -3876.062177   5911.640853     40.132671
PR08 -15925.052557   5069.404741  19311.485342    -66.922780
PR09  -7280.502555  -8745.881560  22848.777683     73.795174
PR12  -8332.334541  18646.631174 -15240.477923     20.575359
PR13   5781.553632   9776.488338 -22846.995072    -26.225750
PR14  17839.302728  -6171.675122 -17126.933771     24.386627
PR15  18547.470820 -17440.166854  -1506.991868     93.993929
PR17  11682.570370   5329.728804  22035.461456    556.553940
PR18   6808.664259 -12276.835603  21298.265416     39.820319
PR19   -303.333274 -23248.930278  10503.678533   -201.715281
PR20  -9158.613317 -21638.193066  -9886.448689    -77.390217
PR21 -11383.891926  -3810.572409 -22515.797733   -329.413263
PR24  10159.491758  20933.428426  10437.160422    111.573162
*  2022 08 29 08 28 30.00000000
PE02  13245.656641  11729.911507 -23725.800817    321.351695
PE03  21256.102918  19781.833882   5705.809943   -594.352844
PE04 -25847.489784  -7509.690074  12323.981515  -1103.807779
PE05   4058.190187  20689.115944  20775.365959   -149.061766
PE07  15208.876362  -9559.643527 -23521.841282   -700.764887
PE08  25800.572583   7392.890220 -12471.755272   -589.496502
PE09 -15192.369337   9409.152300  23600.201455   -639.625434
PE11 -12888.033510  20374.912350 -17191.517308   2444.526443
PE12 -16037.711371  -1594.511515 -24835.292659   -140.376206
PE13  13078.575302 -19736.310370  17765.457449    430.427398
PE15  15940.843344   1786.358244  24876.764480    723.858823
PE19 -19575.533485 -20667.412572  -8109.964808  -4678.439363
PE21   6581.287885 -19241.570390  21515.903826   -754.586549
PE24 -24472.187582  15591.022331  -5802.019009   -807.112965
PE25  -6905.185714  19275.383541 -21361.798939   -586.058474
PE26   2072.581541 -29527.924584   -601.743189  -1550.405100
PE27  23848.586484 -16168.883124   6808.191399   -379.440158
PE30  26697.358153  -2813.287648 -12483.536019   -793.104680
PE31 -26916.830819   3588.458680  11795.237662   -502.521590
PE33  -9381.922614 -22133.881822 -17272.561817   -453.620111
PE36  -2577.016987  29485.195749   -305.787975   -423.629411
PG01  13255.989674 -17323.505014  14600.117139    293.428891
PG02 -14900.322922   6013.582554 -20563.565973   -647.755476
PG03  22637.311077 -12415.757064  -6102.632134   -341.365221
PG05 -25297.227358   5170.083298  -6703.344770    -94.650583
PG06  -7740.567866 -18889.496189 -16891.287153    442.375414
PG07   5310.401612 -25725.486631   -617.028816    311.548887
PG08  19931.695718    361.348460  17681.686911    -82.402169
PG09   2714.541309 -16616.162705 -20608.988066   -302.654087
PG11 -13563.733023  -7598.559450 -21539.285378    -13.166019
PG12 -23980.806075  10230.421749  -5037.940302   -269.808674
PG13 -20900.742050 -10190.992061  12840.023558    377.119378
PG14  -2884.327967 -15224.532253  21573.385115   -106.932755
PG15 -20081.791377   2033.506039  16979.472121    -33.404831
PG16  24100.493130   2159.629038 -11737.866469   -522.357907
PG17 -10215.917734 -21412.582272  12314.646490    653.549633
PG18  -5489.873554  25911.481125   -278.687163     66.409533
PG19 -17188.483236 -20284.876854   2152.302694    203.523724
PG20 -19652.117358  -3582.604919 -17385.230124    490.856204
PG21  15303.893780  -7874.999788  20653.938668    160.045554
PG22  18472.411311  19217.180233    610.675976    318.248910
PG23  -6377.910917  16806.245102  19499.848845    -38.335364
PG24 -14178.366191  13798.698978  17207.771727    153.435070
PG25 -14661.129378  16508.146730 -14850.270729    366.141358
PG26  18049.453472   7068.605156 -18379.304952    226.030764
PG27  22516.824904  11591.386320   8425.142824    216.398363
PG29  -4268.011403  15657.540115 -21055.131872   -546.952471
PG30  -2203.609394 -24616.691363   9472.539416   -536.478180
PG31   9416.883510  17079.406453 -17951.857761   -191.398045
PG32  13923.042575  20607.703580   9738.456734   -217.460860
PR01   1147.169195  11517.588245  22726.254421     13.902864
PR02  19349.506908  11424.043601  12173.996080    528.249537
PR03  24660.895505   4322.482486  -4997.924799     62.727944
PR04  16111.347084  -4773.909795 -19172.500556    155.629182
PR05  -1158.887469 -11378.090265 -22790.923619     98.734676
PR07 -24499.066323  -3876.653520   5877.060538     40.132625
PR08 -15950.667534   5063.289292  19291.860929    -66.922839
PR09  -7258.821028  -8768.318752  22847.003033     73.795141
PR12  -8346.332358  18662.215227 -15213.765280     20.575372
PR13   5759.819173   9798.945864 -22842.864370    -26.225759
PR14  17822.123640  -6155.606512 -17150.576695     24.386577
PR15  18544.928524 -17439.708762  -1542.548158     93.993901
PR17  11690.729005   5358.812724  22024.031435    556.553975
PR18   6814.728574 -12248.255592  21312.819813     39.820324
PR19   -302.512214 -23234.335074  10535.922560   -201.715229
PR20  -9163.755639 -21650.952035  -9853.683293    -77.390239
PR21 -11391.965749  -3840.353885 -22506.684066   -329.413304
PR24  10164.483554  20946.887542  10405.187545    111.573133
*  2022 08 29 08 28 40.00000000
PE02  13223.925546  11739.662769 -23733.085637    321.351716
PE03  21251.648665  19778.180753   5734.977156   -594.352887
PE04 -25857.832608  -7516.432011  12298.142850  -1103.807857
PE05   4041.248146  20676.976297  20790.751539   -149.061722
PE07  15228.266061  -9546.208475 -23514.743365   -700.764928
PE08  25811.143841   7399.577187 -12445.874779   -589.496570
PE09 -15211.889144   9395.777283  23592.969030   -639.625566
PE11 -12885.444130  20357.808907 -17213.721448   2444.524912
PE12 -16035.666488  -1619.362239 -24834.998749   -140.376390
PE13  13075.951841 -19718.597580  17787.038345    430.427396
PE15  15938.870654   1811.278796  24876.222445    723.858801
PE19 -19569.208019 -20662.234720  -8138.360847  -4678.438330
PE21   6600.674445 -19251.025406  21501.498466   -754.586574
PE24 -24477.134732  15594.158647  -5772.610781   -807.113171
PE25  -6924.465639  19284.792709 -21347.069037   -586.058481
PE26   2071.126030 -29528.634559   -571.045045  -1550.405550
PE27  23854.396627 -16172.525079   6779.084780   -379.440248
PE30  26685.667723  -2808.714137 -12509.524744   -793.104982
PE31 -26905.770524   3584.193210  11821.772333   -502.521596
PE33  -9381.762031 -22151.268204 -17250.345651   -453.620112
PE36  -2575.291105  29485.014135   -336.634150   -423.629461
PG01  13253.979601 -17304.345504  14624.464662    293.428823
PG02 -14898.269939   5986.140923 -20572.616381   -647.755469
PG03  22645.241622 -12416.074411  -6071.753213   -341.365303
PG05 -25290.503760   5164.655898  -6733.498149    -94.650605
PG06  -7735.239879 -18910.390198 -16870.342569    442.375543
PG07   5313.679245 -25723.532329   -648.870145    311.548829
PG08  19948.151874    376.587657  17663.191999    -82.402173
PG09   2735.290112 -16600.410107 -20619.009627   -302.654051
PG11 -13556.946610  -7625.036512 -21534.231884    -13.166037
PG12 -23987.332744  10229.548703  -5006.815066   -269.808682
PG13 -20910.234589 -10204.592568  12814.250575    377.119407
PG14  -2858.093139 -15232.500327  21571.144964   -106.932735
PG15 -20099.380694   2019.517208  16961.092407    -33.404799
PG16  24087.066762   2164.934507 -11764.610031   -522.357913
PG17 -10203.896222 -21403.490802  12341.392534    653.549674
PG18  -5492.319867  25910.609929   -310.778313     66.409403
PG19 -17184.873736 -20284.124225   2184.092796    203.523772
PG20 -19633.628896  -3595.140794 -17403.742166    490.856175
PG21  15302.619071  -7849.942645  20665.465314    160.045538
PG22  18470.345634  19218.822849    642.336342    318.248978
PG23  -6401.468651  16814.063153  19485.275207    -38.335371
PG24 -14178.531005  13775.845310  17226.030190    153.434955
PG25 -14679.266058  16512.314499 -14826.987756    366.141405
PG26  18028.785696   7079.142541 -18395.286995    226.030785
PG27  22523.782186  11599.963830   8395.834404    216.398336
PG29  -4287.378109  15639.299719 -21064.852386   -546.952486
PG30  -2197.914237 -24627.799326   9444.426226   -536.478194
PG31   9410.375522  17101.242385 -17933.884407   -191.398027
PG32  13912.224460  20601.750691   9766.716139   -217.460976
PR01   1117.017133  11509.861664  22731.679467     13.902898
PR02  19333.958904  11418.011732  12204.353119    528.249322
PR03  24667.965237   4322.675390  -4963.080318     62.728000
PR04  16136.955426  -4767.825330 -19152.504457    155.629199
PR05  -1128.904951 -11369.291060 -22796.840010     98.734743
PR07 -24507.190163  -3877.225714   5842.466076     40.132616
PR08 -15976.261729   5057.201764  19272.190352    -66.922745
PR09  -7237.158704  -8790.771206  22845.173631     73.795180
PR12  -8360.291795  18677.784643 -15187.015988     20.575400
PR13   5738.106720   9821.416775 -22838.678856    -26.225721
PR14  17804.934595  -6139.501298 -17174.178331     24.386605
PR15  18542.352218 -17439.214303  -1578.100741     93.993846
PR17  11698.908174   5387.874707  22012.548499    556.554033
PR18   6820.821843 -12219.661555  21327.323031     39.820360
PR19   -301.669273 -23219.697673  10568.141294   -201.715235
PR20  -9168.899358 -21663.662917  -9820.894181    -77.390342
PR21 -11400.061724  -3870.116400 -22497.516403   -329.413325
PR24  10169.475922  20960.300175  10373.189655    111.573118
*  2022 08 29 08 28 50.00000000
PE02  13202.195391  11749.433920 -23740.333967    321.351738
PE03  21247.167685  19774.514232   5764.135546   -594.352925
PE04 -25868.159269  -7523.151324  12272.285287  -1103.807940
PE05   4024.284342  20664.840592  20806.105161   -149.061692
PE07  15247.660029  -9532.792105 -23507.609296   -700.764948
PE08  25821.698869   7406.241304 -12419.975145   -589.496641
PE09 -15231.413162   9382.421298  23585.700354   -639.625698
PE11 -12882.866782  20340.681268 -17235.899157   2444.523383
PE12 -16033.641750  -1644.214306 -24834.666694   -140.376590
PE13  13073.341087 -19700.861155  17808.591901    430.427399
PE15  15936.918291   1836.200389  24875.642177    723.858777
PE19 -19562.855318 -20657.045339  -8166.744374  -4678.437285
PE21   6620.040580 -19260.489350  21487.060076   -754.586592
PE24 -24482.052672  15597.286458  -5743.193671   -807.113379
PE25  -6943.724864  19294.210567 -21332.306289   -586.058494
PE26   2069.667427 -29529.312753   -540.346024  -1550.405988
PE27  23860.177507 -16176.159244   6749.967747   -379.440335
PE30  26673.957176  -2804.120741 -12535.494250   -793.105292
PE31 -26894.689443   3579.907994  11848.288844   -502.521603
PE33  -9381.617361 -22168.632551 -17228.102974   -453.620124
PE36  -2573.562922  29484.800357   -367.479807   -423.629520
PG01  13251.975331 -17285.154131  14648.779947    293.428744
PG02 -14896.231503   5958.686067 -20581.620648   -647.755368
PG03  22653.135408 -12416.383394  -6040.861328   -341.365387
PG05 -25283.748433   5159.210570  -6763.637386    -94.650608
PG06  -7729.929887 -18931.261502 -16849.361831    442.375668
PG07   5316.950902 -25721.539949   -680.710048    311.548807
PG08  19964.598826    391.802269  17644.659874    -82.402124
PG09   2756.057557 -16584.661508 -20628.987579   -302.654021
PG11 -13550.177197  -7651.511304 -21529.132601    -13.166066
PG12 -23993.822375  10228.668808  -4975.679167   -269.808753
PG13 -20919.713589 -10218.162966  12788.450333    377.119405
PG14  -2831.865384 -15240.482365  21568.858931   -106.932720
PG15 -20116.957433   2005.550708  16942.675849    -33.404739
PG16  24073.611592   2170.256294 -11791.329482   -522.357928
PG17 -10191.845571 -21394.383601  12368.112817    653.549704
PG18  -5494.758617  25909.700497   -342.868795     66.409274
PG19 -17181.236163 -20283.345065   2215.878311    203.523850
PG20 -19615.127038  -3607.697839 -17422.216852    490.856139
PG21  15301.357672  -7824.871730  20676.949574    160.045536
PG22  18468.253311  19220.438299    673.995357    318.249052
PG23  -6425.004705  16821.888565  19470.659932    -38.335387
PG24 -14178.705361  13752.968760  17244.250563    153.434823
PG25 -14697.373406  16516.482540 -14803.673405    366.141440
PG26  18008.105191   7089.699040 -18411.230565    226.030788
PG27  22530.716712  11608.513058   8366.508378    216.398290
PG29  -4306.764599  15621.062724 -21074.528206   -546.952528
PG30  -2192.231701 -24638.875739   9416.292728   -536.478208
PG31   9403.884234  17123.060295 -17915.872669   -191.398022
PG32  13901.375943  20595.781457   9794.955107   -217.461096
PR01   1086.851730  11502.157540  22737.049899     13.902935
PR02  19318.366214  11411.981376  12234.681007    528.249330
PR03  24674.989265   4322.849962  -4928.223946     62.728023
PR04  16162.542391  -4761.769265 -19132.462284    155.629245
PR05  -1098.907505 -11360.514316 -22802.701604     98.734751
PR07 -24515.268872  -3877.778823   5807.857549     40.132576
PR08 -16001.835054   5051.142138  19252.473656    -66.922711
PR09  -7215.515645  -8813.238850  22843.289482     73.795177
PR12  -8374.212846  18693.339338 -15160.230112     20.575417
PR13   5716.416334   9843.900996 -22834.438539    -26.225695
PR14  17787.735679  -6123.359496 -17197.738622     24.386562
PR15  18539.741960 -17438.683426  -1613.649530     93.993843
PR17  11707.107830   5416.914670  22001.012674    556.554067
PR18   6826.944076 -12191.053585  21341.775036     39.820376
PR19   -300.804390 -23205.018133  10600.334658   -201.715200
PR20  -9174.044391 -21676.325688  -9788.081432    -77.390352
PR21 -11408.179809  -3899.859867 -22488.294766   -329.413382
PR24  10174.468784  20973.666296  10341.166830    111.573060
