     4.02           N: GNSS NAV DATA    M: Mixed            RINEX VERSION / TYPE
BNC 2.13.2          stuerze             20250319 105115 UTC PGM / RUN BY / DATE
Source: RTCM_3.3 euref-ip.net/WTZR00DEU0                    COMMENT
Source: RTCM_3 products.igs-ip.net/BCEP00BKG0               COMMENT
Source: RTCM_3.1 products.igs-ip.net/SSRA00BKG1             COMMENT
Source: RTCM_3.1 products.igs-ip.net/SSRA00CNE1             COMMENT
    18                                                      LEAP SECONDS
                                                            END OF HEADER
> EPH C03 D2  
C03 2025 03 19 10 00 00 7.940512150526e-04 1.079492051304e-11 0.000000000000e+00
     1.000000000000e+01-1.170625000000e+02 6.979933599394e-09 5.961243023300e-01
    -3.852415829897e-06 1.116845640354e-03-1.312931999564e-05 6.493553039551e+03
     2.952000000000e+05-5.587935447693e-09-7.421562945429e-01 1.867301762104e-07
     9.607726627807e-02 3.994843750000e+02-1.534008109344e+00-5.908460396806e-09
     9.357532635937e-11                    1.002000000000e+03                   
     2.000000000000e+00 0.000000000000e+00 2.300000000000e-09-8.100000000000e-09
     2.952000000000e+05 1.000000000000e+01                                      
> EPH C04 D2  
C04 2025 03 19 10 00 00-5.658733425662e-04-5.924150059400e-12 0.000000000000e+00
     1.000000000000e+01 1.956250000000e+01 7.037078836865e-09-2.627275084279e+00
     6.649643182755e-07 6.591118872166e-04-1.394562423229e-05 6.493417888641e+03
     2.952000000000e+05-2.151355147362e-07-8.763486347296e-01 1.257285475731e-08
     1.064327191557e-01 4.229531250000e+02 2.688138231496e+00-5.910603343211e-09
     1.132190017402e-10                    1.002000000000e+03                   
     2.000000000000e+00 0.000000000000e+00 5.500000000000e-09-8.300000000000e-09
     2.952000000000e+05 1.000000000000e+01                                      
> EPH C05 D2  
C05 2025 03 19 10 00 00-1.745225163177e-04 2.703615109567e-11 0.000000000000e+00
     1.000000000000e+00-5.718750000000e+01 6.818855461272e-09 1.046207467746e+00
    -1.719221472740e-06 1.274114940315e-03-1.343293115497e-05 6.493370382309e+03
     2.952000000000e+05 1.504085958004e-07-8.626229184956e-01 8.800998330116e-08
     1.061041097192e-01 4.069843750000e+02-2.766733521397e+00-5.854529578942e-09
     4.750197864808e-11                    1.002000000000e+03                   
     2.000000000000e+00 0.000000000000e+00 2.000000000000e-10-9.500000000000e-09
     2.952000000000e+05 0.000000000000e+00                                      
> EPH C06 D1  
C06 2025 03 19 10 00 00 3.426417242736e-05 4.996536517865e-11 5.963111948670e-19
     1.000000000000e+00-1.668750000000e+02 1.471847022622e-09 9.599701688279e-01
    -5.259178578854e-06 4.494576365687e-03 1.354888081551e-05 6.493862548828e+03
     2.952000000000e+05 1.466833055019e-07-1.175282900850e-01 4.703179001808e-08
     9.479730263559e-01-1.824843750000e+02-2.629175681115e+00-1.983296897991e-09
    -6.250260348431e-10                    1.002000000000e+03                   
     2.000000000000e+00 0.000000000000e+00 8.600000000000e-09-1.500000000000e-09
     2.952000000000e+05 0.000000000000e+00                                      
> EPH C07 D1  
C07 2025 03 19 10 00 00 3.410257631913e-04 2.934097409479e-11 0.000000000000e+00
     1.000000000000e+00 4.113593750000e+02 1.862934741567e-09-9.161252017548e-01
     1.328950747848e-05 3.830278175883e-03-2.812594175339e-06 6.493597736359e+03
     2.952000000000e+05-2.793967723846e-09 1.808773498562e+00-5.308538675308e-08
     8.435723530774e-01 2.839062500000e+02-2.617283987241e+00-2.629038081417e-09
     1.750072897561e-11                    1.002000000000e+03                   
     2.000000000000e+00 0.000000000000e+00 1.510000000000e-08 9.000000000000e-10
     2.952000000000e+05 0.000000000000e+00                                      
> EPH C08 D1  
C08 2025 03 19 10 00 00-1.308799255639e-04-5.794831281491e-11 0.000000000000e+00
     1.000000000000e+00-2.055937500000e+02 1.457203555520e-10-2.625327175209e+00
    -6.728805601597e-06 3.044013632461e-03 1.677125692368e-05 6.493100925446e+03
     2.952000000000e+05-4.982575774193e-08-2.258291661609e+00 7.916241884232e-08
     1.077895762594e+00-2.259062500000e+02-3.129186420706e+00-1.444703034823e-09
     5.393081786361e-10                    1.002000000000e+03                   
     2.000000000000e+00 0.000000000000e+00 1.130000000000e-08-7.000000000000e-10
     2.952000000000e+05 0.000000000000e+00                                      
> EPH C09 D1  
C09 2025 03 19 10 00 00-7.024072110653e-04 3.779376811508e-11 9.486769009248e-20
     1.000000000000e+00-1.491250000000e+02 1.411130207809e-09 3.467768967640e-01
    -4.711095243692e-06 1.356165646575e-02 1.405039802194e-05 6.493864322662e+03
     2.952000000000e+05 7.450580596924e-08-7.106178259134e-02-4.051253199577e-08
     9.533161108140e-01-1.907187500000e+02-2.283718209184e+00-1.949366913242e-09
    -6.718136980228e-10                    1.002000000000e+03                   
     2.000000000000e+00 0.000000000000e+00 6.900000000000e-09 3.800000000000e-09
     2.952000000000e+05 0.000000000000e+00                                      
> EPH C10 D1  
C10 2025 03 19 10 00 00-5.127476761118e-04-2.204636473380e-11 0.000000000000e+00
     1.000000000000e+00 3.897187500000e+02 1.739715323269e-09-1.272004421621e+00
     1.279124990106e-05 1.002857822459e-02-3.671273589134e-06 6.493500772476e+03
     2.952000000000e+05 3.259629011154e-08 1.803550218317e+00-8.149072527885e-08
     8.459564794487e-01 3.181562500000e+02-2.458694537376e+00-2.585821995580e-09
     3.035840740667e-11                    1.002000000000e+03                   
     2.000000000000e+00 0.000000000000e+00 6.100000000000e-09 3.000000000000e-09
     2.952000000000e+05 0.000000000000e+00                                      
> EPH C11 D1  
C11 2025 03 19 10 00 00 4.337603459135e-04 1.737898713827e-11 2.168404344971e-19
     2.000000000000e+01-3.496875000000e+01 3.563005556340e-09 1.826822529782e+00
    -1.720618456602e-06 1.928682439029e-03 2.535060048103e-06 5.282606864929e+03
     2.952000000000e+05 6.472691893578e-08 2.554358700459e+00 7.916241884232e-09
     9.797129636746e-01 3.183906250000e+02-1.501545082340e+00-6.859928600704e-09
    -1.953652806053e-10                    1.002000000000e+03                   
     2.000000000000e+00 0.000000000000e+00 4.100000000000e-09 1.500000000000e-09
     2.952000000000e+05 1.900000000000e+01                                      
> EPH C12 D1  
C12 2025 03 19 10 00 00-1.637965906411e-04 1.151079231931e-11 0.000000000000e+00
     2.200000000000e+01-2.346875000000e+01 3.475859069196e-09 2.482177590968e+00
    -1.132022589445e-06 1.035533612594e-03 2.832617610693e-06 5.282624320984e+03
     2.952000000000e+05-2.188608050346e-08 2.541279790047e+00 3.632158041000e-08
     9.780288201975e-01 3.126562500000e+02-1.352273136198e+00-6.823141354082e-09
    -1.907222300607e-10                    1.002000000000e+03                   
     2.000000000000e+00 0.000000000000e+00 3.300000000000e-09 0.000000000000e+00
     2.952000000000e+05 0.000000000000e+00                                      
> EPH C13 D1  
C13 2025 03 19 10 00 00 3.215612377971e-05-7.657874334654e-12 0.000000000000e+00
     1.000000000000e+00-1.984375000000e+02 2.814402945465e-10 2.625138597754e+00
    -6.309710443020e-06 5.211406853050e-03 1.654587686062e-05 6.493693166733e+03
     2.952000000000e+05-1.862645149231e-09-2.291234549150e+00 5.075708031654e-08
     1.039918552622e+00-2.349531250000e+02-2.283046655177e+00-1.541135623056e-09
     5.182358723185e-10                    1.002000000000e+03                   
     2.000000000000e+00 0.000000000000e+00-9.500000000000e-09 2.800000000000e-09
     2.952000000000e+05 0.000000000000e+00                                      
> EPH C14 D1  
C14 2025 03 19 10 00 00 8.676946163177e-05-1.902931145992e-10-2.303929616532e-19
     1.700000000000e+01 5.468750000000e-01 3.565148502745e-09-1.478687240436e+00
    -1.941807568073e-07 1.359796035103e-03 7.779803127050e-06 5.282630352020e+03
     2.952000000000e+05-5.634501576424e-08-1.672992499561e+00-1.769512891769e-08
     9.794989782583e-01 2.121093750000e+02-2.785202537380e-01-6.596346192867e-09
     5.407368095729e-10                    1.002000000000e+03                   
     2.000000000000e+00 0.000000000000e+00 7.200000000000e-09 2.000000000000e-09
     2.952000000000e+05 1.600000000000e+01                                      
> EPH C16 D1  
C16 2025 03 19 10 00 00-2.376661868766e-04-3.339906129440e-11-1.761828530289e-19
     3.000000000000e+00-1.565625000000e+02 1.399344002580e-09 6.678095645146e-01
    -4.886649549007e-06 8.499691961333e-03 1.347577199340e-05 6.493146242142e+03
     2.952000000000e+05 7.450580596924e-08-1.188286516332e-01 9.918585419655e-08
     9.635185439234e-01-1.700937500000e+02-2.188388690076e+00-1.930794711064e-09
    -6.228830884380e-10                    1.002000000000e+03                   
     2.000000000000e+00 0.000000000000e+00-2.800000000000e-09 4.600000000000e-09
     2.952000000000e+05 2.000000000000e+00                                      
> EPH C19 D1  
C19 2025 03 19 10 00 00-9.622530778870e-04-7.966960424710e-13 0.000000000000e+00
     1.000000000000e+00-1.331250000000e+01 3.539075988149e-09 1.832947693172e+00
    -7.748603820801e-07 1.080556889065e-03 7.344875484705e-06 5.282627614975e+03
     2.952000000000e+05 6.565824151039e-08-1.670684301564e+00-2.048909664154e-08
     9.821026652266e-01 2.255468750000e+02-8.499731521764e-01-6.577416832955e-09
     4.682337895311e-10                    1.002000000000e+03                   
     2.000000000000e+00 0.000000000000e+00 1.030000000000e-08 1.030000000000e-08
     2.952000000000e+05 0.000000000000e+00                                      
> EPH C20 D1  
C20 2025 03 19 10 00 00-8.501787669957e-04 2.860822689854e-12 0.000000000000e+00
     1.000000000000e+00-1.253125000000e+01 3.471573176386e-09 2.150927859465e+00
    -7.520429790020e-07 8.850253652781e-04 7.587019354105e-06 5.282633319855e+03
     2.952000000000e+05 5.494803190231e-08-1.670056209390e+00 8.009374141693e-08
     9.820887528757e-01 2.154687500000e+02-4.389393693923e-01-6.587774407247e-09
     5.421654405097e-10                    1.002000000000e+03                   
     2.000000000000e+00 0.000000000000e+00 1.280000000000e-08 1.280000000000e-08
     2.952000000000e+05 1.000000000000e+00                                      
> EPH C21 D1  
C21 2025 03 19 10 00 00-9.046670747921e-04-1.333155807970e-12 0.000000000000e+00
     1.000000000000e+00-8.421875000000e+00 3.472644649589e-09 2.897616468785e-02
    -3.548339009285e-07 8.709111716598e-04 7.509719580412e-06 5.282628965378e+03
     2.952000000000e+05-9.313225746155e-09-1.669221000200e+00-4.237517714500e-08
     9.813745474919e-01 2.172656250000e+02-6.214268354135e-01-6.603489347551e-09
     4.789485215569e-10                    1.002000000000e+03                   
     2.000000000000e+00 0.000000000000e+00 1.150000000000e-08 1.150000000000e-08
     2.952000000000e+05 1.000000000000e+00                                      
> EPH C22 D1  
C22 2025 03 19 10 00 00 2.814537147060e-04 8.451017663447e-12 0.000000000000e+00
     1.000000000000e+00-1.001562500000e+01 3.489788220830e-09 1.674229837136e-01
    -4.498288035393e-07 6.709262961522e-04 7.282011210918e-06 5.282630346298e+03
     2.952000000000e+05 3.399327397346e-08-1.669294135864e+00-2.700835466385e-08
     9.813841222907e-01 2.255156250000e+02 1.960601639499e-02-6.579559779360e-09
     4.635907389865e-10                    1.002000000000e+03                   
     2.000000000000e+00 0.000000000000e+00 1.400000000000e-08 1.400000000000e-08
     2.952000000000e+05 1.000000000000e+00                                      
> EPH C23 D1  
C23 2025 03 19 10 00 00-8.593123639002e-04 2.019007183662e-11 0.000000000000e+00
     1.000000000000e+00 2.668750000000e+01 4.118385833015e-09 1.218436690333e+00
     1.464970409870e-06 9.308021981269e-05 1.037586480379e-05 5.282652212143e+03
     2.952000000000e+05 9.639188647270e-08 4.177838799070e-01-1.955777406693e-08
     9.447555647929e-01 1.414843750000e+02 8.243101721702e-02-6.788854211599e-09
    -3.443000557650e-10                    1.002000000000e+03                   
     2.000000000000e+00 0.000000000000e+00 2.260000000000e-08 2.260000000000e-08
     2.952000000000e+05 1.000000000000e+00                                      
> EPH C24 D1  
C24 2025 03 19 10 00 00 6.062301108614e-04-1.727862297685e-11 0.000000000000e+00
     1.000000000000e+00 2.775000000000e+01 4.028024926263e-09 1.986690738284e+00
     1.322478055954e-06 7.082952652127e-04 1.011183485389e-05 5.282645299911e+03
     2.952000000000e+05 3.445893526077e-08 4.175970155290e-01 3.585591912270e-08
     9.447501344410e-01 1.475937500000e+02 9.014706861468e-01-6.689921519227e-09
    -2.985838657879e-10                    1.002000000000e+03                   
     2.000000000000e+00 0.000000000000e+00 4.200000000000e-09 4.200000000000e-09
     2.952000000000e+05 1.000000000000e+00                                      
> EPH C25 D1  
C25 2025 03 19 10 00 00 6.770736072212e-04 1.101163604744e-11 0.000000000000e+00
     1.000000000000e+00 2.767187500000e+01 4.110885520597e-09 1.274308178199e+00
     1.413747668266e-06 5.752592114732e-04 1.024035736918e-05 5.282664148331e+03
     2.952000000000e+05 1.862645149231e-09 3.944138542916e-01 5.913898348808e-08
     9.463270679666e-01 1.470000000000e+02 8.086331528966e-01-6.750638334040e-09
    -2.864405028253e-10                    1.002000000000e+03                   
     2.000000000000e+00 0.000000000000e+00 8.000000000000e-10 8.000000000000e-10
     2.952000000000e+05 1.000000000000e+00                                      
> EPH C26 D1  
C26 2025 03 19 10 00 00-4.353312542662e-04-5.301536987190e-12 0.000000000000e+00
     1.000000000000e+00 2.043750000000e+01 4.033382292276e-09 2.859853990318e+00
     9.508803486824e-07 9.208738338202e-04 1.027248799801e-05 5.282660343170e+03
     2.952000000000e+05-5.075708031654e-08 3.950336619605e-01-2.980232238770e-08
     9.463753106161e-01 1.428125000000e+02 7.891469963057e-01-6.762424539269e-09
    -3.292994309288e-10                    1.002000000000e+03                   
     2.000000000000e+00 0.000000000000e+00-5.000000000000e-09-5.000000000000e-09
     2.952000000000e+05 1.000000000000e+00                                      
> EPH C27 D1  
C27 2025 03 19 10 00 00 4.516695626080e-04 5.095479593820e-12 0.000000000000e+00
     1.000000000000e+00-2.493750000000e+01 4.019095982909e-09-2.864918759000e+00
    -1.170206815004e-06 6.870754295960e-04 1.643318682909e-06 5.282616241455e+03
     2.952000000000e+05-8.521601557732e-08 2.518897124416e+00-3.166496753693e-08
     9.550158489977e-01 3.270625000000e+02 1.260577109148e+00-7.157798151024e-09
    -2.071514858337e-10                    1.002000000000e+03                   
     2.000000000000e+00 0.000000000000e+00-4.300000000000e-09-4.300000000000e-09
     2.952000000000e+05 1.000000000000e+00                                      
> EPH C28 D1  
C28 2025 03 19 10 00 00 3.554970026016e-04 4.372502360184e-12 0.000000000000e+00
     1.000000000000e+00-3.214062500000e+01 4.039811131492e-09-2.609845736379e-01
    -1.580454409122e-06 1.144123962149e-04 1.832377165556e-06 5.282632703781e+03
     2.952000000000e+05-5.122274160385e-09 2.518621185882e+00-4.842877388000e-08
     9.548911718044e-01 3.233281250000e+02-6.742489992801e-01-7.212086126622e-09
    -2.482246252663e-10                    1.002000000000e+03                   
     2.000000000000e+00 0.000000000000e+00-3.900000000000e-09-3.900000000000e-09
     2.952000000000e+05 1.000000000000e+00                                      
> EPH C29 D1  
C29 2025 03 19 10 00 00 4.170669708401e-04 5.167422045815e-12 0.000000000000e+00
     1.000000000000e+00-1.023437500000e+01 4.127671934104e-09 2.000121101598e+00
    -5.615875124931e-07 2.475994406268e-04 1.961831003428e-06 5.282616367340e+03
     2.952000000000e+05 4.190951585770e-09 2.478416846981e+00 4.423782229424e-08
     9.528055772739e-01 3.187812500000e+02 1.131285999494e+00-7.249587688712e-09
    -1.789360248322e-10                    1.002000000000e+03                   
     2.000000000000e+00 0.000000000000e+00 3.000000000000e-10 3.000000000000e-10
     2.952000000000e+05 1.000000000000e+00                                      
> EPH C30 D1  
C30 2025 03 19 10 00 00 1.328826183453e-04 9.658940314239e-12 0.000000000000e+00
     1.000000000000e+00-1.045312500000e+01 4.073383958506e-09-2.989206214837e+00
    -4.959292709827e-07 6.154997972772e-04 1.820269972086e-06 5.282650991440e+03
     2.952000000000e+05-2.747401595116e-08 2.478894966645e+00 5.634501576424e-08
     9.527611177306e-01 3.219218750000e+02 6.457047231192e-01-7.222443700913e-09
    -1.339341503235e-10                    1.002000000000e+03                   
     2.000000000000e+00 0.000000000000e+00-9.500000000000e-09-9.500000000000e-09
     2.952000000000e+05 1.000000000000e+00                                      
> EPH C32 D1  
C32 2025 03 19 10 00 00-9.613930014893e-04 2.797762022055e-12 0.000000000000e+00
     1.000000000000e+00-1.017187500000e+01 3.461215602094e-09-2.894894885249e+00
    -4.186294972897e-07 7.326985942200e-04 7.846858352423e-06 5.282629911423e+03
     2.952000000000e+05-1.350417733192e-08-1.677619056985e+00 4.796311259270e-08
     9.809022795000e-01 2.100000000000e+02-8.347724912135e-01-6.547415583283e-09
     5.889531036893e-10                    1.002000000000e+03                   
     2.000000000000e+00 0.000000000000e+00-6.900000000000e-09-6.900000000000e-09
     2.952000000000e+05 1.000000000000e+00                                      
> EPH C33 D1  
C33 2025 03 19 10 00 00-9.624364320189e-04-4.685141163918e-12 0.000000000000e+00
     1.000000000000e+00 1.562500000000e-01 3.524789678781e-09-1.818635515023e+00
    -1.331791281700e-07 5.593326641247e-04 8.116476237774e-06 5.282630178452e+03
     2.952000000000e+05-4.796311259270e-08-1.677731739713e+00 1.722946763039e-08
     9.809348703890e-01 2.082031250000e+02-3.362295807173e-01-6.569559362803e-09
     5.560945921433e-10                    1.002000000000e+03                   
     2.000000000000e+00 0.000000000000e+00-4.440000000000e-08-4.440000000000e-08
     2.952000000000e+05 1.000000000000e+00                                      
> EPH C34 D1  
C34 2025 03 19 10 00 00 6.522521143779e-04 8.111733507121e-12 0.000000000000e+00
     1.000000000000e+00-2.090625000000e+01 4.077312693583e-09-9.728666211712e-02
    -1.030042767525e-06 6.700045196339e-04 2.063345164061e-06 5.282619272232e+03
     2.952000000000e+05 2.048909664154e-08 2.479771232631e+00 5.727633833885e-08
     9.509250780064e-01 3.147187500000e+02 8.337123291107e-01-7.147083418998e-09
    -1.635782422618e-10                    1.002000000000e+03                   
     2.000000000000e+00 0.000000000000e+00-5.900000000000e-09-5.900000000000e-09
     2.952000000000e+05 1.000000000000e+00                                      
> EPH C35 D1  
C35 2025 03 19 10 00 00 9.464344475418e-05-1.098054980275e-11 0.000000000000e+00
     1.000000000000e+00-1.192187500000e+01 4.108028258723e-09 1.623483043465e+00
    -6.658956408501e-07 9.465476032346e-04 2.383720129728e-06 5.282618293762e+03
     2.952000000000e+05 4.563480615616e-08 2.479739267871e+00-2.142041921616e-08
     9.509993605977e-01 3.115000000000e+02 6.253304918679e-01-7.161726886100e-09
    -2.307238962907e-10                    1.002000000000e+03                   
     2.000000000000e+00 0.000000000000e+00-2.300000000000e-09-2.300000000000e-09
     2.952000000000e+05 0.000000000000e+00                                      
> EPH C36 D1  
C36 2025 03 19 10 00 00 2.765468088910e-04 3.817390847871e-12 0.000000000000e+00
     1.000000000000e+00 2.198437500000e+01 4.108028258723e-09 3.224765327848e-02
     1.159030944109e-06 5.334920715541e-04 1.058867201209e-05 5.282657966614e+03
     2.952000000000e+05-1.210719347000e-08 4.170638813676e-01 1.257285475731e-08
     9.462083682565e-01 1.410781250000e+02-1.100428530934e+00-6.817426830335e-09
    -3.325138505366e-10                    1.002000000000e+03                   
     2.000000000000e+00 0.000000000000e+00-2.060000000000e-08-2.060000000000e-08
     2.952000000000e+05 1.000000000000e+00                                      
> EPH C37 D1  
C37 2025 03 19 10 00 00-9.336295770481e-04-7.525535750119e-12 0.000000000000e+00
     1.000000000000e+00 3.106250000000e+01 4.009809881819e-09 7.315559594193e-01
     1.539010554552e-06 5.256012082100e-04 1.060590147972e-05 5.282643390656e+03
     2.952000000000e+05 7.450580596924e-09 4.169203691040e-01-5.494803190231e-08
     9.462226448741e-01 1.365781250000e+02-1.971844735477e-01-6.727780239052e-09
    -3.925163498815e-10                    1.002000000000e+03                   
     2.000000000000e+00 0.000000000000e+00-1.610000000000e-08-1.610000000000e-08
     2.952000000000e+05 1.000000000000e+00                                      
> EPH C38 D1  
C38 2025 03 19 10 00 00 2.147685736418e-04 2.205347016115e-12 0.000000000000e+00
     1.000000000000e+00-2.322968750000e+02 4.485901141503e-10 3.131385351889e+00
    -7.690396159887e-06 2.099196193740e-03 1.631537452340e-05 6.493448720932e+03
     2.952000000000e+05-6.984919309616e-08-2.295206702355e+00 6.379559636116e-08
     1.013125326496e+00-2.305468750000e+02-2.355440089671e+00-1.575779923273e-09
     5.107355599004e-10                    1.002000000000e+03                   
     2.000000000000e+00 0.000000000000e+00 3.000000000000e-09 3.000000000000e-09
     2.952000000000e+05 1.000000000000e+00                                      
> EPH C39 D1  
C39 2025 03 19 10 00 00-1.093687023968e-05-1.287858708565e-13 0.000000000000e+00
     1.000000000000e+00-1.738281250000e+02 1.448274612165e-09 1.331990758647e+00
    -5.455221980810e-06 3.460355685093e-03 1.229811459780e-05 6.492824224472e+03
     2.952000000000e+05 7.450580596924e-08-1.911528228081e-01 1.611188054085e-07
     9.641773661546e-01-1.376718750000e+02-2.717794285898e+00-1.953295648318e-09
    -5.635949045614e-10                    1.002000000000e+03                   
     2.000000000000e+00 0.000000000000e+00 6.600000000000e-09 6.600000000000e-09
     2.952000000000e+05 1.000000000000e+00                                      
> EPH C40 D1  
C40 2025 03 19 10 00 00-1.279794378206e-04-2.411404409486e-12 0.000000000000e+00
     1.000000000000e+00 3.265312500000e+02 1.374700118921e-09-3.172583712903e-01
     1.044292002916e-05 4.159715259448e-03-2.373941242695e-06 6.493405815125e+03
     2.952000000000e+05-2.840533852577e-08 1.954685385201e+00-6.100162863731e-08
     9.693462258469e-01 3.088437500000e+02 3.137985543796e+00-2.443316059635e-09
     1.678641350722e-11                    1.002000000000e+03                   
     2.000000000000e+00 0.000000000000e+00 9.000000000000e-10 9.000000000000e-10
     2.952000000000e+05 0.000000000000e+00                                      
> EPH C41 D1  
C41 2025 03 19 10 00 00-8.874869672582e-04-1.970867913315e-12 0.000000000000e+00
     1.000000000000e+00-5.734375000000e+00 3.546576300567e-09-1.664859577661e+00
    -2.174638211727e-07 1.817577634938e-03 8.178874850273e-06 5.282625511169e+03
     2.952000000000e+05-4.703179001808e-08-1.674894274047e+00 5.308538675308e-08
     9.797522664317e-01 2.064687500000e+02-1.244193398038e+00-6.585631460842e-09
     5.796670026002e-10                    1.002000000000e+03                   
     2.000000000000e+00 0.000000000000e+00-2.330000000000e-08-2.330000000000e-08
     2.952000000000e+05 1.000000000000e+00                                      
> EPH C42 D1  
C42 2025 03 19 10 00 00-6.354583892971e-04-1.384048431419e-11 0.000000000000e+00
     1.000000000000e+00 2.312500000000e+00 3.560862609935e-09-3.323499878024e-01
    -4.097819328308e-08 1.599744427949e-03 7.563736289740e-06 5.282624517441e+03
     2.952000000000e+05-4.097819328308e-08-1.674303195163e+00-4.563480615616e-08
     9.797812322096e-01 2.139531250000e+02-1.011503747637e+00-6.620990076527e-09
     5.021637742797e-10                    1.002000000000e+03                   
     2.000000000000e+00 0.000000000000e+00-3.190000000000e-08-3.190000000000e-08
     2.952000000000e+05 1.000000000000e+00                                      
> EPH C43 D1  
C43 2025 03 19 10 00 00 1.045184908435e-04 1.128874771439e-12 0.000000000000e+00
     1.000000000000e+00-2.467187500000e+01 4.245533986389e-09-7.435145671661e-01
    -1.231674104929e-06 6.535742431879e-04 1.856591552496e-06 5.282660230637e+03
     2.952000000000e+05 3.911554813385e-08 2.477445450359e+00-3.492459654808e-08
     9.478655750230e-01 3.161718750000e+02 7.485725362051e-01-7.269231364093e-09
    -1.785788670980e-10                    1.002000000000e+03                   
     2.000000000000e+00 0.000000000000e+00-3.200000000000e-09-3.200000000000e-09
     2.952000000000e+05 1.000000000000e+00                                      
> EPH C44 D1  
C44 2025 03 19 10 00 00 7.716850377619e-04 1.088729106868e-11 0.000000000000e+00
     1.000000000000e+00-1.753125000000e+01 4.048382917113e-09 7.998775062688e-01
    -8.228234946728e-07 8.611252997071e-04 2.481509000063e-06 5.282622529984e+03
     2.952000000000e+05-4.936009645462e-08 2.477964383974e+00-2.374872565269e-08
     9.483301875645e-01 3.065312500000e+02 7.430776110909e-01-7.130297005491e-09
    -2.057228548969e-10                    1.002000000000e+03                   
     2.000000000000e+00 0.000000000000e+00-1.200000000000e-09-1.200000000000e-09
     2.952000000000e+05 1.000000000000e+00                                      
> EPH C45 D1  
C45 2025 03 19 10 00 00-2.620666055009e-04-1.023625628704e-11 0.000000000000e+00
     1.000000000000e+00 2.231250000000e+01 4.031239345871e-09-2.287885177727e+00
     1.263804733753e-06 5.119170527905e-04 1.039123162627e-05 5.282649082184e+03
     2.952000000000e+05 1.909211277962e-08 4.224650348959e-01-2.048909664154e-08
     9.501541231045e-01 1.447187500000e+02 4.736863114162e-01-6.777425164105e-09
    -3.167989102319e-10                    1.002000000000e+03                   
     2.000000000000e+00 0.000000000000e+00 1.910000000000e-08 1.910000000000e-08
     2.952000000000e+05 1.000000000000e+00                                      
> EPH C47 D1  
C47 2025 03 19 10 00 00-1.774168340489e-04-2.081979033619e-11 0.000000000000e+00
     2.000000000000e+00-1.328125000000e+01 4.001238096199e-09-2.430978240664e+00
    -6.747432053089e-07 3.060875460505e-04 1.963693648577e-06 5.282642200470e+03
     2.952000000000e+05-1.396983861923e-09 2.516686558645e+00 4.004687070847e-08
     9.575492529928e-01 3.214218750000e+02-3.873195208413e-01-7.208514549280e-09
    -1.557207721095e-10                    1.002000000000e+03                   
     2.000000000000e+00 1.000000000000e+00-3.200000000000e-09-3.200000000000e-09
     2.952000000000e+05 2.000000000000e+00                                      
> EPH C48 D1  
C48 2025 03 19 10 00 00 8.144539315253e-04-4.479083770548e-12 0.000000000000e+00
     1.000000000000e+00-9.453125000000e+00 3.820516282696e-09 2.668397379404e+00
    -6.598420441151e-07 3.616833128035e-04 7.340684533119e-06 5.282624479294e+03
     2.952000000000e+05 8.288770914078e-08-1.678199193241e+00 2.700835466385e-08
     9.656078688950e-01 2.145156250000e+02-1.266718933711e+00-6.757781488724e-09
     5.160929259133e-10                    1.002000000000e+03                   
     2.000000000000e+00 1.000000000000e+00 1.700000000000e-09 1.700000000000e-09
     2.952000000000e+05 1.000000000000e+00                                      
> EPH C49 D1  
C49 2025 03 19 10 00 00-1.619115937501e-05-5.600853114629e-12 0.000000000000e+00
     1.000000000000e+01-3.070312500000e+01 4.034453765479e-09-1.241548625015e+00
    -1.566018909216e-06 3.977213054895e-04 1.870561391115e-06 5.282639078140e+03
     2.952000000000e+05 2.793967723846e-09 2.516418650069e+00-3.771856427193e-08
     9.574703314882e-01 3.221562500000e+02 7.768886000714e-01-7.196728344051e-09
    -2.232235838726e-10                    1.002000000000e+03                   
     2.000000000000e+00 1.000000000000e+00-3.200000000000e-09-3.200000000000e-09
     2.952000000000e+05 1.000000000000e+01                                      
> EPH C50 D1  
C50 2025 03 19 10 00 00-6.595001323149e-04 8.942180329541e-12 0.000000000000e+00
     2.000000000000e+01-3.125000000000e-02 3.793729452631e-09-1.129996428430e-01
    -1.443549990654e-08 3.228492569178e-04 7.500406354666e-06 5.282618589401e+03
     2.952000000000e+05-1.862645149231e-08-1.677953194789e+00-2.887099981308e-08
     9.655731450715e-01 2.076093750000e+02-8.294925243560e-01-6.754209911382e-09
     4.868059917093e-10                    1.002000000000e+03                   
     2.000000000000e+00 1.000000000000e+00 3.190000000000e-08 3.190000000000e-08
     2.952000000000e+05 2.000000000000e+01                                      
> EPH C59 D2  
C59 2025 03 19 10 00 00 6.654299795628e-07 2.025046796916e-13 0.000000000000e+00
     1.000000000000e+01-8.325000000000e+01 6.356336195488e-09 2.328316031937e-01
    -2.764631062746e-06 3.484439803287e-04-1.249043270946e-05 6.493510883331e+03
     2.952000000000e+05-5.308538675308e-08-7.547605845907e-01 1.126900315285e-07
     1.272561847537e-01 3.778125000000e+02-6.439373337518e-01-5.199145136692e-09
     9.214669542259e-11                    1.002000000000e+03                   
     2.000000000000e+00 1.000000000000e+00 4.200000000000e-08 4.200000000000e-08
     2.952000000000e+05 1.000000000000e+01                                      
> EPH C60 D2  
C60 2025 03 19 10 00 00 4.085013642907e-07-1.687538997430e-14 0.000000000000e+00
     1.000000000000e+00 6.695312500000e+01 6.958504135342e-09 8.241702499076e-01
     2.355314791203e-06 3.027449129149e-04-1.351349055767e-05 6.493447048187e+03
     2.952000000000e+05-2.747401595116e-08-1.019748470126e+00 1.764856278896e-07
     8.489254512097e-02 4.108750000000e+02-2.015773640400e+00-6.011678981988e-09
     1.400058318049e-10                    1.002000000000e+03                   
     2.000000000000e+00 0.000000000000e+00 4.800000000000e-08 4.800000000000e-08
     2.952000000000e+05 0.000000000000e+00                                      
> EPH C62 D2  
C62 2025 03 19 10 00 00-2.926681190729e-07 3.375077994860e-14 0.000000000000e+00
     1.000000000000e+01-4.264218750000e+02 7.715321374104e-09-1.543700825221e-01
    -1.410022377968e-05 2.011222532019e-04-5.063600838184e-06 6.493430500031e+03
     2.952000000000e+05 1.168809831142e-07-2.420008708905e-01 1.457519829273e-07
     6.908263144318e-02 1.550156250000e+02-4.165209134708e-01-6.597060508336e-09
    -5.500229106620e-11                    1.002000000000e+03                   
     2.000000000000e+00 1.000000000000e+00 5.000000000000e-09 5.000000000000e-09
     2.952000000000e+05 1.000000000000e+01                                      
> EPH E02 FNAV
E02 2025 03 19 09 40 00 2.057062811218e-04 2.813749233610e-12 0.000000000000e+00
     1.090000000000e+02 1.204375000000e+02 2.939408152434e-09 1.403345094133e+00
     5.504116415977e-06 4.415365401655e-04 8.789822459221e-06 5.440624368668e+03
     2.940000000000e+05-1.117587089539e-08 1.054623998260e+00 1.303851604462e-08
     9.642681138889e-01 1.535000000000e+02 8.392101039893e-01-5.431654821654e-09
    -3.571577341961e-11 2.580000000000e+02 2.358000000000e+03 0.000000000000e+00
     3.120000000000e+00 0.000000000000e+00-3.492459654808e-09 0.000000000000e+00
     9.999000000000e+08                                                         
> EPH E02 INAV
E02 2025 03 19 09 40 00 2.057055826299e-04 2.813749233610e-12 0.000000000000e+00
     1.090000000000e+02 1.204375000000e+02 2.939408152434e-09 1.403345094133e+00
     5.504116415977e-06 4.415365401655e-04 8.789822459221e-06 5.440624368668e+03
     2.940000000000e+05-1.117587089539e-08 1.054623998260e+00 1.303851604462e-08
     9.642681138889e-01 1.535000000000e+02 8.392101039893e-01-5.431654821654e-09
    -3.571577341961e-11 5.170000000000e+02 2.358000000000e+03 0.000000000000e+00
     3.120000000000e+00 0.000000000000e+00-3.492459654808e-09-4.423782229424e-09
     9.999000000000e+08                                                         
> EPH E03 FNAV
E03 2025 03 19 09 30 00-1.799633027986e-04-2.486899575160e-12 0.000000000000e+00
     1.080000000000e+02-1.056250000000e+01 3.508003265274e-09-1.931528190759e+00
    -6.705522537231e-07 2.912741620094e-04 4.988163709641e-06 5.440599109650e+03
     2.934000000000e+05 1.490116119385e-08-1.048535246902e+00 1.862645149231e-08
     9.635477583974e-01 2.326562500000e+02-8.325966375633e-02-5.738453315328e-09
     2.425101015191e-10 2.580000000000e+02 2.358000000000e+03 0.000000000000e+00
     3.120000000000e+00 0.000000000000e+00 2.561137080193e-09 0.000000000000e+00
     9.999000000000e+08                                                         
> EPH E03 INAV
E03 2025 03 19 09 30 00-1.799628371373e-04-2.486899575160e-12 0.000000000000e+00
     1.080000000000e+02-1.056250000000e+01 3.508003265274e-09-1.931528190759e+00
    -6.705522537231e-07 2.912741620094e-04 4.988163709641e-06 5.440599109650e+03
     2.934000000000e+05 1.490116119385e-08-1.048535246902e+00 1.862645149231e-08
     9.635477583974e-01 2.326562500000e+02-8.325966375633e-02-5.738453315328e-09
     2.425101015191e-10 5.170000000000e+02 2.358000000000e+03 0.000000000000e+00
     3.120000000000e+00 0.000000000000e+00 2.561137080193e-09 2.793967723846e-09
     9.999000000000e+08                                                         
> EPH E04 FNAV
E04 2025 03 19 10 00 00-1.852880232036e-04-9.720224625198e-12 0.000000000000e+00
     1.110000000000e+02-2.428125000000e+01 3.491931167235e-09 1.736907450424e+00
    -1.301988959312e-06 3.575792070478e-04 5.189329385757e-06 5.440597406387e+03
     2.952000000000e+05 4.842877388000e-08-1.048419854850e+00-3.539025783539e-08
     9.635875366029e-01 2.334062500000e+02-1.189093960799e+00-5.686308286136e-09
     2.510818871398e-10 2.580000000000e+02 2.358000000000e+03 0.000000000000e+00
     3.120000000000e+00 0.000000000000e+00-5.355104804039e-09 0.000000000000e+00
     9.999000000000e+08                                                         
> EPH E04 INAV
E04 2025 03 19 10 00 00-1.852882560343e-04-9.720224625198e-12 0.000000000000e+00
     1.110000000000e+02-2.428125000000e+01 3.491931167235e-09 1.736907450424e+00
    -1.301988959312e-06 3.575792070478e-04 5.189329385757e-06 5.440597406387e+03
     2.952000000000e+05 4.842877388000e-08-1.048419854850e+00-3.539025783539e-08
     9.635875366029e-01 2.334062500000e+02-1.189093960799e+00-5.686308286136e-09
     2.510818871398e-10 5.170000000000e+02 2.358000000000e+03 0.000000000000e+00
     3.120000000000e+00 0.000000000000e+00-5.355104804039e-09-6.053596735001e-09
     9.999000000000e+08                                                         
> EPH E05 FNAV
E05 2025 03 19 10 30 00 4.836687352508e-03 3.169020601490e-12 0.000000000000e+00
     1.140000000000e+02-2.415625000000e+01 3.414427938915e-09 2.722380812031e-01
    -1.026317477226e-06 2.648835070431e-04 5.073845386505e-06 5.440601341248e+03
     2.970000000000e+05-2.235174179077e-08-1.048549728328e+00-5.029141902924e-08
     9.635626626068e-01 2.329375000000e+02-1.059885032032e+00-5.677022185047e-09
     2.703684047864e-10 2.580000000000e+02 2.358000000000e+03 0.000000000000e+00
     3.120000000000e+00 0.000000000000e+00 2.561137080193e-09 0.000000000000e+00
     9.999000000000e+08                                                         
> EPH E05 INAV
E05 2025 03 19 10 40 00 4.836689855438e-03 3.169020601490e-12 0.000000000000e+00
     1.150000000000e+02-2.415625000000e+01 3.409070572902e-09 3.465943070327e-01
    -1.024454832077e-06 2.648875815794e-04 5.079433321953e-06 5.440601358414e+03
     2.976000000000e+05-1.303851604462e-08-1.048553170574e+00-5.215406417847e-08
     9.635628557120e-01 2.330312500000e+02-1.059855189966e+00-5.670950503565e-09
     2.707255625206e-10 5.170000000000e+02 2.358000000000e+03 0.000000000000e+00
     3.120000000000e+00 0.000000000000e+00 2.561137080193e-09 3.026798367500e-09
     9.999000000000e+08                                                         
> EPH E06 FNAV
E06 2025 03 19 10 30 00-9.537779260427e-05-4.575895218295e-12 0.000000000000e+00
     1.140000000000e+02-2.431250000000e+01 3.592649648278e-09-1.383327516458e+00
    -1.238659024239e-06 1.928705023602e-04 5.172565579414e-06 5.440598453522e+03
     2.970000000000e+05 2.607703208923e-08-1.046407773415e+00-3.725290298462e-08
     9.568285507898e-01 2.315312500000e+02 1.760217595877e+00-5.741310577202e-09
     2.521533603424e-10 2.580000000000e+02 2.358000000000e+03 0.000000000000e+00
     3.120000000000e+00 0.000000000000e+00 9.313225746155e-10 0.000000000000e+00
     9.999000000000e+08                                                         
> EPH E06 INAV
E06 2025 03 19 10 30 00-9.537627920508e-05-4.575895218295e-12 0.000000000000e+00
     1.140000000000e+02-2.431250000000e+01 3.592649648278e-09-1.383327516458e+00
    -1.238659024239e-06 1.928705023602e-04 5.172565579414e-06 5.440598453522e+03
     2.970000000000e+05 2.607703208923e-08-1.046407773415e+00-3.725290298462e-08
     9.568285507898e-01 2.315312500000e+02 1.760217595877e+00-5.741310577202e-09
     2.521533603424e-10 5.170000000000e+02 2.358000000000e+03 0.000000000000e+00
     3.120000000000e+00 0.000000000000e+00 9.313225746155e-10 2.095475792885e-09
     9.999000000000e+08                                                         
> EPH E07 FNAV
E07 2025 03 19 10 30 00-1.747723435983e-04-2.046363078989e-12 0.000000000000e+00
     1.140000000000e+02-1.615625000000e+01 3.514789262224e-09-2.362275420790e+00
    -7.320195436478e-07 3.738868981600e-04 4.921108484268e-06 5.440600969315e+03
     2.970000000000e+05-2.421438694000e-08-1.048483720001e+00 5.587935447693e-09
     9.635896358904e-01 2.392500000000e+02-7.708774945533e-01-5.697023018162e-09
     2.625109346341e-10 2.580000000000e+02 2.358000000000e+03 0.000000000000e+00
     3.120000000000e+00 0.000000000000e+00 2.328306436539e-09 0.000000000000e+00
     9.999000000000e+08                                                         
> EPH E07 INAV
E07 2025 03 19 10 40 00-1.747728674673e-04-2.046363078989e-12 0.000000000000e+00
     1.150000000000e+02-1.559375000000e+01 3.510146211679e-09-2.287717050404e+00
    -7.264316082001e-07 3.738814266399e-04 4.919245839119e-06 5.440601095200e+03
     2.976000000000e+05-2.235174179077e-08-1.048487138841e+00 5.587935447693e-09
     9.635897836451e-01 2.393125000000e+02-7.710496858629e-01-5.698094491364e-09
     2.632252501025e-10 5.170000000000e+02 2.358000000000e+03 0.000000000000e+00
     3.120000000000e+00 0.000000000000e+00 2.328306436539e-09 2.793967723846e-09
     9.999000000000e+08                                                         
> EPH E08 FNAV
E08 2025 03 19 09 40 00-4.347201902419e-04-6.309619493550e-12 0.000000000000e+00
     1.090000000000e+02-1.290625000000e+01 3.451572343271e-09-2.338221814518e+00
    -7.338821887970e-07 3.079226007685e-04 4.954636096954e-06 5.440602088928e+03
     2.940000000000e+05-7.450580596924e-09-1.047368416127e+00-1.862645149231e-08
     9.693724632826e-01 2.410937500000e+02-3.792399106017e-01-5.669879030363e-09
     2.389385241772e-10 2.580000000000e+02 2.358000000000e+03 0.000000000000e+00
     3.120000000000e+00 0.000000000000e+00-6.053596735001e-09 0.000000000000e+00
     9.999000000000e+08                                                         
> EPH E08 INAV
E08 2025 03 19 09 40 00-4.347207141109e-04-6.309619493550e-12 0.000000000000e+00
     1.090000000000e+02-1.290625000000e+01 3.451572343271e-09-2.338221814518e+00
    -7.338821887970e-07 3.079226007685e-04 4.954636096954e-06 5.440602088928e+03
     2.940000000000e+05-7.450580596924e-09-1.047368416127e+00-1.862645149231e-08
     9.693724632826e-01 2.410937500000e+02-3.792399106017e-01-5.669879030363e-09
     2.389385241772e-10 5.170000000000e+02 2.358000000000e+03 0.000000000000e+00
     3.120000000000e+00 0.000000000000e+00-6.053596735001e-09-6.752088665962e-09
     9.999000000000e+08                                                         
> EPH E09 FNAV
E09 2025 03 19 10 30 00-8.173768292181e-04-1.452349351894e-11 0.000000000000e+00
     1.140000000000e+02-2.490625000000e+01 3.377283534558e-09 4.581292060746e-01
    -1.136213541031e-06 3.682837123051e-04 5.286186933517e-06 5.440603321075e+03
     2.970000000000e+05 1.676380634308e-08-1.047340761124e+00-2.607703208923e-08
     9.694013793214e-01 2.347500000000e+02-4.477991567694e-01-5.610590846486e-09
     2.467959943295e-10 2.580000000000e+02 2.358000000000e+03 0.000000000000e+00
     3.120000000000e+00 0.000000000000e+00-4.656612873077e-10 0.000000000000e+00
     9.999000000000e+08                                                         
> EPH E09 INAV
E09 2025 03 19 10 40 00-8.173852111213e-04-1.452349351894e-11 0.000000000000e+00
     1.150000000000e+02-2.525000000000e+01 3.375140588153e-09 5.326239790238e-01
    -1.171603798866e-06 3.682675305754e-04 5.289912223816e-06 5.440603233337e+03
     2.976000000000e+05 1.676380634308e-08-1.047344127298e+00-2.793967723846e-08
     9.694015226874e-01 2.347187500000e+02-4.479080227442e-01-5.611305161955e-09
     2.475103097979e-10 5.170000000000e+02 2.358000000000e+03 0.000000000000e+00
     3.120000000000e+00 0.000000000000e+00-4.656612873077e-10-4.656612873077e-10
     9.999000000000e+08                                                         
> EPH E10 FNAV
E10 2025 03 19 09 40 00-6.971782422625e-04-2.529532139306e-12 0.000000000000e+00
     1.090000000000e+02-1.044687500000e+02 2.435101431749e-09 1.229357018306e+00
    -4.928559064865e-06 1.391257392243e-04 5.418434739113e-06 5.440612842560e+03
     2.940000000000e+05 1.154839992523e-07-3.138238141472e+00 2.048909664154e-08
     9.999528493070e-01 2.437812500000e+02 8.837582050823e-01-5.440226607275e-09
    -2.471531520637e-10 2.580000000000e+02 2.358000000000e+03 0.000000000000e+00
     3.120000000000e+00 0.000000000000e+00-6.984919309616e-10 0.000000000000e+00
     9.999000000000e+08                                                         
> EPH E10 INAV
E10 2025 03 19 09 40 00-6.971773691475e-04-2.543742994021e-12 0.000000000000e+00
     1.090000000000e+02-1.044687500000e+02 2.435101431749e-09 1.229357018306e+00
    -4.928559064865e-06 1.391257392243e-04 5.418434739113e-06 5.440612842560e+03
     2.940000000000e+05 1.154839992523e-07-3.138238141472e+00 2.048909664154e-08
     9.999528493070e-01 2.437812500000e+02 8.837582050823e-01-5.440226607275e-09
    -2.471531520637e-10 5.170000000000e+02 2.358000000000e+03 0.000000000000e+00
     3.120000000000e+00 0.000000000000e+00-6.984919309616e-10 0.000000000000e+00
     9.999000000000e+08                                                         
> EPH E11 FNAV
E11 2025 03 19 10 30 00-1.692698220722e-03-2.681872501853e-10-3.469446951954e-18
     1.140000000000e+02-1.032187500000e+02 2.490460880549e-09 1.495264381500e+00
    -4.906207323074e-06 4.827666562051e-04 5.476176738739e-06 5.440608861923e+03
     2.970000000000e+05 9.313225746155e-08-3.135845642821e+00 1.862645149231e-08
     9.970149235935e-01 2.423125000000e+02 5.648722233212e-01-5.459513124921e-09
    -2.778687172046e-10 2.580000000000e+02 2.358000000000e+03 0.000000000000e+00
     3.120000000000e+00 0.000000000000e+00-1.420266926289e-08 0.000000000000e+00
     9.999000000000e+08                                                         
> EPH E11 INAV
E11 2025 03 19 10 30 00-1.692698802799e-03-2.681446176211e-10-3.469446951954e-18
     1.140000000000e+02-1.032187500000e+02 2.490460880549e-09 1.495264381500e+00
    -4.906207323074e-06 4.827666562051e-04 5.476176738739e-06 5.440608861923e+03
     2.970000000000e+05 9.313225746155e-08-3.135845642821e+00 1.862645149231e-08
     9.970149235935e-01 2.423125000000e+02 5.648722233212e-01-5.459513124921e-09
    -2.778687172046e-10 5.170000000000e+02 2.358000000000e+03 0.000000000000e+00
     3.120000000000e+00 0.000000000000e+00-1.420266926289e-08-1.559965312481e-08
     9.999000000000e+08                                                         
> EPH E12 FNAV
E12 2025 03 19 10 30 00-7.855238509364e-04-1.908802005346e-10 0.000000000000e+00
     1.140000000000e+02-1.129062500000e+02 2.448316267914e-09 2.693933111870e+00
    -5.217269062996e-06 5.079326219857e-04 5.317851901054e-06 5.440609619141e+03
     2.970000000000e+05 7.823109626770e-08-3.135841258455e+00 8.195638656616e-08
     9.970270570360e-01 2.451250000000e+02 1.570100483959e-01-5.478085327100e-09
    -2.271523189487e-10 2.580000000000e+02 2.358000000000e+03 0.000000000000e+00
     3.120000000000e+00 0.000000000000e+00-1.164153218269e-08 0.000000000000e+00
     9.999000000000e+08                                                         
> EPH E12 INAV
E12 2025 03 19 10 30 00-7.855232106522e-04-1.908233571157e-10 0.000000000000e+00
     1.140000000000e+02-1.129062500000e+02 2.448316267914e-09 2.693933111870e+00
    -5.217269062996e-06 5.079326219857e-04 5.317851901054e-06 5.440609619141e+03
     2.970000000000e+05 7.823109626770e-08-3.135841258455e+00 8.195638656616e-08
     9.970270570360e-01 2.451250000000e+02 1.570100483959e-01-5.478085327100e-09
    -2.271523189487e-10 5.170000000000e+02 2.358000000000e+03 0.000000000000e+00
     3.120000000000e+00 0.000000000000e+00-1.164153218269e-08-1.164153218269e-08
     9.999000000000e+08                                                         
> EPH E13 FNAV
E13 2025 03 19 10 30 00-3.184581873938e-05-5.826450433233e-13 0.000000000000e+00
     1.140000000000e+02-1.082812500000e+02 2.456888053535e-09-6.924740634328e-01
    -5.112960934639e-06 3.379643894732e-04 6.228685379028e-06 5.440610166550e+03
     2.970000000000e+05-2.048909664154e-08-3.136354839254e+00-1.862645149231e-08
     1.000113862460e+00 2.245625000000e+02-3.679212534427e-01-5.403439360653e-09
    -2.700112470522e-10 2.580000000000e+02 2.358000000000e+03 0.000000000000e+00
     3.120000000000e+00 0.000000000000e+00 3.725290298462e-09 0.000000000000e+00
     9.999000000000e+08                                                         
> EPH E13 INAV
E13 2025 03 19 10 40 00-3.184593515471e-05-5.826450433233e-13 0.000000000000e+00
     1.150000000000e+02-1.076250000000e+02 2.469745731966e-09-6.180710666494e-01
    -5.094334483147e-06 3.378357505426e-04 6.256625056267e-06 5.440609912872e+03
     2.976000000000e+05-2.793967723846e-08-3.136357987454e+00-1.862645149231e-09
     1.000113660577e+00 2.237187500000e+02-3.679393321843e-01-5.415225565881e-09
    -2.739399821284e-10 5.170000000000e+02 2.358000000000e+03 0.000000000000e+00
     3.120000000000e+00 0.000000000000e+00 3.725290298462e-09 3.958120942116e-09
     9.999000000000e+08                                                         
> EPH E14 FNAV
E14 2025 03 19 10 00 00 4.075416363776e-04-3.603020104492e-10-6.938893903907e-18
     1.110000000000e+02-3.125000000000e-02 7.726750421598e-09-5.518192343546e-01
    -8.121132850647e-07 1.620374334743e-01 1.017004251480e-06 5.289308053970e+03
     2.952000000000e+05 1.635402441025e-06 2.047152254508e+00-1.251697540283e-06
     8.615596959681e-01 2.862812500000e+02 2.837057636324e+00-1.171834525897e-08
    -4.535903224290e-11 2.580000000000e+02 2.358000000000e+03 0.000000000000e+00
     3.600000000000e+00 1.600000000000e+01-2.793967723846e-09 0.000000000000e+00
     9.999000000000e+08                                                         
> EPH E14 INAV
E14 2025 03 19 10 00 00 4.075408214703e-04-3.603020104492e-10-6.938893903907e-18
     1.110000000000e+02-3.125000000000e-02 7.726750421598e-09-5.518192343546e-01
    -8.121132850647e-07 1.620374334743e-01 1.017004251480e-06 5.289308053970e+03
     2.952000000000e+05 1.635402441025e-06 2.047152254508e+00-1.251697540283e-06
     8.615596959681e-01 2.862812500000e+02 2.837057636324e+00-1.171834525897e-08
    -4.535903224290e-11 5.170000000000e+02 2.358000000000e+03 0.000000000000e+00
     3.600000000000e+00 1.300000000000e+02-2.793967723846e-09-3.958120942116e-09
     9.999000000000e+08                                                         
> EPH E15 FNAV
E15 2025 03 19 10 30 00-1.631270279177e-04-2.145839061996e-12 0.000000000000e+00
     1.140000000000e+02-1.026250000000e+02 2.393671134582e-09 2.692588631639e-01
    -4.790723323822e-06 3.613139269873e-04 5.992129445076e-06 5.440611148834e+03
     2.970000000000e+05 3.166496753693e-08-3.136433061484e+00 2.048909664154e-08
     1.000070050989e+00 2.289062500000e+02-5.304825770944e-01-5.354508751068e-09
    -2.110802209099e-10 2.580000000000e+02 2.358000000000e+03 0.000000000000e+00
     3.120000000000e+00 0.000000000000e+00 6.752088665962e-09 0.000000000000e+00
     9.999000000000e+08                                                         
> EPH E15 INAV
E15 2025 03 19 10 40 00-1.631276099943e-04-2.131628207280e-12 0.000000000000e+00
     1.150000000000e+02-1.009375000000e+02 2.390099557240e-09 3.430365604839e-01
    -4.719942808151e-06 3.614621236920e-04 5.934387445450e-06 5.440611671448e+03
     2.976000000000e+05 2.980232238770e-08-3.136436262348e+00 7.450580596924e-09
     1.000069868124e+00 2.302812500000e+02-5.298750389194e-01-5.362366221220e-09
    -2.075086435679e-10 5.170000000000e+02 2.358000000000e+03 0.000000000000e+00
     3.120000000000e+00 0.000000000000e+00 6.752088665962e-09 6.984919309616e-09
     9.999000000000e+08                                                         
> EPH E16 FNAV
E16 2025 03 19 10 30 00-2.715154550970e-05-2.245315045002e-12 0.000000000000e+00
     1.140000000000e+02 1.254062500000e+02 2.997982020842e-09 1.257442608206e+00
     5.993992090225e-06 3.053930122405e-04 9.585171937943e-06 5.440623157501e+03
     2.970000000000e+05 2.048909664154e-08 1.047423838779e+00-1.676380634308e-08
     9.657929806971e-01 1.335312500000e+02 2.527786197950e+00-5.487371428189e-09
    -6.107397254753e-11 2.580000000000e+02 2.358000000000e+03 0.000000000000e+00
     3.120000000000e+00 0.000000000000e+00-2.793967723846e-09 0.000000000000e+00
     9.999000000000e+08                                                         
> EPH E16 INAV
E16 2025 03 19 10 30 00-2.715014852583e-05-2.259525899717e-12 0.000000000000e+00
     1.140000000000e+02 1.254062500000e+02 2.997982020842e-09 1.257442608206e+00
     5.993992090225e-06 3.053930122405e-04 9.585171937943e-06 5.440623157501e+03
     2.970000000000e+05 2.048909664154e-08 1.047423838779e+00-1.676380634308e-08
     9.657929806971e-01 1.335312500000e+02 2.527786197950e+00-5.487371428189e-09
    -6.107397254753e-11 5.170000000000e+02 2.358000000000e+03 0.000000000000e+00
     3.120000000000e+00 0.000000000000e+00-2.793967723846e-09-1.629814505577e-09
     9.999000000000e+08                                                         
> EPH E18 FNAV
E18 2025 03 19 10 30 00 1.232955371961e-03 4.263256414561e-11 0.000000000000e+00
     1.140000000000e+02 1.539687500000e+02 4.501616081807e-09 2.708055448602e+00
     7.389113306999e-06 1.620678906329e-01-6.090849637985e-07 5.289388105392e+03
     2.970000000000e+05-1.672655344009e-06 2.063173622754e+00 9.685754776001e-07
     8.612867008254e-01 3.645000000000e+02 2.823448893557e+00-5.994535410747e-09
    -4.643050544549e-12 2.580000000000e+02 2.358000000000e+03 0.000000000000e+00
     3.120000000000e+00 1.600000000000e+01-2.328306436539e-09 0.000000000000e+00
     9.999000000000e+08                                                         
> EPH E18 INAV
E18 2025 03 19 10 40 00 1.232980401255e-03 4.261835329089e-11 0.000000000000e+00
     1.150000000000e+02 1.395937500000e+02 4.300536277455e-09 2.789007047487e+00
     6.996095180511e-06 1.620656094747e-01-1.160427927971e-06 5.289391286850e+03
     2.976000000000e+05-1.590698957443e-06 2.063169724078e+00 9.294599294662e-07
     8.612869817056e-01 3.845937500000e+02 2.823448870150e+00-5.942033223820e-09
    -3.571577341961e-13 5.170000000000e+02 2.358000000000e+03 0.000000000000e+00
     3.120000000000e+00 1.300000000000e+02-2.328306436539e-09-3.026798367500e-09
     9.999000000000e+08                                                         
> EPH E19 FNAV
E19 2025 03 19 10 30 00 1.528431195766e-03 5.185540885577e-11 0.000000000000e+00
     1.140000000000e+02-2.184375000000e+01 3.368711748937e-09 2.999225467196e+00
    -1.035630702972e-06 3.666727570817e-04 4.798173904419e-06 5.440612018585e+03
     2.970000000000e+05 1.303851604462e-08-1.042306358232e+00 4.842877388000e-08
     9.690637495320e-01 2.374687500000e+02-1.365172384178e+00-5.635234730146e-09
     2.989410235221e-10 2.580000000000e+02 2.358000000000e+03 0.000000000000e+00
     3.120000000000e+00 0.000000000000e+00-6.053596735001e-09 0.000000000000e+00
     9.999000000000e+08                                                         
> EPH E19 INAV
E19 2025 03 19 10 30 00 1.528431137558e-03 5.185540885577e-11 0.000000000000e+00
     1.140000000000e+02-2.184375000000e+01 3.368711748937e-09 2.999225467196e+00
    -1.035630702972e-06 3.666727570817e-04 4.798173904419e-06 5.440612018585e+03
     2.970000000000e+05 1.303851604462e-08-1.042306358232e+00 4.842877388000e-08
     9.690637495320e-01 2.374687500000e+02-1.365172384178e+00-5.635234730146e-09
     2.989410235221e-10 5.170000000000e+02 2.358000000000e+03 0.000000000000e+00
     3.120000000000e+00 0.000000000000e+00-6.053596735001e-09-6.286427378654e-09
     9.999000000000e+08                                                         
> EPH E21 FNAV
E21 2025 03 19 10 30 00-6.530054379255e-04-2.330580173293e-12 0.000000000000e+00
     1.140000000000e+02 1.442500000000e+02 2.971909506246e-09-1.158253292390e+00
     6.727874279022e-06 2.179520670325e-04 9.313225746155e-06 5.440618740082e+03
     2.970000000000e+05 0.000000000000e+00 1.051429719560e+00-6.146728992462e-08
     9.638760386773e-01 1.384375000000e+02 1.404890851412e+00-5.456298705314e-09
    -6.928860043404e-11 2.580000000000e+02 2.358000000000e+03 0.000000000000e+00
     3.120000000000e+00 0.000000000000e+00 4.656612873077e-10 0.000000000000e+00
     9.999000000000e+08                                                         
> EPH E21 INAV
E21 2025 03 19 10 40 00-6.530064856634e-04-2.330580173293e-12 0.000000000000e+00
     1.150000000000e+02 1.414375000000e+02 2.988338762019e-09-1.084603009383e+00
     6.623566150665e-06 2.176284324378e-04 9.279698133469e-06 5.440618030548e+03
     2.976000000000e+05 9.313225746155e-09 1.051426435309e+00-6.332993507385e-08
     9.638759626056e-01 1.393750000000e+02 1.405625307970e+00-5.459870282656e-09
    -6.500270762369e-11 5.170000000000e+02 2.358000000000e+03 0.000000000000e+00
     3.120000000000e+00 0.000000000000e+00 4.656612873077e-10 2.328306436539e-10
     9.999000000000e+08                                                         
> EPH E23 FNAV
E23 2025 03 19 10 00 00 4.693923983723e-06-7.105427357601e-13 0.000000000000e+00
     1.110000000000e+02 1.478125000000e+02 2.927621947205e-09-2.641462990462e+00
     6.752088665962e-06 3.695613704622e-04 1.012347638607e-05 5.440620670319e+03
     2.952000000000e+05-3.166496753693e-08 1.047532028885e+00-2.980232238770e-08
     9.657720434136e-01 1.251562500000e+02 1.884837344778e+00-5.403796518387e-09
    -6.000249934494e-11 2.580000000000e+02 2.358000000000e+03 0.000000000000e+00
     3.120000000000e+00 0.000000000000e+00 6.984919309616e-10 0.000000000000e+00
     9.999000000000e+08                                                         
> EPH E23 INAV
E23 2025 03 19 10 00 00 4.695379175246e-06-7.105427357601e-13 0.000000000000e+00
     1.110000000000e+02 1.478125000000e+02 2.927621947205e-09-2.641462990462e+00
     6.752088665962e-06 3.695613704622e-04 1.012347638607e-05 5.440620670319e+03
     2.952000000000e+05-3.166496753693e-08 1.047532028885e+00-2.980232238770e-08
     9.657720434136e-01 1.251562500000e+02 1.884837344778e+00-5.403796518387e-09
    -6.000249934494e-11 5.170000000000e+02 2.358000000000e+03 0.000000000000e+00
     3.120000000000e+00 0.000000000000e+00 6.984919309616e-10 1.862645149231e-09
     9.999000000000e+08                                                         
> EPH E24 FNAV
E24 2025 03 19 10 30 00-1.330072758719e-03-2.140154720109e-11 0.000000000000e+00
     1.140000000000e+02 1.290000000000e+02 3.036555056135e-09-3.125065904201e+00
     6.157904863358e-06 7.294638780877e-04 1.013278961182e-05 5.440629493713e+03
     2.970000000000e+05 2.980232238770e-08 1.053973189894e+00 1.862645149231e-08
     9.616830966811e-01 1.221562500000e+02 1.024784858197e+00-5.518801308798e-09
    -4.143029716675e-11 2.580000000000e+02 2.358000000000e+03 0.000000000000e+00
     3.120000000000e+00 0.000000000000e+00-3.492459654808e-09 0.000000000000e+00
     9.999000000000e+08                                                         
> EPH E24 INAV
E24 2025 03 19 10 30 00-1.330073399004e-03-2.140154720109e-11 0.000000000000e+00
     1.140000000000e+02 1.290000000000e+02 3.036555056135e-09-3.125065904201e+00
     6.157904863358e-06 7.294638780877e-04 1.013278961182e-05 5.440629493713e+03
     2.970000000000e+05 2.980232238770e-08 1.053973189894e+00 1.862645149231e-08
     9.616830966811e-01 1.221562500000e+02 1.024784858197e+00-5.518801308798e-09
    -4.143029716675e-11 5.170000000000e+02 2.358000000000e+03 0.000000000000e+00
     3.120000000000e+00 0.000000000000e+00-3.492459654808e-09-4.656612873077e-09
     9.999000000000e+08                                                         
> EPH E25 FNAV
E25 2025 03 19 10 30 00 1.534190960228e-05 3.979039320257e-13 0.000000000000e+00
     1.140000000000e+02 1.160000000000e+02 3.042626737616e-09 2.719048063746e+00
     5.446374416351e-06 1.285373000428e-04 9.160488843918e-06 5.440613437653e+03
     2.970000000000e+05-1.490116119385e-08 1.051429311405e+00-2.980232238770e-08
     9.638820468819e-01 1.403750000000e+02 6.882810959103e-01-5.490228690062e-09
    -6.035965707914e-11 2.580000000000e+02 2.358000000000e+03 0.000000000000e+00
     3.120000000000e+00 0.000000000000e+00 3.492459654808e-09 0.000000000000e+00
     9.999000000000e+08                                                         
> EPH E25 INAV
E25 2025 03 19 10 30 00 1.534237526357e-05 3.979039320257e-13 0.000000000000e+00
     1.140000000000e+02 1.160000000000e+02 3.042626737616e-09 2.719048063746e+00
     5.446374416351e-06 1.285373000428e-04 9.160488843918e-06 5.440613437653e+03
     2.970000000000e+05-1.490116119385e-08 1.051429311405e+00-2.980232238770e-08
     9.638820468819e-01 1.403750000000e+02 6.882810959103e-01-5.490228690062e-09
    -6.035965707914e-11 5.170000000000e+02 2.358000000000e+03 0.000000000000e+00
     3.120000000000e+00 0.000000000000e+00 3.492459654808e-09 3.492459654808e-09
     9.999000000000e+08                                                         
> EPH E26 FNAV
E26 2025 03 19 09 50 00-9.402353316545e-05 1.089972556656e-11 0.000000000000e+00
     1.100000000000e+02-1.265625000000e+02 2.446173321509e-09-1.413991868128e+00
    -5.817040801048e-06 2.488776808605e-04 6.038695573807e-06 5.440610542297e+03
     2.946000000000e+05-9.126961231232e-08-3.137635874191e+00 1.862645149231e-08
     9.934269809527e-01 2.269375000000e+02-7.376304107531e-01-5.426654613375e-09
    -2.685826161155e-10 2.580000000000e+02 2.358000000000e+03 0.000000000000e+00
     3.120000000000e+00 0.000000000000e+00-6.286427378654e-09 0.000000000000e+00
     9.999000000000e+08                                                         
> EPH E26 INAV
E26 2025 03 19 09 50 00-9.402399882674e-05 1.088551471184e-11 0.000000000000e+00
     1.100000000000e+02-1.265625000000e+02 2.446173321509e-09-1.413991868128e+00
    -5.817040801048e-06 2.488776808605e-04 6.038695573807e-06 5.440610542297e+03
     2.946000000000e+05-9.126961231232e-08-3.137635874191e+00 1.862645149231e-08
     9.934269809527e-01 2.269375000000e+02-7.376304107531e-01-5.426654613375e-09
    -2.685826161155e-10 5.170000000000e+02 2.358000000000e+03 0.000000000000e+00
     3.120000000000e+00 0.000000000000e+00-6.286427378654e-09-6.752088665962e-09
     9.999000000000e+08                                                         
> EPH E27 FNAV
E27 2025 03 19 10 30 00-6.113079143688e-04-1.013233941194e-11 0.000000000000e+00
     1.140000000000e+02 1.312187500000e+02 3.092985978138e-09 2.912757787939e-01
     6.262212991714e-06 2.444831188768e-04 8.609145879745e-06 5.440612728119e+03
     2.970000000000e+05 5.774199962616e-08 1.051399483969e+00 1.676380634308e-08
     9.638473172067e-01 1.572812500000e+02 7.533972970843e-01-5.481656904442e-09
    -1.928651764659e-11 2.580000000000e+02 2.358000000000e+03 0.000000000000e+00
     3.120000000000e+00 0.000000000000e+00 4.656612873077e-10 0.000000000000e+00
     9.999000000000e+08                                                         
> EPH E27 INAV
E27 2025 03 19 10 40 00-6.113136769272e-04-1.013233941194e-11 0.000000000000e+00
     1.150000000000e+02 1.312500000000e+02 3.095843240012e-09 3.656491383200e-01
     6.258487701416e-06 2.444897545502e-04 8.629634976387e-06 5.440612741470e+03
     2.976000000000e+05 5.215406417847e-08 1.051396154367e+00 2.607703208923e-08
     9.638472791708e-01 1.572187500000e+02 7.534093134935e-01-5.480228273505e-09
    -1.321483616526e-11 5.170000000000e+02 2.358000000000e+03 0.000000000000e+00
     3.120000000000e+00 0.000000000000e+00 4.656612873077e-10 4.656612873077e-10
     9.999000000000e+08                                                         
> EPH E29 FNAV
E29 2025 03 19 09 50 00-7.987173739821e-05-3.311129148642e-12 0.000000000000e+00
     1.100000000000e+02-1.846875000000e+01 3.601935749368e-09-1.654981717797e+00
    -7.729977369308e-07 1.501714577898e-04 4.786998033524e-06 5.440594993591e+03
     2.946000000000e+05-7.450580596924e-09-1.046392172857e+00 2.793967723846e-08
     9.569104727393e-01 2.340625000000e+02-2.585080931020e+00-5.743096365873e-09
     2.882262914962e-10 2.580000000000e+02 2.358000000000e+03 0.000000000000e+00
     3.120000000000e+00 0.000000000000e+00-4.656612873077e-09 0.000000000000e+00
     9.999000000000e+08                                                         
> EPH E29 INAV
E29 2025 03 19 09 50 00-7.987098069862e-05-3.311129148642e-12 0.000000000000e+00
     1.100000000000e+02-1.846875000000e+01 3.601935749368e-09-1.654981717797e+00
    -7.729977369308e-07 1.501714577898e-04 4.786998033524e-06 5.440594993591e+03
     2.946000000000e+05-7.450580596924e-09-1.046392172857e+00 2.793967723846e-08
     9.569104727393e-01 2.340625000000e+02-2.585080931020e+00-5.743096365873e-09
     2.882262914962e-10 5.170000000000e+02 2.358000000000e+03 0.000000000000e+00
     3.120000000000e+00 0.000000000000e+00-4.656612873077e-09-4.423782229424e-09
     9.999000000000e+08                                                         
> EPH E30 FNAV
E30 2025 03 19 10 00 00-1.357303874101e-03-4.051514679304e-11 0.000000000000e+00
     1.110000000000e+02 1.260312500000e+02 3.060841782060e-09 4.642348994870e-01
     5.900859832764e-06 5.266722291708e-04 8.808448910713e-06 5.440623703003e+03
     2.952000000000e+05-7.450580596924e-09 1.053899021410e+00 2.980232238770e-08
     9.616665891135e-01 1.529687500000e+02 1.132040500956e+00-5.473799434289e-09
    -4.643050544549e-12 2.580000000000e+02 2.358000000000e+03 0.000000000000e+00
     3.120000000000e+00 0.000000000000e+00-4.656612873077e-10 0.000000000000e+00
     9.999000000000e+08                                                         
> EPH E30 INAV
E30 2025 03 19 10 00 00-1.357303757686e-03-4.051514679304e-11 0.000000000000e+00
     1.110000000000e+02 1.260312500000e+02 3.060841782060e-09 4.642348994870e-01
     5.900859832764e-06 5.266722291708e-04 8.808448910713e-06 5.440623703003e+03
     2.952000000000e+05-7.450580596924e-09 1.053899021410e+00 2.980232238770e-08
     9.616665891135e-01 1.529687500000e+02 1.132040500956e+00-5.473799434289e-09
    -4.643050544549e-12 5.170000000000e+02 2.358000000000e+03 0.000000000000e+00
     3.120000000000e+00 0.000000000000e+00-4.656612873077e-10-6.984919309616e-10
     9.999000000000e+08                                                         
> EPH E31 FNAV
E31 2025 03 19 10 30 00-5.910830805078e-05-1.591615728103e-12 0.000000000000e+00
     1.140000000000e+02 1.451875000000e+02 3.013696961147e-09-1.693330318782e+00
     6.733462214470e-06 8.230726234615e-05 1.011230051517e-05 5.440617721558e+03
     2.970000000000e+05-5.587935447693e-08 1.051357527478e+00 7.450580596924e-09
     9.638516898688e-01 1.255312500000e+02 3.806962440866e-01-5.459870282656e-09
    -3.071556514086e-11 2.580000000000e+02 2.358000000000e+03 0.000000000000e+00
     3.120000000000e+00 0.000000000000e+00 3.958120942116e-09 0.000000000000e+00
     9.999000000000e+08                                                         
> EPH E31 INAV
E31 2025 03 19 10 40 00-5.910836625844e-05-1.563194018672e-12 0.000000000000e+00
     1.150000000000e+02 1.471250000000e+02 3.019768642628e-09-1.621517836852e+00
     6.809830665588e-06 8.216279093176e-05 1.014396548271e-05 5.440617216110e+03
     2.976000000000e+05-5.774199962616e-08 1.051354202265e+00 0.000000000000e+00
     9.638516781655e-01 1.247187500000e+02 3.832686831248e-01-5.454870074377e-09
    -2.785830326729e-11 5.170000000000e+02 2.358000000000e+03 0.000000000000e+00
     3.120000000000e+00 0.000000000000e+00 3.958120942116e-09 4.423782229424e-09
     9.999000000000e+08                                                         
> EPH E33 FNAV
E33 2025 03 19 10 30 00 1.607928425074e-05-1.278976924368e-13 0.000000000000e+00
     1.140000000000e+02-1.259687500000e+02 2.384027875759e-09-1.706284439356e+00
    -5.764886736870e-06 1.579521922395e-04 5.727633833885e-06 5.440614231110e+03
     2.970000000000e+05-5.029141902924e-08-3.136389685962e+00 1.192092895508e-07
     1.000131976311e+00 2.374375000000e+02-8.998684543788e-01-5.391653155424e-09
    -2.396528396456e-10 2.580000000000e+02 2.358000000000e+03 0.000000000000e+00
     3.120000000000e+00 0.000000000000e+00-3.725290298462e-09 0.000000000000e+00
     9.999000000000e+08                                                         
> EPH E33 INAV
E33 2025 03 19 10 40 00 1.607887679711e-05-1.278976924368e-13 0.000000000000e+00
     1.150000000000e+02-1.255625000000e+02 2.379384825214e-09-1.631482819339e+00
    -5.746260285378e-06 1.579904928803e-04 5.748122930527e-06 5.440614381790e+03
     2.976000000000e+05-6.519258022308e-08-3.136392879513e+00 1.098960638046e-07
     1.000131895851e+00 2.369687500000e+02-9.002851519645e-01-5.387367262614e-09
    -2.496532562031e-10 5.170000000000e+02 2.358000000000e+03 0.000000000000e+00
     3.120000000000e+00 0.000000000000e+00-3.725290298462e-09-4.423782229424e-09
     9.999000000000e+08                                                         
> EPH E34 FNAV
E34 2025 03 19 10 30 00-1.699772546999e-04-2.302158463863e-12 0.000000000000e+00
     1.140000000000e+02-9.350000000000e+01 2.296524230881e-09-4.723441645390e-01
    -4.349276423454e-06 6.778829265386e-05 6.068497896194e-06 5.440613378525e+03
     2.970000000000e+05-4.470348358154e-08-3.138230658646e+00 3.352761268616e-08
     9.999390569154e-01 2.285312500000e+02 9.931458563742e-01-5.310221192027e-09
    -1.875078104529e-10 2.580000000000e+02 2.358000000000e+03 0.000000000000e+00
     3.120000000000e+00 0.000000000000e+00 4.423782229424e-09 0.000000000000e+00
     9.999000000000e+08                                                         
> EPH E34 INAV
E34 2025 03 19 10 40 00-1.699773711152e-04-2.302158463863e-12 0.000000000000e+00
     1.150000000000e+02-9.418750000000e+01 2.299738650489e-09-3.975774043976e-01
    -4.373490810394e-06 6.766640581191e-05 6.040558218956e-06 5.440613134384e+03
     2.976000000000e+05-5.401670932770e-08-3.138233820012e+00 2.793967723846e-08
     9.999389852324e-01 2.292812500000e+02 9.927638416503e-01-5.307363930154e-09
    -1.939366496685e-10 5.170000000000e+02 2.358000000000e+03 0.000000000000e+00
     3.120000000000e+00 0.000000000000e+00 4.423782229424e-09 5.355104804039e-09
     9.999000000000e+08                                                         
> EPH E36 FNAV
E36 2025 03 19 10 30 00-3.683093236759e-04-5.371703082346e-12 0.000000000000e+00
     1.140000000000e+02-9.528125000000e+01 2.374741774670e-09 1.559662683423e+00
    -4.423782229424e-06 3.559414763004e-04 5.645677447319e-06 5.440610586166e+03
     2.970000000000e+05-1.676380634308e-08-3.136358508252e+00-1.098960638046e-07
     1.000118932934e+00 2.413125000000e+02-2.549339415362e-01-5.313792769369e-09
    -2.478674675321e-10 2.580000000000e+02 2.358000000000e+03 0.000000000000e+00
     3.120000000000e+00 0.000000000000e+00 4.423782229424e-09 0.000000000000e+00
     9.999000000000e+08                                                         
> EPH E36 INAV
E36 2025 03 19 10 40 00-3.683114191517e-04-5.357492227631e-12 0.000000000000e+00
     1.150000000000e+02-9.471875000000e+01 2.384385033493e-09 1.634218155769e+00
    -4.412606358528e-06 3.559961915016e-04 5.640089511871e-06 5.440610425949e+03
     2.976000000000e+05 3.725290298462e-09-3.136361595009e+00-1.154839992523e-07
     1.000118821752e+00 2.417187500000e+02-2.551045309505e-01-5.319864450851e-09
    -2.589393572922e-10 5.170000000000e+02 2.358000000000e+03 0.000000000000e+00
     3.120000000000e+00 0.000000000000e+00 4.423782229424e-09 5.122274160385e-09
     9.999000000000e+08                                                         
> EPH G01 LNAV
G01 2025 03 19 12 00 00 1.815306022763e-04 1.921307557495e-11 0.000000000000e+00
     1.070000000000e+02-8.109375000000e+01 4.339109312748e-09-1.675680721251e+00
    -4.123896360397e-06 4.090543370694e-04 5.941838026047e-06 5.153735078812e+03
     3.024000000000e+05-8.568167686462e-08 3.121261012272e+00 6.891787052155e-08
     9.599544175889e-01 2.658750000000e+02-6.616153075046e-02-8.087479733136e-09
    -2.071514858337e-10 1.000000000000e+00 2.358000000000e+03 0.000000000000e+00
     2.000000000000e+00 0.000000000000e+00-9.313225746155e-09 1.070000000000e+02
     9.999000000000e+08                                                         
> EPH G02 LNAV
G02 2025 03 19 12 00 00-2.160058356822e-04 9.549694368616e-12 0.000000000000e+00
     5.700000000000e+01-7.028125000000e+01 4.346966782901e-09-3.008007199117e-01
    -3.665685653687e-06 1.616439607460e-02 5.280598998070e-06 5.152869895935e+03
     3.024000000000e+05-2.849847078323e-07 2.957040954568e+00-2.272427082062e-07
     9.662886436749e-01 2.848437500000e+02-1.014777710022e+00-8.351062140973e-09
    -2.175090601254e-10 1.000000000000e+00 2.358000000000e+03 0.000000000000e+00
     2.000000000000e+00 0.000000000000e+00-1.769512891769e-08 5.700000000000e+01
     9.999000000000e+08                                                         
> EPH G03 LNAV
G03 2025 03 19 12 00 00 6.774538196623e-04 4.092726157978e-12 0.000000000000e+00
     1.850000000000e+02-4.318750000000e+01 3.573720288366e-09 2.432647504802e+00
    -2.194195985794e-06 5.865401239134e-03 9.980052709579e-06 5.153563089371e+03
     3.024000000000e+05 5.587935447693e-08-2.186091244527e+00-6.705522537231e-08
     9.886683761549e-01 2.004687500000e+02 1.129307692450e+00-7.467811064306e-09
     4.035882396416e-10 1.000000000000e+00 2.358000000000e+03 0.000000000000e+00
     2.000000000000e+00 0.000000000000e+00 1.396983861923e-09 1.850000000000e+02
     9.999000000000e+08                                                         
> EPH G04 LNAV
G04 2025 03 19 12 00 00 5.423924885690e-04 5.229594535194e-12 0.000000000000e+00
     4.800000000000e+01-1.087500000000e+01 4.639478967207e-09-9.890451229107e-01
    -6.034970283508e-07 3.259756136686e-03 5.669891834259e-06 5.153641614914e+03
     3.024000000000e+05 6.146728992462e-08-1.110296421011e+00-3.725290298462e-09
     9.669612860931e-01 2.699375000000e+02-2.904932302662e+00-8.050692486514e-09
     3.285851154604e-10 1.000000000000e+00 2.358000000000e+03 0.000000000000e+00
     2.000000000000e+00 0.000000000000e+00-4.656612873077e-09 8.160000000000e+02
     9.999000000000e+08                                                         
> EPH G05 LNAV
G05 2025 03 19 12 00 00-2.049361355603e-04-1.023181539495e-12 0.000000000000e+00
     3.800000000000e+01-3.346875000000e+01 3.913734451321e-09-3.083517412763e-01
    -1.667067408562e-06 5.617514136247e-03 9.011477231979e-06 5.153770998001e+03
     3.024000000000e+05-5.587935447693e-08-2.241260780411e+00 7.823109626770e-08
     9.755210099543e-01 2.145937500000e+02 1.319098276664e+00-7.798896283906e-09
     3.432285825624e-10 1.000000000000e+00 2.358000000000e+03 0.000000000000e+00
     2.000000000000e+00 0.000000000000e+00-1.071020960808e-08 3.800000000000e+01
     9.999000000000e+08                                                         
> EPH G06 LNAV
G06 2025 03 19 12 00 00-2.548196353018e-04-2.285105438204e-11 0.000000000000e+00
     4.600000000000e+01-6.681250000000e+01 3.772657146313e-09-2.670520965917e+00
    -3.462657332420e-06 3.503258805722e-03 5.666166543961e-06 5.153537000656e+03
     3.024000000000e+05 8.568167686462e-08 3.061992546703e+00 7.450580596924e-08
     9.892763795378e-01 2.880937500000e+02-6.641588202636e-01-7.802110703513e-09
    -2.507247294057e-10 1.000000000000e+00 2.358000000000e+03 0.000000000000e+00
     2.000000000000e+00 0.000000000000e+00 3.725290298462e-09 4.600000000000e+01
     9.999000000000e+08                                                         
> EPH G07 LNAV
G07 2025 03 19 12 00 00-1.682434231043e-05-1.477928890381e-12 0.000000000000e+00
     1.800000000000e+01-2.884375000000e+01 4.816986361103e-09 2.849028215129e+00
    -1.607462763786e-06 1.935606950428e-02 8.450821042061e-06 5.153735944748e+03
     3.024000000000e+05 1.024454832077e-07-9.918413854892e-02-2.663582563400e-07
     9.508531946008e-01 2.100000000000e+02-2.066395898781e+00-7.713178427699e-09
    -3.471573176386e-10 0.000000000000e+00 2.358000000000e+03 0.000000000000e+00
     4.000000000000e+00 0.000000000000e+00-1.071020960808e-08 1.800000000000e+01
     9.999000000000e+08                                                         
> EPH G08 LNAV
G08 2025 03 19 12 00 00 4.976214841008e-04 5.343281372916e-12 0.000000000000e+00
     5.000000000000e+01 6.065625000000e+01 4.958420823844e-09-6.948376753039e-01
     3.164634108543e-06 1.056573155802e-02 2.777203917503e-06 5.153765903473e+03
     3.024000000000e+05 2.235174179077e-07 1.955462583837e+00 6.332993507385e-08
     9.483231070410e-01 3.191875000000e+02 4.397040659307e-01-8.579643090858e-09
    -4.893060958486e-11 1.000000000000e+00 2.358000000000e+03 0.000000000000e+00
     2.800000000000e+00 0.000000000000e+00 4.656612873077e-09 5.000000000000e+01
     9.999000000000e+08                                                         
> EPH G09 LNAV
G09 2025 03 19 11 59 44 6.039282307029e-04 1.239186531166e-11 0.000000000000e+00
     2.600000000000e+01-1.096875000000e+01 4.783770691822e-09-9.286875484783e-02
    -7.711350917816e-07 3.015188034624e-03 5.854293704033e-06 5.153740236282e+03
     3.023840000000e+05 1.117587089539e-08-1.172075719213e+00 7.450580596924e-09
     9.607905849901e-01 2.645312500000e+02 2.028381641871e+00-8.181769374964e-09
     3.446572134992e-10 0.000000000000e+00 2.358000000000e+03 0.000000000000e+00
     4.000000000000e+00 0.000000000000e+00 4.656612873077e-10 2.600000000000e+01
     9.999000000000e+08                                                         
> EPH G10 LNAV
G10 2025 03 19 12 00 00-3.594513982534e-04-1.398348103976e-11 0.000000000000e+00
     7.900000000000e+01-2.956250000000e+01 3.726226640868e-09 1.327716357790e+00
    -1.534819602966e-06 1.010953309014e-02 9.529292583466e-06 5.153652416229e+03
     3.024000000000e+05-1.583248376846e-07-2.188606969157e+00 3.911554813385e-08
     9.882754100262e-01 2.110000000000e+02-2.308746642622e+00-7.696749171926e-09
     2.471531520637e-10 1.000000000000e+00 2.358000000000e+03 0.000000000000e+00
     2.000000000000e+00 0.000000000000e+00 2.793967723846e-09 7.900000000000e+01
     9.999000000000e+08                                                         
> EPH G11 LNAV
G11 2025 03 19 12 00 00-7.383632473648e-04 3.865352482535e-12 0.000000000000e+00
     2.180000000000e+02-6.343750000000e+01 4.286964283556e-09-1.467509721225e+00
    -3.339722752571e-06 1.687669544481e-03 5.763024091721e-06 5.153628383636e+03
     3.024000000000e+05 1.378357410431e-07 3.088445160149e+00-6.332993507385e-08
     9.659957894192e-01 2.744062500000e+02-2.354526365668e+00-8.031763126602e-09
    -2.403671551140e-10 1.000000000000e+00 2.358000000000e+03 0.000000000000e+00
     2.000000000000e+00 0.000000000000e+00-8.847564458847e-09 2.180000000000e+02
     9.999000000000e+08                                                         
> EPH G12 LNAV
G12 2025 03 19 12 00 00-5.758097395301e-04-1.932676241267e-12 0.000000000000e+00
     4.100000000000e+01 7.281250000000e+01 4.393397288346e-09 2.116396406737e+00
     3.589317202568e-06 8.991056354716e-03 8.923932909966e-06 5.153725896835e+03
     3.024000000000e+05 8.381903171539e-08 1.016900234457e+00-1.210719347000e-07
     9.606601365850e-01 2.013125000000e+02 1.489310623834e+00-7.798181968437e-09
    -7.893185925733e-11 1.000000000000e+00 2.358000000000e+03 0.000000000000e+00
     2.000000000000e+00 0.000000000000e+00-1.257285475731e-08 4.100000000000e+01
     9.999000000000e+08                                                         
> EPH G13 LNAV
G13 2025 03 19 12 00 00 6.989715620875e-04 7.958078640513e-13 0.000000000000e+00
     1.900000000000e+01-1.587500000000e+01 4.578047836925e-09-8.878155015821e-01
    -6.332993507385e-07 8.951455703937e-03 5.910173058510e-06 5.153677200317e+03
     3.024000000000e+05 5.774199962616e-08-1.001726725253e+00 1.471489667892e-07
     9.731392652136e-01 2.729062500000e+02 9.569943871832e-01-8.074264896971e-09
     1.900079145923e-10 1.000000000000e+00 2.358000000000e+03 0.000000000000e+00
     2.000000000000e+00 0.000000000000e+00-1.164153218269e-08 1.900000000000e+01
     9.999000000000e+08                                                         
> EPH G14 LNAV
G14 2025 03 19 12 00 00 6.168107502162e-04 6.252776074689e-12 0.000000000000e+00
     1.250000000000e+02 8.140625000000e+01 4.819129307508e-09 2.011470039698e+00
     4.287809133530e-06 5.476355203427e-03 9.762123227119e-06 5.153719999313e+03
     3.024000000000e+05-1.322478055954e-07 9.677752858966e-01 1.098960638046e-07
     9.440262986674e-01 1.837500000000e+02-2.846092716397e+00-8.141053393266e-09
    -1.032185851827e-10 1.000000000000e+00 2.358000000000e+03 0.000000000000e+00
     2.000000000000e+00 0.000000000000e+00-7.916241884232e-09 3.810000000000e+02
     9.999000000000e+08                                                         
> EPH G15 LNAV
G15 2025 03 19 12 00 00 2.757124602795e-04 4.320099833421e-12 0.000000000000e+00
     6.900000000000e+01-1.312500000000e+00 5.151286000310e-09-1.679343316601e+00
     3.091990947723e-07 1.614512619562e-02 5.744397640228e-06 5.153774217606e+03
     3.024000000000e+05 2.365559339523e-07-1.307556561071e+00 2.551823854446e-07
     9.381007124144e-01 2.506562500000e+02 1.400224204181e+00-8.248557871259e-09
     3.860875106660e-10 1.000000000000e+00 2.358000000000e+03 0.000000000000e+00
     2.000000000000e+00 0.000000000000e+00-1.024454832077e-08 6.900000000000e+01
     9.999000000000e+08                                                         
> EPH G16 LNAV
G16 2025 03 19 12 00 00-2.734176814556e-05 8.981260180008e-12 0.000000000000e+00
     1.400000000000e+01 8.090625000000e+01 4.565547316229e-09 3.766814555974e-01
     4.511326551437e-06 1.450969034340e-02 8.791685104370e-06 5.153712343216e+03
     3.024000000000e+05-1.005828380585e-07 1.034383136861e+00 1.713633537292e-07
     9.599624299913e-01 2.097812500000e+02 8.806585172021e-01-8.180697901761e-09
    -1.375057276655e-10 1.000000000000e+00 2.358000000000e+03 0.000000000000e+00
     2.000000000000e+00 0.000000000000e+00-1.024454832077e-08 1.400000000000e+01
     9.999000000000e+08                                                         
> EPH G17 LNAV
G17 2025 03 19 12 00 00 3.711767494678e-04-1.909938873723e-11 0.000000000000e+00
     5.800000000000e+01 4.931250000000e+01 4.685195157184e-09-6.356309346369e-01
     2.549961209297e-06 1.311529101804e-02 3.542751073837e-06 5.153648715973e+03
     3.024000000000e+05-1.806765794754e-07 2.054828159338e+00-1.490116119385e-08
     9.641375162661e-01 3.169062500000e+02-1.223663110000e+00-8.559999415478e-09
     5.071639825584e-11 0.000000000000e+00 2.358000000000e+03 0.000000000000e+00
     4.000000000000e+00 0.000000000000e+00-1.117587089539e-08 5.800000000000e+01
     9.999000000000e+08                                                         
> EPH G18 LNAV
G18 2025 03 19 12 00 00-6.451727822423e-04 3.296918293927e-12 0.000000000000e+00
     1.830000000000e+02-6.487500000000e+01 4.038382500555e-09-2.654861231021e+00
    -3.384426236153e-06 4.878894891590e-03 5.936250090599e-06 5.153702566147e+03
     3.024000000000e+05-4.842877388000e-08 3.061864103959e+00-5.029141902924e-08
     9.741768530276e-01 2.727187500000e+02-2.947569939536e+00-7.881399720505e-09
    -1.700070814773e-10 1.000000000000e+00 2.358000000000e+03 0.000000000000e+00
     2.000000000000e+00 0.000000000000e+00-8.381903171539e-09 6.950000000000e+02
     9.999000000000e+08                                                         
> EPH G19 LNAV
G19 2025 03 19 12 00 00 6.098048761487e-04 4.092726157978e-12 0.000000000000e+00
     4.600000000000e+01 4.728125000000e+01 4.641264755878e-09 1.238759598030e+00
     2.408400177956e-06 1.025428483263e-02 2.628192305565e-06 5.153620611191e+03
     3.024000000000e+05 1.471489667892e-07 2.098995315100e+00 1.005828380585e-07
     9.633740675968e-01 3.264687500000e+02 2.727340671932e+00-8.335347200668e-09
    -1.742929742877e-10 0.000000000000e+00 2.358000000000e+03 0.000000000000e+00
     4.000000000000e+00 0.000000000000e+00-1.536682248116e-08 4.600000000000e+01
     9.999000000000e+08                                                         
> EPH G20 LNAV
G20 2025 03 19 12 00 00 3.655776381493e-04-2.273736754432e-13 0.000000000000e+00
     1.800000000000e+01-4.534375000000e+01 4.286249968087e-09-2.371200528923e+00
    -2.307817339897e-06 3.617087379098e-03 8.665025234222e-06 5.153731786728e+03
     3.024000000000e+05 2.048909664154e-08-2.375213639445e+00-5.215406417847e-08
     9.577724328491e-01 2.105000000000e+02-2.280737240032e+00-7.853184259504e-09
     2.750114553310e-10 1.000000000000e+00 2.358000000000e+03 0.000000000000e+00
     2.000000000000e+00 0.000000000000e+00-8.381903171539e-09 1.800000000000e+01
     9.999000000000e+08                                                         
> EPH G21 LNAV
G21 2025 03 19 12 00 00 9.737163782120e-05-2.387423592154e-12 0.000000000000e+00
     5.200000000000e+01-7.315625000000e+01 4.491258507516e-09-6.472342112857e-01
    -3.935769200325e-06 2.573541225865e-02 4.915520548820e-06 5.152803283691e+03
     3.024000000000e+05-4.470348358154e-08 2.948100459463e+00-5.438923835754e-07
     9.605036935885e-01 2.865625000000e+02-4.161940712393e-01-8.426065265154e-09
    -1.114332130692e-10 1.000000000000e+00 2.358000000000e+03 0.000000000000e+00
     2.000000000000e+00 6.300000000000e+01-1.024454832077e-08 5.200000000000e+01
     9.999000000000e+08                                                         
> EPH G22 LNAV
G22 2025 03 19 12 00 00-1.004738733172e-04-1.023181539495e-12 0.000000000000e+00
     1.700000000000e+01 7.781250000000e+01 4.571261839976e-09-1.303404710324e-01
     4.110857844353e-06 1.324896223377e-02 9.415671229362e-06 5.153670698166e+03
     3.024000000000e+05-1.266598701477e-07 1.037694688926e+00-1.508742570877e-07
     9.593367326142e-01 2.008437500000e+02-1.064887614992e+00-8.234271561891e-09
    -1.464346710204e-11 0.000000000000e+00 2.358000000000e+03 0.000000000000e+00
     4.000000000000e+00 0.000000000000e+00-1.117587089539e-08 1.700000000000e+01
     9.999000000000e+08                                                         
> EPH G23 LNAV
G23 2025 03 19 12 00 00 4.437630996108e-04 7.048583938740e-12 0.000000000000e+00
     1.900000000000e+02-2.928125000000e+01 3.748370420388e-09 2.515641451433e+00
    -1.426786184311e-06 5.052547203377e-03 9.352341294289e-06 5.153640148163e+03
     3.024000000000e+05-1.005828380585e-07-2.219019987112e+00-3.725290298462e-08
     9.833938630559e-01 2.085937500000e+02-2.840924273636e+00-7.596745006351e-09
     3.460858444360e-10 1.000000000000e+00 2.358000000000e+03 0.000000000000e+00
     2.000000000000e+00 0.000000000000e+00-8.381903171539e-09 9.580000000000e+02
     9.999000000000e+08                                                         
> EPH G24 LNAV
G24 2025 03 19 12 00 00-4.363735206425e-04 6.025402399246e-12 0.000000000000e+00
     9.800000000000e+01-3.162500000000e+01 5.285577308368e-09-2.504495155282e+00
    -1.771375536919e-06 1.654662215151e-02 7.497146725655e-06 5.153681900024e+03
     3.024000000000e+05 2.887099981308e-07-2.014068076877e-01-8.754432201385e-08
     9.346100465113e-01 2.171250000000e+02 1.052875110417e+00-8.115695194138e-09
    -1.321483616526e-10 1.000000000000e+00 2.358000000000e+03 0.000000000000e+00
     2.000000000000e+00 0.000000000000e+00 2.328306436539e-09 9.800000000000e+01
     9.999000000000e+08                                                         
> EPH G25 LNAV
G25 2025 03 19 12 00 00 4.926375113428e-04-9.094947017729e-13 0.000000000000e+00
     4.600000000000e+01 6.928125000000e+01 4.653408118841e-09 1.990218126356e+00
     3.334134817123e-06 1.235830609221e-02 9.350478649139e-06 5.153660106659e+03
     3.024000000000e+05-9.499490261078e-08 9.269702845360e-01-2.700835466385e-07
     9.488678831046e-01 1.909375000000e+02 1.121311747958e+00-7.939259273445e-09
    -5.500229106620e-11 1.000000000000e+00 2.358000000000e+03 0.000000000000e+00
     2.000000000000e+00 0.000000000000e+00 5.587935447693e-09 4.600000000000e+01
     9.999000000000e+08                                                         
> EPH G26 LNAV
G26 2025 03 19 11 59 44-1.415847800672e-04-1.875832822407e-11 0.000000000000e+00
     5.500000000000e+01 6.934375000000e+01 5.229860701833e-09 1.142439406890e+00
     3.887340426445e-06 9.884829516523e-03 9.426847100258e-06 5.153799657822e+03
     3.023840000000e+05-2.421438694000e-08 8.589673305228e-01 1.266598701477e-07
     9.296846222390e-01 1.823437500000e+02 6.217520962305e-01-8.373563078227e-09
    -2.253665302777e-10 1.000000000000e+00 2.358000000000e+03 0.000000000000e+00
     2.000000000000e+00 0.000000000000e+00 6.519258022308e-09 5.500000000000e+01
     9.999000000000e+08                                                         
> EPH G27 LNAV
G27 2025 03 19 12 00 00-2.946751192212e-05 7.958078640513e-13 0.000000000000e+00
     7.600000000000e+01 5.653125000000e+01 4.855916554130e-09-5.593027493645e-01
     3.064051270485e-06 1.349222136196e-02 2.907589077950e-06 5.153689085007e+03
     3.024000000000e+05 7.264316082001e-08 1.984492858939e+00 1.993030309677e-07
     9.573969968678e-01 3.200937500000e+02 8.313402132968e-01-8.603215501315e-09
    -5.607376426879e-11 1.000000000000e+00 2.358000000000e+03 0.000000000000e+00
     2.000000000000e+00 0.000000000000e+00 2.328306436539e-09 7.600000000000e+01
     9.999000000000e+08                                                         
> EPH G28 LNAV
G28 2025 03 19 12 00 00-5.816528573632e-04-7.162270776462e-12 0.000000000000e+00
     2.320000000000e+02-2.390625000000e+01 4.705553148033e-09 2.274843737036e+00
    -1.197680830956e-06 2.923174761236e-04 8.316710591316e-06 5.153574054718e+03
     3.024000000000e+05-2.421438694000e-08-1.288682078324e-01 9.313225746155e-09
     9.618756123116e-01 2.206250000000e+02 8.280134190882e-01-7.932830434229e-09
    -3.039412318009e-10 1.000000000000e+00 2.358000000000e+03 0.000000000000e+00
     2.000000000000e+00 0.000000000000e+00-9.313225746155e-09 7.440000000000e+02
     9.999000000000e+08                                                         
> EPH G29 LNAV
G29 2025 03 19 12 00 00-5.269735120237e-04 3.865352482535e-12 0.000000000000e+00
     2.000000000000e+01 3.965625000000e+01 4.463757361983e-09-6.586020912492e-01
     2.004206180573e-06 3.070530132391e-03 3.444030880928e-06 5.153684246063e+03
     3.024000000000e+05-3.352761268616e-08 2.070625769875e+00-4.842877388000e-08
     9.666826192170e-01 3.158437500000e+02 2.609826279569e+00-8.219985252523e-09
    -7.250302004181e-11 1.000000000000e+00 2.358000000000e+03 0.000000000000e+00
     2.000000000000e+00 0.000000000000e+00-9.778887033463e-09 2.000000000000e+01
     9.999000000000e+08                                                         
> EPH G30 LNAV
G30 2025 03 19 12 00 00-1.908410340548e-04 9.094947017729e-12 0.000000000000e+00
     3.100000000000e+01-2.459375000000e+01 5.254147427759e-09 2.658625649858e+00
    -1.313164830208e-06 7.523013395257e-03 8.378177881241e-06 5.153715023041e+03
     3.024000000000e+05-2.235174179077e-08-1.029961431856e-01-1.676380634308e-07
     9.360320087360e-01 2.080937500000e+02-2.409764774273e+00-8.144267812873e-09
    -2.789401904071e-10 1.000000000000e+00 2.358000000000e+03 0.000000000000e+00
     2.000000000000e+00 0.000000000000e+00 3.725290298462e-09 3.100000000000e+01
     9.999000000000e+08                                                         
> EPH G31 LNAV
G31 2025 03 19 11 59 44-2.126903273165e-04 1.023181539495e-12 0.000000000000e+00
     1.740000000000e+02-2.540625000000e+01 4.833772774610e-09 1.872575319044e+00
    -1.361593604088e-06 1.061159209348e-02 8.827075362206e-06 5.153634460449e+03
     3.023840000000e+05-2.719461917877e-07-7.645531577936e-02-7.078051567078e-08
     9.547464994468e-01 2.100312500000e+02 8.076454491262e-01-8.014976713094e-09
    -3.246563803842e-10 1.000000000000e+00 2.358000000000e+03 0.000000000000e+00
     2.000000000000e+00 0.000000000000e+00-1.303851604462e-08 1.740000000000e+02
     9.999000000000e+08                                                         
> EPH G32 LNAV
G32 2025 03 19 11 59 44-4.981416277587e-04 8.753886504564e-12 0.000000000000e+00
     7.900000000000e+01-3.156250000000e+00 4.806985944545e-09 1.332734316019e-02
    -2.197921276093e-07 8.525458048098e-03 6.038695573807e-06 5.153576831818e+03
     3.023840000000e+05-8.009374141693e-08-1.156306619486e+00 1.285225152969e-07
     9.640444849167e-01 2.682812500000e+02-2.077153973046e+00-8.246057767119e-09
     2.978695503195e-10 1.000000000000e+00 2.358000000000e+03 0.000000000000e+00
     2.000000000000e+00 0.000000000000e+00 9.313225746155e-10 7.900000000000e+01
     9.999000000000e+08                                                         
> EPH J02 LNAV
J02 2025 03 19 11 00 00-2.331566065550e-06-3.410605131648e-13 0.000000000000e+00
     1.050000000000e+02 4.168125000000e+02 2.543677382945e-09-6.524636869886e-01
     1.482106745243e-05 7.449048117269e-02 6.956979632378e-06 6.493680898666e+03
     2.988000000000e+05-5.643814802170e-07 1.326135113045e+00 5.401670932770e-07
     7.002076277154e-01-2.928125000000e+01-1.562279251385e+00-2.769758228691e-09
    -7.250302004181e-11 2.000000000000e+00 2.358000000000e+03 0.000000000000e+00
     4.000000000000e+00 1.000000000000e+00 1.862645149231e-09 8.730000000000e+02
     9.999000000000e+08                                                         
> EPH J03 LNAV
J03 2025 03 19 11 00 00-1.018866896629e-06-2.273736754432e-13 0.000000000000e+00
     1.050000000000e+02-5.553125000000e+02 9.436107337461e-10-2.390147124753e+00
    -1.690909266472e-05 7.434465456754e-02-5.923211574554e-07 6.493338254929e+03
     2.988000000000e+05-2.162531018257e-06 3.063708287748e+00-7.618218660355e-07
     7.049335509234e-01 1.370625000000e+02-1.573099461633e+00-1.274695953346e-09
     5.868101572842e-10 2.000000000000e+00 2.358000000000e+03 0.000000000000e+00
     4.000000000000e+00 1.000000000000e+00 9.313225746155e-10 8.730000000000e+02
     9.999000000000e+08                                                         
> EPH J04 LNAV
J04 2025 03 19 11 00 00-4.083849489689e-07-1.136868377216e-13 0.000000000000e+00
     1.050000000000e+02 8.268750000000e+01 2.816188734136e-09 2.127272814983e+00
     2.654269337654e-06 7.522235007491e-02 3.902241587639e-06 6.493137226105e+03
     2.988000000000e+05 4.842877388000e-08-1.525420293067e+00 2.421438694000e-08
     6.367431254213e-01-9.718750000000e+00-1.571745449027e+00-2.492246669220e-09
     5.214502919263e-10 2.000000000000e+00 2.358000000000e+03 0.000000000000e+00
     4.000000000000e+00 1.000000000000e+00-2.793967723846e-09 8.730000000000e+02
     9.999000000000e+08                                                         
> EPH J07 LNAV
J07 2025 03 19 11 00 00-1.583248376846e-08-1.136868377216e-13 0.000000000000e+00
     1.050000000000e+02-3.606250000000e+01 0.000000000000e+00 1.842855718406e+00
    -1.147389411926e-06 1.884544035420e-04 1.338496804237e-05 6.493280714035e+03
     2.988000000000e+05-1.497566699982e-06 6.659829137987e-01 2.186745405197e-06
     1.514244560078e-03-4.059062500000e+02 2.645906185733e+00 1.158262531998e-09
     0.000000000000e+00 2.000000000000e+00 2.358000000000e+03 0.000000000000e+00
     4.000000000000e+00 6.300000000000e+01-3.259629011154e-09 8.730000000000e+02
     9.999000000000e+08                                                         
> EPH R01 FDMA
R01 2025 03 19 10 45 00 1.184716820717e-04 9.094947017729e-13 2.970000000000e+05
     1.301771386719e+04-8.856849670410e-01-9.313225746155e-10 0.000000000000e+00
    -1.164497460938e+04 2.390185356140e+00-9.313225746155e-10 1.000000000000e+00
    -1.858979541016e+04-2.114898681641e+00 9.313225746155e-10 0.000000000000e+00
     2.150000000000e+02 9.313225746155e-09 2.000000000000e+00 0.000000000000e+00
> EPH R02 FDMA
R02 2025 03 19 10 45 00-3.588572144508e-05 0.000000000000e+00 2.970000000000e+05
     1.046435302734e+04-3.708620071411e-01-1.862645149231e-09 0.000000000000e+00
    -2.287688623047e+04 4.500570297241e-01-9.313225746155e-10-4.000000000000e+00
    -3.960196289063e+03-3.538877487183e+00-9.313225746155e-10 0.000000000000e+00
     1.510000000000e+02 5.587935447693e-09 2.000000000000e+00 0.000000000000e+00
> EPH R03 FDMA
R03 2025 03 19 10 45 00 1.188972964883e-04 0.000000000000e+00 2.970000000000e+05
     1.033185058594e+03 4.825639724731e-01-1.862645149231e-09 0.000000000000e+00
    -2.158605078125e+04-1.791959762573e+00 0.000000000000e+00 5.000000000000e+00
     1.355999707031e+04-2.905913352966e+00-2.793967723846e-09 0.000000000000e+00
     2.470000000000e+02-2.793967723846e-09 3.000000000000e+00 3.000000000000e+00
> EPH R04 FDMA
R04 2025 03 19 10 45 00 2.823257818818e-04 1.818989403546e-12 2.970000000000e+05
    -7.990739746094e+03 1.044443130493e+00 0.000000000000e+00 0.000000000000e+00
    -8.491414062500e+03-2.923110961914e+00 0.000000000000e+00 6.000000000000e+00
     2.272168847656e+04-7.272672653198e-01-1.862645149231e-09 0.000000000000e+00
     2.470000000000e+02-2.793967723846e-09 4.000000000000e+00 3.000000000000e+00
> EPH R05 FDMA
R05 2025 03 19 10 45 00 1.469217240810e-04 9.094947017729e-13 2.970000000000e+05
    -1.317987988281e+04 1.059743881226e+00 9.313225746155e-10 0.000000000000e+00
     9.059191894531e+03-2.509036064148e+00 9.313225746155e-10 1.000000000000e+00
     1.989610253906e+04 1.844218254089e+00-9.313225746155e-10 0.000000000000e+00
     1.820000000000e+02 2.793967723846e-09 3.000000000000e+00 3.000000000000e+00
> EPH R06 FDMA
R06 2025 03 19 10 45 00-2.062804996967e-04-9.094947017729e-13 2.970000000000e+05
    -8.761327636719e+03 2.537689208984e-01 1.862645149231e-09 0.000000000000e+00
     2.386695996094e+04-2.273635864258e-01 9.313225746155e-10-4.000000000000e+00
     2.144708984375e+03 3.557964324951e+00 9.313225746155e-10 0.000000000000e+00
     1.830000000000e+02 2.793967723846e-09 3.000000000000e+00 3.000000000000e+00
> EPH R07 FDMA
R07 2025 03 19 10 45 00 1.027481630445e-04 0.000000000000e+00 2.970000000000e+05
    -1.060242675781e+03-4.868602752686e-01 9.313225746155e-10 0.000000000000e+00
     2.157402392578e+04 1.806689262390e+00 0.000000000000e+00 5.000000000000e+00
    -1.355904833984e+04 2.897923469543e+00 1.862645149231e-09 0.000000000000e+00
     2.470000000000e+02 1.862645149231e-09 1.000000000000e+00 3.000000000000e+00
> EPH R08 FDMA
R08 2025 03 19 10 45 00-5.733221769333e-06 0.000000000000e+00 2.970000000000e+05
     8.256271484375e+03-1.024182319641e+00 0.000000000000e+00 0.000000000000e+00
     8.201649414063e+03 2.946022987366e+00 0.000000000000e+00 6.000000000000e+00
    -2.263450585938e+04 6.887788772583e-01 2.793967723846e-09 0.000000000000e+00
     2.150000000000e+02-3.725290298462e-09 2.000000000000e+00 0.000000000000e+00
> EPH R09 FDMA
R09 2025 03 19 10 45 00 2.441760152578e-04 1.818989403546e-12 2.970000000000e+05
    -2.762920898438e+03-1.989837646484e+00 0.000000000000e+00 0.000000000000e+00
     1.297154443359e+04-2.222683906555e+00-9.313225746155e-10-2.000000000000e+00
    -2.175534082031e+04-1.079552650452e+00 1.862645149231e-09 0.000000000000e+00
     1.510000000000e+02-3.725290298462e-09 4.000000000000e+00 0.000000000000e+00
> EPH R10 FDMA
R10 2025 03 19 10 45 00-2.998150885105e-04-4.547473508865e-12 2.970000000000e+05
     9.672638671875e+03-1.017286300659e+00 9.313225746155e-10 0.000000000000e+00
     2.012594433594e+04-1.361942291260e+00 9.313225746155e-10-7.000000000000e+00
    -1.241879882813e+04-2.994795799255e+00 1.862645149231e-09 0.000000000000e+00
     1.830000000000e+02 1.024454832077e-08 5.000000000000e+00 3.000000000000e+00
> EPH R11 FDMA
R11 2025 03 19 10 45 00-2.145767211914e-05-4.547473508865e-12 2.970000000000e+05
     1.799189062500e+04 5.339803695679e-01 1.862645149231e-09 0.000000000000e+00
     1.747210009766e+04 3.719196319580e-01 2.793967723846e-09 0.000000000000e+00
     4.610744140625e+03-3.500599861145e+00 9.313225746155e-10 0.000000000000e+00
     1.830000000000e+02 2.793967723846e-09 3.000000000000e+00 3.000000000000e+00
> EPH R12 FDMA
R12 2025 03 19 10 45 00 5.204137414694e-05 9.094947017729e-13 2.970000000000e+05
     1.519014013672e+04 1.860718727112e+00 9.313225746155e-10 0.000000000000e+00
     2.757854980469e+03 2.063469886780e+00 2.793967723846e-09-1.000000000000e+00
     2.032929638672e+04-1.670867919922e+00-9.313225746155e-10 0.000000000000e+00
     1.830000000000e+02 7.450580596924e-09 1.000000000000e+00 3.000000000000e+00
> EPH R13 FDMA
R13 2025 03 19 10 45 00-5.738344043493e-05 0.000000000000e+00 2.970000000000e+05
     4.775774902344e+03 2.012290954590e+00 0.000000000000e+00 0.000000000000e+00
    -1.096515820313e+04 2.340393066406e+00 9.313225746155e-10-2.000000000000e+00
     2.251309326172e+04 7.128686904907e-01-1.862645149231e-09 0.000000000000e+00
     2.470000000000e+02 5.587935447693e-09 4.000000000000e+00 3.000000000000e+00
> EPH R14 FDMA
R14 2025 03 19 10 45 00 2.790521830320e-05 0.000000000000e+00 2.970000000000e+05
    -1.078713183594e+04 8.899517059326e-01-9.313225746155e-10 0.000000000000e+00
    -2.040257226563e+04 1.200142860413e+00-9.313225746155e-10-7.000000000000e+00
     1.089761816406e+04 3.128088951111e+00-2.793967723846e-09 0.000000000000e+00
     2.460000000000e+02 5.587935447693e-09 2.000000000000e+00 3.000000000000e+00
> EPH R15 FDMA
R15 2025 03 19 10 45 00 7.010437548161e-05 0.000000000000e+00 2.970000000000e+05
    -1.826752978516e+04-6.801576614380e-01-9.313225746155e-10 0.000000000000e+00
    -1.660571875000e+04-5.781955718994e-01-2.793967723846e-09 0.000000000000e+00
    -6.423779296875e+03 3.419817924500e+00-9.313225746155e-10 0.000000000000e+00
     1.510000000000e+02 2.793967723846e-09 1.000000000000e+00 0.000000000000e+00
> EPH R16 FDMA
R16 2025 03 19 10 45 00 3.425683826208e-05 0.000000000000e+00 2.970000000000e+05
    -1.515984375000e+04-1.876832962036e+00 0.000000000000e+00 0.000000000000e+00
    -2.947121093750e+03-2.054232597351e+00-2.793967723846e-09-1.000000000000e+00
    -2.030753320313e+04 1.695275306702e+00 9.313225746155e-10 0.000000000000e+00
     1.510000000000e+02 3.725290298462e-09 3.000000000000e+00 0.000000000000e+00
> EPH R17 FDMA
R17 2025 03 19 10 45 00 1.752739772201e-04 2.728484105319e-12 2.970000000000e+05
    -4.022242187500e+03 3.119677543640e+00-9.313225746155e-10 0.000000000000e+00
    -1.008126367188e+04-5.272331237793e-01-2.793967723846e-09 4.000000000000e+00
    -2.307613085938e+04-3.165426254272e-01 9.313225746155e-10 0.000000000000e+00
     1.510000000000e+02 0.000000000000e+00 3.000000000000e+00 0.000000000000e+00
> EPH R18 FDMA
R18 2025 03 19 10 45 00 1.923702657223e-04 1.818989403546e-12 2.970000000000e+05
    -1.944475341797e+04 2.189315795898e+00 0.000000000000e+00 0.000000000000e+00
    -4.234786132813e+03-1.839389801025e-01-2.793967723846e-09-3.000000000000e+00
    -1.597843164063e+04-2.608302116394e+00 0.000000000000e+00 0.000000000000e+00
     1.510000000000e+02 5.587935447693e-09 2.000000000000e+00 0.000000000000e+00
> EPH R19 FDMA
R19 2025 03 19 10 45 00-4.457030445337e-05-9.094947017729e-13 2.970000000000e+05
    -2.528532080078e+04 4.005737304688e-01 0.000000000000e+00 0.000000000000e+00
     1.995455078125e+03 1.906232833862e-01-1.862645149231e-09 3.000000000000e+00
    -2.723815917969e+03-3.581490516663e+00 0.000000000000e+00 0.000000000000e+00
     2.470000000000e+02 3.725290298462e-09 5.000000000000e+00 3.000000000000e+00
> EPH R20 FDMA
R20 2025 03 19 10 45 00-1.274133101106e-04 0.000000000000e+00 2.970000000000e+05
    -1.603672851563e+04-2.325615882874e+00 9.313225746155e-10 0.000000000000e+00
     9.819590820313e+03 4.585351943970e-01 0.000000000000e+00 2.000000000000e+00
     1.726586474609e+04-2.417357444763e+00-9.313225746155e-10 0.000000000000e+00
     1.830000000000e+02 4.656612873077e-09 3.000000000000e+00 3.000000000000e+00
> EPH R21 FDMA
R21 2025 03 19 10 45 00-1.859674230218e-04-3.637978807092e-12 2.970000000000e+05
     2.249619140625e+03-3.139683723450e+00 9.313225746155e-10 0.000000000000e+00
     1.035072998047e+04 5.108327865601e-01 1.862645149231e-09 4.000000000000e+00
     2.320184130859e+04 7.465171813965e-02-9.313225746155e-10 0.000000000000e+00
     1.830000000000e+02 9.313225746155e-10 3.000000000000e+00 3.000000000000e+00
> EPH R22 FDMA
R22 2025 03 19 10 45 00-6.500631570816e-05-9.094947017729e-13 2.970000000000e+05
     2.025651220703e+04-2.033997535706e+00 9.313225746155e-10 0.000000000000e+00
     4.311712402344e+03 1.615648269653e-01 2.793967723846e-09-3.000000000000e+00
     1.490479736328e+04 2.723277091980e+00 0.000000000000e+00 0.000000000000e+00
     2.460000000000e+02 3.725290298462e-09 3.000000000000e+00 3.000000000000e+00
> EPH R23 FDMA
R23 2025 03 19 10 45 00-1.498833298683e-04-9.094947017729e-13 2.970000000000e+05
     2.523288525391e+04-8.313369750977e-02 0.000000000000e+00 0.000000000000e+00
    -3.683924804688e+03-2.210874557495e-01 1.862645149231e-09 3.000000000000e+00
     3.466669921875e+02 3.602560043335e+00 0.000000000000e+00 0.000000000000e+00
     1.510000000000e+02 8.381903171539e-09 3.000000000000e+00 0.000000000000e+00
> EPH R24 FDMA
R24 2025 03 19 10 45 00-9.691063314676e-05-1.818989403546e-12 2.970000000000e+05
     1.501327978516e+04 2.328586578369e+00-9.313225746155e-10 0.000000000000e+00
    -1.106063134766e+04-5.259180068970e-01 0.000000000000e+00 2.000000000000e+00
    -1.739617675781e+04 2.341020584106e+00 9.313225746155e-10 0.000000000000e+00
     1.510000000000e+02 3.725290298462e-09 3.000000000000e+00 0.000000000000e+00
> EPH R26 FDMA
R26 2025 03 19 10 45 00-1.292759552598e-04 9.094947017729e-13 2.970000000000e+05
     7.307984863281e+03-9.648361206055e-01 9.313225746155e-10 1.000000000000e+00
     1.026730859375e+04 2.884864807129e+00 0.000000000000e+00-6.000000000000e+00
    -2.214665966797e+04 1.019975662231e+00 2.793967723846e-09 0.000000000000e+00
     8.700000000000e+01 1.024454832077e-08 3.000000000000e+00 4.000000000000e+00
> EPH S22 SBAS
S22 2025 03 19 10 50 40 0.000000000000e+00 0.000000000000e+00 9.999000000000e+08
    -3.389392800000e+04 0.000000000000e+00 0.000000000000e+00 4.700000000000e+01
     2.508018800000e+04 0.000000000000e+00 0.000000000000e+00 8.192000000000e+03
     0.000000000000e+00 0.000000000000e+00 0.000000000000e+00 1.500000000000e+01
> EPH S23 SBAS
S23 2025 03 19 10 50 56 0.000000000000e+00 0.000000000000e+00 9.999000000000e+08
     3.866796400000e+04 0.000000000000e+00 0.000000000000e+00 4.700000000000e+01
     1.681330800000e+04 0.000000000000e+00 0.000000000000e+00 8.192000000000e+03
     0.000000000000e+00 0.000000000000e+00 0.000000000000e+00 1.500000000000e+01
> EPH S27 SBAS
S27 2025 03 19 10 47 28 3.259629011154e-09 1.364242052659e-11 9.999000000000e+08
     2.408733880000e+04 1.277500000000e-03 3.125000000000e-07 0.000000000000e+00
     3.460402184000e+04 2.019375000000e-03-1.750000000000e-07 4.096000000000e+03
    -5.698872000000e+02 2.935600000000e-02 3.000000000000e-06 1.400000000000e+01
> EPH S28 SBAS
S28 2025 03 19 10 47 28 0.000000000000e+00 0.000000000000e+00 9.999000000000e+08
     5.127501840000e+03 1.152500000000e-03 1.125000000000e-07 4.700000000000e+01
     4.186218640000e+04 6.437500000000e-04 0.000000000000e+00 8.192000000000e+03
    -5.971200000000e+00-1.940000000000e-03 6.250000000000e-08 1.500000000000e+01
> EPH S31 SBAS
S31 2025 03 19 10 47 28-3.539025783539e-08 3.637978807092e-12 9.999000000000e+08
    -1.913518920000e+04-7.250000000000e-05-1.250000000000e-08 0.000000000000e+00
    -3.757297440000e+04-8.562500000000e-05 0.000000000000e+00 2.000000000000e+00
    -2.807600000000e+00 8.000000000000e-05 0.000000000000e+00 2.180000000000e+02
> EPH S32 SBAS
S32 2025 03 19 10 47 28 0.000000000000e+00 0.000000000000e+00 9.999000000000e+08
    -2.577299280000e+03-1.134375000000e-03 7.500000000000e-08 4.700000000000e+01
     4.207882376000e+04 4.681250000000e-04 5.000000000000e-08 8.192000000000e+03
    -5.985600000000e+00-2.340000000000e-03 6.250000000000e-08 1.500000000000e+01
> EPH S33 SBAS
S33 2025 03 19 10 47 28 2.281740307808e-08 9.094947017729e-12 9.999000000000e+08
    -2.663597432000e+04-1.975000000000e-04 0.000000000000e+00 0.000000000000e+00
    -3.268883376000e+04 1.800000000000e-04 0.000000000000e+00 2.000000000000e+00
     1.632800000000e+01-4.080000000000e-04-6.250000000000e-08 4.500000000000e+01
> EPH S35 SBAS
S35 2025 03 19 10 47 28-2.970919013023e-07-3.819877747446e-11 9.999000000000e+08
    -2.419278968000e+04-8.181250000000e-04 2.500000000000e-08 0.000000000000e+00
    -3.454254104000e+04 6.712500000000e-04 1.250000000000e-08 2.000000000000e+00
     1.544800000000e+00 1.256000000000e-03 0.000000000000e+00 1.820000000000e+02
> EPH S36 SBAS
S36 2025 03 19 10 49 20 0.000000000000e+00 0.000000000000e+00 9.999000000000e+08
     4.200368800000e+04 0.000000000000e+00 0.000000000000e+00 4.700000000000e+01
     3.674846960000e+03 0.000000000000e+00 0.000000000000e+00 8.192000000000e+03
     0.000000000000e+00 0.000000000000e+00 0.000000000000e+00 3.300000000000e+01
> EPH S37 SBAS
S37 2025 03 19 10 50 24-1.303851604462e-08 0.000000000000e+00 9.999000000000e+08
    -2.535061840000e+04-2.643750000000e-04 0.000000000000e+00 4.700000000000e+01
     3.369296720000e+04 5.481250000000e-04 0.000000000000e+00 8.192000000000e+03
    -6.171240000000e+01-1.216000000000e-03 0.000000000000e+00 1.500000000000e+01
> EPH C01 D2  
C01 2025 03 19 10 00 00-3.327205777168e-04 4.177103107850e-12 0.000000000000e+00
     1.000000000000e+01-1.173750000000e+02 6.759924435129e-09 2.517369467823e+00
    -3.910157829523e-06 5.700554465875e-04-1.269532367587e-05 6.493360290527e+03
     2.952000000000e+05-4.190951585770e-08-7.133326302873e-01 1.252628862858e-07
     9.819894514594e-02 3.844375000000e+02-2.889125314820e+00-5.599518956726e-09
     7.893185925733e-11                    1.002000000000e+03                   
     2.000000000000e+00 0.000000000000e+00-5.200000000000e-09-9.700000000000e-09
     2.952000000000e+05 1.000000000000e+01                                      
> EPH C02 D2  
C02 2025 03 19 10 00 00 5.389519501477e-04-2.432276602349e-11 0.000000000000e+00
     1.000000000000e+01-1.834375000000e+01 6.487770241672e-09 5.162504439717e-01
    -4.363246262074e-07 1.045720884576e-03-1.331092789769e-05 6.493399358749e+03
     2.952000000000e+05 8.381903171539e-09-9.216848434390e-01 1.871958374977e-07
     1.201494823311e-01 4.048750000000e+02-1.736766072558e+00-5.533801933634e-09
     1.196478409557e-10                    1.002000000000e+03                   
     2.000000000000e+00 0.000000000000e+00 1.700000000000e-09-1.380000000000e-08
     2.952000000000e+05 1.000000000000e+01                                      
> EPH S27 SBAS
S27 2025 03 19 10 51 44 6.519258022308e-09 1.818989403546e-11 9.999000000000e+08
     2.408767608000e+04 1.346875000000e-03 3.125000000000e-07 0.000000000000e+00
     3.460453304000e+04 1.968125000000e-03-1.875000000000e-07 4.096000000000e+03
    -5.622736000000e+02 3.013200000000e-02 3.000000000000e-06 1.400000000000e+01
> EPH S28 SBAS
S28 2025 03 19 10 51 44 0.000000000000e+00 0.000000000000e+00 9.999000000000e+08
     5.127790880000e+03 1.176250000000e-03 1.125000000000e-07 4.700000000000e+01
     4.186232344000e+04 6.325000000000e-04 0.000000000000e+00 8.192000000000e+03
    -6.462800000000e+00-1.928000000000e-03 6.250000000000e-08 1.500000000000e+01
> EPH E11 INAV
E11 2025 03 19 10 40 00-1.692859688774e-03-2.681446176211e-10-3.469446951954e-18
     1.150000000000e+02-1.053750000000e+02 2.496889719765e-09 1.569018038688e+00
    -5.003064870834e-06 4.825526848435e-04 5.379319190979e-06 5.440609598160e+03
     2.976000000000e+05 7.450580596924e-08-3.135848675450e+00 6.146728992462e-08
     9.970146573424e-01 2.444375000000e+02 5.655038981815e-01-5.489514374594e-09
    -2.878691337620e-10 5.170000000000e+02 2.358000000000e+03 0.000000000000e+00
     3.120000000000e+00 0.000000000000e+00-1.420266926289e-08-1.559965312481e-08
     9.999000000000e+08                                                         
> EPH E16 INAV
E16 2025 03 19 10 40 00-2.715154550970e-05-2.259525899717e-12 0.000000000000e+00
     1.150000000000e+02 1.266250000000e+02 2.994767601234e-09 1.330740102667e+00
     6.059184670448e-06 3.052542451769e-04 9.726732969284e-06 5.440623868942e+03
     2.976000000000e+05 2.421438694000e-08 1.047420528195e+00-1.303851604462e-08
     9.657929221804e-01 1.308750000000e+02 2.528873870227e+00-5.488442901391e-09
    -5.750239520557e-11 5.170000000000e+02 2.358000000000e+03 0.000000000000e+00
     3.120000000000e+00 0.000000000000e+00-2.793967723846e-09-1.629814505577e-09
     9.999000000000e+08                                                         
> EPH E25 INAV
E25 2025 03 19 10 40 00 1.534272450954e-05 3.979039320257e-13 0.000000000000e+00
     1.150000000000e+02 1.177500000000e+02 3.042983895351e-09 2.793920038418e+00
     5.550682544708e-06 1.283132005483e-04 9.199604392052e-06 5.440613899231e+03
     2.976000000000e+05-9.313225746155e-09 1.051426009599e+00-3.166496753693e-08
     9.638819883652e-01 1.397500000000e+02 6.877945995772e-01-5.492728794202e-09
    -5.750239520557e-11 5.170000000000e+02 2.358000000000e+03 0.000000000000e+00
     3.120000000000e+00 0.000000000000e+00 3.492459654808e-09 3.492459654808e-09
     9.999000000000e+08                                                         
> EPH S31 SBAS
S31 2025 03 19 10 51 44-3.445893526077e-08 4.547473508865e-12 9.999000000000e+08
    -1.913520816000e+04-7.562500000000e-05-1.250000000000e-08 0.000000000000e+00
    -3.757299632000e+04-8.437500000000e-05 0.000000000000e+00 2.000000000000e+00
    -2.787200000000e+00 8.400000000000e-05 0.000000000000e+00 2.190000000000e+02
> EPH S32 SBAS
S32 2025 03 19 10 51 44 0.000000000000e+00 0.000000000000e+00 9.999000000000e+08
    -2.577589600000e+03-1.114375000000e-03 8.750000000000e-08 4.700000000000e+01
     4.207894176000e+04 4.806250000000e-04 5.000000000000e-08 8.192000000000e+03
    -6.580400000000e+00-2.328000000000e-03 6.250000000000e-08 1.500000000000e+01
> EPH S33 SBAS
S33 2025 03 19 10 51 44 2.514570951462e-08 9.094947017729e-12 9.999000000000e+08
    -2.663602488000e+04-1.943750000000e-04 0.000000000000e+00 0.000000000000e+00
    -3.268878768000e+04 1.800000000000e-04 0.000000000000e+00 4.096000000000e+03
     1.622160000000e+01-4.320000000000e-04-6.250000000000e-08 4.600000000000e+01
> EPH S35 SBAS
S35 2025 03 19 10 51 44-3.068707883358e-07-3.365130396560e-11 9.999000000000e+08
    -2.419299832000e+04-8.087500000000e-04 2.500000000000e-08 0.000000000000e+00
    -3.454236880000e+04 6.775000000000e-04 1.250000000000e-08 2.000000000000e+00
     1.866400000000e+00 1.256000000000e-03 0.000000000000e+00 1.830000000000e+02
> EPH E24 INAV
E24 2025 03 19 10 40 00-1.330086262897e-03-2.140154720109e-11 0.000000000000e+00
     1.150000000000e+02 1.286875000000e+02 3.037983687072e-09-3.050599963905e+00
     6.135553121567e-06 7.294036913663e-04 1.018121838570e-05 5.440629661560e+03
     2.976000000000e+05 2.421438694000e-08 1.053969845663e+00 2.607703208923e-08
     9.616830513306e-01 1.215625000000e+02 1.024703638448e+00-5.517729835595e-09
    -3.643008888800e-11 5.170000000000e+02 2.358000000000e+03 0.000000000000e+00
     3.120000000000e+00 0.000000000000e+00-3.492459654808e-09-4.656612873077e-09
     9.999000000000e+08                                                         
> EPH E12 INAV
E12 2025 03 19 10 40 00-7.856377633289e-04-1.908375679704e-10 0.000000000000e+00
     1.150000000000e+02-1.150625000000e+02 2.469031416498e-09 2.768132717690e+00
    -5.306676030159e-06 5.082675488666e-04 5.394220352173e-06 5.440608934402e+03
     2.976000000000e+05 7.264316082001e-08-3.135844514911e+00 5.401670932770e-08
     9.970267980995e-01 2.432812500000e+02 1.571952348068e-01-5.495586056075e-09
    -2.200091642648e-10 5.170000000000e+02 2.358000000000e+03 0.000000000000e+00
     3.120000000000e+00 0.000000000000e+00-1.164153218269e-08-1.164153218269e-08
     9.999000000000e+08                                                         
> EPH S37 SBAS
S37 2025 03 19 10 51 28-1.303851604462e-08 0.000000000000e+00 9.999000000000e+08
    -2.535063512000e+04-2.593750000000e-04 0.000000000000e+00 4.700000000000e+01
     3.369300232000e+04 5.506250000000e-04 0.000000000000e+00 8.192000000000e+03
    -6.178960000000e+01-1.196000000000e-03 0.000000000000e+00 1.500000000000e+01
> EPH S36 SBAS
S36 2025 03 19 10 52 00 0.000000000000e+00 0.000000000000e+00 9.999000000000e+08
     4.200368800000e+04 0.000000000000e+00 0.000000000000e+00 4.700000000000e+01
     3.674846960000e+03 0.000000000000e+00 0.000000000000e+00 8.192000000000e+03
     0.000000000000e+00 0.000000000000e+00 0.000000000000e+00 3.400000000000e+01
> EPH S22 SBAS
S22 2025 03 19 10 52 00 0.000000000000e+00 0.000000000000e+00 9.999000000000e+08
    -3.389392800000e+04 0.000000000000e+00 0.000000000000e+00 4.700000000000e+01
     2.508018800000e+04 0.000000000000e+00 0.000000000000e+00 8.192000000000e+03
     0.000000000000e+00 0.000000000000e+00 0.000000000000e+00 1.500000000000e+01
> EPH E07 FNAV
E07 2025 03 19 10 40 00-1.747736241668e-04-2.046363078989e-12 0.000000000000e+00
     1.150000000000e+02-1.559375000000e+01 3.510146211679e-09-2.287717050404e+00
    -7.264316082001e-07 3.738814266399e-04 4.919245839119e-06 5.440601095200e+03
     2.976000000000e+05-2.235174179077e-08-1.048487138841e+00 5.587935447693e-09
     9.635897836451e-01 2.393125000000e+02-7.710496858629e-01-5.698094491364e-09
     2.632252501025e-10 2.580000000000e+02 2.358000000000e+03 0.000000000000e+00
     3.120000000000e+00 0.000000000000e+00 2.328306436539e-09 0.000000000000e+00
     9.999000000000e+08                                                         
> EPH E27 FNAV
E27 2025 03 19 10 40 00-6.113140261732e-04-1.013233941194e-11 0.000000000000e+00
     1.150000000000e+02 1.312500000000e+02 3.095843240012e-09 3.656491383200e-01
     6.258487701416e-06 2.444897545502e-04 8.629634976387e-06 5.440612741470e+03
     2.976000000000e+05 5.215406417847e-08 1.051396154367e+00 2.607703208923e-08
     9.638472791708e-01 1.572187500000e+02 7.534093134935e-01-5.480228273505e-09
    -1.321483616526e-11 2.580000000000e+02 2.358000000000e+03 0.000000000000e+00
     3.120000000000e+00 0.000000000000e+00 4.656612873077e-10 0.000000000000e+00
     9.999000000000e+08                                                         
> EPH E34 FNAV
E34 2025 03 19 10 40 00-1.699784770608e-04-2.302158463863e-12 0.000000000000e+00
     1.150000000000e+02-9.418750000000e+01 2.299738650489e-09-3.975774043976e-01
    -4.373490810394e-06 6.766640581191e-05 6.040558218956e-06 5.440613134384e+03
     2.976000000000e+05-5.401670932770e-08-3.138233820012e+00 2.793967723846e-08
     9.999389852324e-01 2.292812500000e+02 9.927638416503e-01-5.307363930154e-09
    -1.939366496685e-10 2.580000000000e+02 2.358000000000e+03 0.000000000000e+00
     3.120000000000e+00 0.000000000000e+00 4.423782229424e-09 0.000000000000e+00
     9.999000000000e+08                                                         
> EPH E36 FNAV
E36 2025 03 19 10 40 00-3.683124668896e-04-5.371703082346e-12 0.000000000000e+00
     1.150000000000e+02-9.471875000000e+01 2.384385033493e-09 1.634218155769e+00
    -4.412606358528e-06 3.559961915016e-04 5.640089511871e-06 5.440610425949e+03
     2.976000000000e+05 3.725290298462e-09-3.136361595009e+00-1.154839992523e-07
     1.000118821752e+00 2.417187500000e+02-2.551045309505e-01-5.319864450851e-09
    -2.589393572922e-10 2.580000000000e+02 2.358000000000e+03 0.000000000000e+00
     3.120000000000e+00 0.000000000000e+00 4.423782229424e-09 0.000000000000e+00
     9.999000000000e+08                                                         
> EPH E15 FNAV
E15 2025 03 19 10 40 00-1.631283084862e-04-2.145839061996e-12 0.000000000000e+00
     1.150000000000e+02-1.009375000000e+02 2.390099557240e-09 3.430365604839e-01
    -4.719942808151e-06 3.614621236920e-04 5.934387445450e-06 5.440611671448e+03
     2.976000000000e+05 2.980232238770e-08-3.136436262348e+00 7.450580596924e-09
     1.000069868124e+00 2.302812500000e+02-5.298750389194e-01-5.362366221220e-09
    -2.075086435679e-10 2.580000000000e+02 2.358000000000e+03 0.000000000000e+00
     3.120000000000e+00 0.000000000000e+00 6.752088665962e-09 0.000000000000e+00
     9.999000000000e+08                                                         
> EPH E05 FNAV
E05 2025 03 19 10 40 00 4.836689273361e-03 3.169020601490e-12 0.000000000000e+00
     1.150000000000e+02-2.415625000000e+01 3.409070572902e-09 3.465943070327e-01
    -1.024454832077e-06 2.648875815794e-04 5.079433321953e-06 5.440601358414e+03
     2.976000000000e+05-1.303851604462e-08-1.048553170574e+00-5.215406417847e-08
     9.635628557120e-01 2.330312500000e+02-1.059855189966e+00-5.670950503565e-09
     2.707255625206e-10 2.580000000000e+02 2.358000000000e+03 0.000000000000e+00
     3.120000000000e+00 0.000000000000e+00 2.561137080193e-09 0.000000000000e+00
     9.999000000000e+08                                                         
> EPH E09 FNAV
E09 2025 03 19 10 40 00-8.173855603673e-04-1.452349351894e-11 0.000000000000e+00
     1.150000000000e+02-2.525000000000e+01 3.375140588153e-09 5.326239790238e-01
    -1.171603798866e-06 3.682675305754e-04 5.289912223816e-06 5.440603233337e+03
     2.976000000000e+05 1.676380634308e-08-1.047344127298e+00-2.793967723846e-08
     9.694015226874e-01 2.347187500000e+02-4.479080227442e-01-5.611305161955e-09
     2.475103097979e-10 2.580000000000e+02 2.358000000000e+03 0.000000000000e+00
     3.120000000000e+00 0.000000000000e+00-4.656612873077e-10 0.000000000000e+00
     9.999000000000e+08                                                         
> EPH E13 FNAV
E13 2025 03 19 10 40 00-3.184628440067e-05-5.826450433233e-13 0.000000000000e+00
     1.150000000000e+02-1.076250000000e+02 2.469745731966e-09-6.180710666494e-01
    -5.094334483147e-06 3.378357505426e-04 6.256625056267e-06 5.440609912872e+03
     2.976000000000e+05-2.793967723846e-08-3.136357987454e+00-1.862645149231e-09
     1.000113660577e+00 2.237187500000e+02-3.679393321843e-01-5.415225565881e-09
    -2.739399821284e-10 2.580000000000e+02 2.358000000000e+03 0.000000000000e+00
     3.120000000000e+00 0.000000000000e+00 3.725290298462e-09 0.000000000000e+00
     9.999000000000e+08                                                         
> EPH E16 FNAV
E16 2025 03 19 10 40 00-2.715294249356e-05-2.259525899717e-12 0.000000000000e+00
     1.150000000000e+02 1.266250000000e+02 2.994767601234e-09 1.330740102667e+00
     6.059184670448e-06 3.052542451769e-04 9.726732969284e-06 5.440623868942e+03
     2.976000000000e+05 2.421438694000e-08 1.047420528195e+00-1.303851604462e-08
     9.657929221804e-01 1.308750000000e+02 2.528873870227e+00-5.488442901391e-09
    -5.750239520557e-11 2.580000000000e+02 2.358000000000e+03 0.000000000000e+00
     3.120000000000e+00 0.000000000000e+00-2.793967723846e-09 0.000000000000e+00
     9.999000000000e+08                                                         
> EPH E18 FNAV
E18 2025 03 19 10 40 00 1.232980866916e-03 4.261835329089e-11 0.000000000000e+00
     1.150000000000e+02 1.395937500000e+02 4.300536277455e-09 2.789007047487e+00
     6.996095180511e-06 1.620656094747e-01-1.160427927971e-06 5.289391286850e+03
     2.976000000000e+05-1.590698957443e-06 2.063169724078e+00 9.294599294662e-07
     8.612869817056e-01 3.845937500000e+02 2.823448870150e+00-5.942033223820e-09
    -3.571577341961e-13 2.580000000000e+02 2.358000000000e+03 0.000000000000e+00
     3.120000000000e+00 1.600000000000e+01-2.328306436539e-09 0.000000000000e+00
     9.999000000000e+08                                                         
> EPH E21 FNAV
E21 2025 03 19 10 40 00-6.530067767017e-04-2.330580173293e-12 0.000000000000e+00
     1.150000000000e+02 1.414375000000e+02 2.988338762019e-09-1.084603009383e+00
     6.623566150665e-06 2.176284324378e-04 9.279698133469e-06 5.440618030548e+03
     2.976000000000e+05 9.313225746155e-09 1.051426435309e+00-6.332993507385e-08
     9.638759626056e-01 1.393750000000e+02 1.405625307970e+00-5.459870282656e-09
    -6.500270762369e-11 2.580000000000e+02 2.358000000000e+03 0.000000000000e+00
     3.120000000000e+00 0.000000000000e+00 4.656612873077e-10 0.000000000000e+00
     9.999000000000e+08                                                         
> EPH E24 FNAV
E24 2025 03 19 10 40 00-1.330085680820e-03-2.140154720109e-11 0.000000000000e+00
     1.150000000000e+02 1.286875000000e+02 3.037983687072e-09-3.050599963905e+00
     6.135553121567e-06 7.294036913663e-04 1.018121838570e-05 5.440629661560e+03
     2.976000000000e+05 2.421438694000e-08 1.053969845663e+00 2.607703208923e-08
     9.616830513306e-01 1.215625000000e+02 1.024703638448e+00-5.517729835595e-09
    -3.643008888800e-11 2.580000000000e+02 2.358000000000e+03 0.000000000000e+00
     3.120000000000e+00 0.000000000000e+00-3.492459654808e-09 0.000000000000e+00
     9.999000000000e+08                                                         
> EPH E25 FNAV
E25 2025 03 19 10 40 00 1.534220064059e-05 3.979039320257e-13 0.000000000000e+00
     1.150000000000e+02 1.177500000000e+02 3.042983895351e-09 2.793920038418e+00
     5.550682544708e-06 1.283132005483e-04 9.199604392052e-06 5.440613899231e+03
     2.976000000000e+05-9.313225746155e-09 1.051426009599e+00-3.166496753693e-08
     9.638819883652e-01 1.397500000000e+02 6.877945995772e-01-5.492728794202e-09
    -5.750239520557e-11 2.580000000000e+02 2.358000000000e+03 0.000000000000e+00
     3.120000000000e+00 0.000000000000e+00 3.492459654808e-09 0.000000000000e+00
     9.999000000000e+08                                                         
> EPH E31 FNAV
E31 2025 03 19 10 40 00-5.910912295803e-05-1.577404873387e-12 0.000000000000e+00
     1.150000000000e+02 1.471250000000e+02 3.019768642628e-09-1.621517836852e+00
     6.809830665588e-06 8.216279093176e-05 1.014396548271e-05 5.440617216110e+03
     2.976000000000e+05-5.774199962616e-08 1.051354202265e+00 0.000000000000e+00
     9.638516781655e-01 1.247187500000e+02 3.832686831248e-01-5.454870074377e-09
    -2.785830326729e-11 2.580000000000e+02 2.358000000000e+03 0.000000000000e+00
     3.120000000000e+00 0.000000000000e+00 3.958120942116e-09 0.000000000000e+00
     9.999000000000e+08                                                         
> EPH E33 FNAV
E33 2025 03 19 10 40 00 1.607916783541e-05-1.278976924368e-13 0.000000000000e+00
     1.150000000000e+02-1.255625000000e+02 2.379384825214e-09-1.631482819339e+00
    -5.746260285378e-06 1.579904928803e-04 5.748122930527e-06 5.440614381790e+03
     2.976000000000e+05-6.519258022308e-08-3.136392879513e+00 1.098960638046e-07
     1.000131895851e+00 2.369687500000e+02-9.002851519645e-01-5.387367262614e-09
    -2.496532562031e-10 2.580000000000e+02 2.358000000000e+03 0.000000000000e+00
     3.120000000000e+00 0.000000000000e+00-3.725290298462e-09 0.000000000000e+00
     9.999000000000e+08                                                         
> EPH E11 FNAV
E11 2025 03 19 10 40 00-1.692859106697e-03-2.681730393306e-10-3.469446951954e-18
     1.150000000000e+02-1.053750000000e+02 2.496889719765e-09 1.569018038688e+00
    -5.003064870834e-06 4.825526848435e-04 5.379319190979e-06 5.440609598160e+03
     2.976000000000e+05 7.450580596924e-08-3.135848675450e+00 6.146728992462e-08
     9.970146573424e-01 2.444375000000e+02 5.655038981815e-01-5.489514374594e-09
    -2.878691337620e-10 2.580000000000e+02 2.358000000000e+03 0.000000000000e+00
     3.120000000000e+00 0.000000000000e+00-1.420266926289e-08 0.000000000000e+00
     9.999000000000e+08                                                         
> EPH E02 INAV
E02 2025 03 19 10 40 00 2.057157689705e-04 2.813749233610e-12 0.000000000000e+00
     1.150000000000e+02 1.201875000000e+02 2.991910339361e-09 1.851585142228e+00
     5.492940545082e-06 4.423257196322e-04 9.138137102127e-06 5.440622060776e+03
     2.976000000000e+05-2.607703208923e-08 1.054604487321e+00 1.117587089539e-08
     9.642679222466e-01 1.441562500000e+02 8.372780778213e-01-5.443083869148e-09
    -3.571577341961e-11 5.170000000000e+02 2.358000000000e+03 0.000000000000e+00
     3.120000000000e+00 0.000000000000e+00-3.492459654808e-09-4.423782229424e-09
     9.999000000000e+08                                                         
> EPH E12 FNAV
E12 2025 03 19 10 40 00-7.856384618208e-04-1.908802005346e-10 0.000000000000e+00
     1.150000000000e+02-1.150625000000e+02 2.469031416498e-09 2.768132717690e+00
    -5.306676030159e-06 5.082675488666e-04 5.394220352173e-06 5.440608934402e+03
     2.976000000000e+05 7.264316082001e-08-3.135844514911e+00 5.401670932770e-08
     9.970267980995e-01 2.432812500000e+02 1.571952348068e-01-5.495586056075e-09
    -2.200091642648e-10 2.580000000000e+02 2.358000000000e+03 0.000000000000e+00
     3.120000000000e+00 0.000000000000e+00-1.164153218269e-08 0.000000000000e+00
     9.999000000000e+08                                                         
> EPH S37 SBAS
S37 2025 03 19 10 52 16-1.303851604462e-08 0.000000000000e+00 9.999000000000e+08
    -2.535064744000e+04-2.556250000000e-04 0.000000000000e+00 4.700000000000e+01
     3.369302880000e+04 5.525000000000e-04 0.000000000000e+00 8.192000000000e+03
    -6.184640000000e+01-1.180000000000e-03 0.000000000000e+00 1.500000000000e+01
> EPH E02 FNAV
E02 2025 03 19 10 40 00 2.057164092548e-04 2.799538378895e-12 0.000000000000e+00
     1.150000000000e+02 1.201875000000e+02 2.991910339361e-09 1.851585142228e+00
     5.492940545082e-06 4.423257196322e-04 9.138137102127e-06 5.440622060776e+03
     2.976000000000e+05-2.607703208923e-08 1.054604487321e+00 1.117587089539e-08
     9.642679222466e-01 1.441562500000e+02 8.372780778213e-01-5.443083869148e-09
    -3.571577341961e-11 2.580000000000e+02 2.358000000000e+03 0.000000000000e+00
     3.120000000000e+00 0.000000000000e+00-3.492459654808e-09 0.000000000000e+00
     9.999000000000e+08                                                         
> EPH S23 SBAS
S23 2025 03 19 10 53 20 0.000000000000e+00 0.000000000000e+00 9.999000000000e+08
     3.866796400000e+04 0.000000000000e+00 0.000000000000e+00 4.700000000000e+01
     1.681330800000e+04 0.000000000000e+00 0.000000000000e+00 8.192000000000e+03
     0.000000000000e+00 0.000000000000e+00 0.000000000000e+00 1.500000000000e+01
> EPH S22 SBAS
S22 2025 03 19 10 53 36 0.000000000000e+00 0.000000000000e+00 9.999000000000e+08
    -3.389392800000e+04 0.000000000000e+00 0.000000000000e+00 4.700000000000e+01
     2.508018800000e+04 0.000000000000e+00 0.000000000000e+00 8.192000000000e+03
     0.000000000000e+00 0.000000000000e+00 0.000000000000e+00 1.500000000000e+01
> EPH S37 SBAS
S37 2025 03 19 10 53 36-1.303851604462e-08 0.000000000000e+00 9.999000000000e+08
    -2.535066768000e+04-2.487500000000e-04 0.000000000000e+00 4.700000000000e+01
     3.369307312000e+04 5.556250000000e-04 0.000000000000e+00 8.192000000000e+03
    -6.194000000000e+01-1.152000000000e-03 0.000000000000e+00 1.500000000000e+01
> EPH S36 SBAS
S36 2025 03 19 10 54 24 0.000000000000e+00 0.000000000000e+00 9.999000000000e+08
     4.200368800000e+04 0.000000000000e+00 0.000000000000e+00 4.700000000000e+01
     3.674846960000e+03 0.000000000000e+00 0.000000000000e+00 8.192000000000e+03
     0.000000000000e+00 0.000000000000e+00 0.000000000000e+00 3.500000000000e+01
> EPH S37 SBAS
S37 2025 03 19 10 54 24-1.303851604462e-08 0.000000000000e+00 9.999000000000e+08
    -2.535067952000e+04-2.450000000000e-04 0.000000000000e+00 4.700000000000e+01
     3.369309984000e+04 5.575000000000e-04 0.000000000000e+00 8.192000000000e+03
    -6.199480000000e+01-1.136000000000e-03 0.000000000000e+00 1.500000000000e+01
> EPH S22 SBAS
S22 2025 03 19 10 54 56 0.000000000000e+00 0.000000000000e+00 9.999000000000e+08
    -3.389392800000e+04 0.000000000000e+00 0.000000000000e+00 4.700000000000e+01
     2.508018800000e+04 0.000000000000e+00 0.000000000000e+00 8.192000000000e+03
     0.000000000000e+00 0.000000000000e+00 0.000000000000e+00 1.500000000000e+01
> EPH E03 INAV
E03 2025 03 19 10 40 00-1.799726160243e-04-2.458477865730e-12 0.000000000000e+00
     1.150000000000e+02-1.778125000000e+01 3.430857194688e-09-1.407700847865e+00
    -8.456408977509e-07 2.918585669249e-04 5.109235644341e-06 5.440601255417e+03
     2.976000000000e+05-3.539025783539e-08-1.048559610339e+00 2.235174179077e-08
     9.635487429413e-01 2.276875000000e+02-8.638290169173e-02-5.719881113150e-09
     2.710827202548e-10 5.170000000000e+02 2.358000000000e+03 0.000000000000e+00
     3.120000000000e+00 0.000000000000e+00 2.561137080193e-09 2.793967723846e-09
     9.999000000000e+08                                                         
> EPH S27 SBAS
S27 2025 03 19 10 56 00 1.117587089539e-08 2.273736754432e-11 9.999000000000e+08
     2.408803112000e+04 1.411250000000e-03 3.125000000000e-07 0.000000000000e+00
     3.460503072000e+04 1.911250000000e-03-1.875000000000e-07 4.096000000000e+03
    -5.544616000000e+02 3.088000000000e-02 2.937500000000e-06 1.400000000000e+01
> EPH S28 SBAS
S28 2025 03 19 10 56 00 0.000000000000e+00 0.000000000000e+00 9.999000000000e+08
     5.128084960000e+03 1.199375000000e-03 1.125000000000e-07 4.700000000000e+01
     4.186245312000e+04 6.193750000000e-04 0.000000000000e+00 8.192000000000e+03
    -6.951600000000e+00-1.920000000000e-03 6.250000000000e-08 1.500000000000e+01
> EPH S31 SBAS
S31 2025 03 19 10 56 00-3.306195139885e-08 6.366462912410e-12 9.999000000000e+08
    -1.913522792000e+04-7.937500000000e-05-1.250000000000e-08 0.000000000000e+00
    -3.757301792000e+04-8.250000000000e-05 0.000000000000e+00 2.000000000000e+00
    -2.765600000000e+00 8.400000000000e-05 0.000000000000e+00 2.200000000000e+02
> EPH S32 SBAS
S32 2025 03 19 10 56 00 0.000000000000e+00 0.000000000000e+00 9.999000000000e+08
    -2.577875440000e+03-1.095000000000e-03 8.750000000000e-08 4.700000000000e+01
     4.207905792000e+04 4.912500000000e-04 5.000000000000e-08 8.192000000000e+03
    -7.172800000000e+00-2.316000000000e-03 6.250000000000e-08 1.500000000000e+01
> EPH S33 SBAS
S33 2025 03 19 10 56 00 2.747401595116e-08 8.185452315956e-12 9.999000000000e+08
    -2.663607464000e+04-1.937500000000e-04 0.000000000000e+00 0.000000000000e+00
    -3.268874160000e+04 1.800000000000e-04 0.000000000000e+00 2.000000000000e+00
     1.610880000000e+01-4.560000000000e-04-6.250000000000e-08 4.700000000000e+01
> EPH S35 SBAS
S35 2025 03 19 10 56 00-3.152526915073e-07-2.910383045673e-11 9.999000000000e+08
    -2.419320456000e+04-8.000000000000e-04 2.500000000000e-08 0.000000000000e+00
    -3.454219496000e+04 6.831250000000e-04 1.250000000000e-08 2.000000000000e+00
     2.188000000000e+00 1.252000000000e-03 0.000000000000e+00 1.840000000000e+02
> EPH S37 SBAS
S37 2025 03 19 10 55 28-1.303851604462e-08 0.000000000000e+00 9.999000000000e+08
    -2.535069504000e+04-2.400000000000e-04 0.000000000000e+00 4.700000000000e+01
     3.369313560000e+04 5.600000000000e-04 0.000000000000e+00 8.192000000000e+03
    -6.206680000000e+01-1.116000000000e-03 0.000000000000e+00 1.500000000000e+01
> EPH S23 SBAS
S23 2025 03 19 10 56 00 0.000000000000e+00 0.000000000000e+00 9.999000000000e+08
     3.866796400000e+04 0.000000000000e+00 0.000000000000e+00 4.700000000000e+01
     1.681330800000e+04 0.000000000000e+00 0.000000000000e+00 8.192000000000e+03
     0.000000000000e+00 0.000000000000e+00 0.000000000000e+00 1.500000000000e+01
> EPH E03 FNAV
E03 2025 03 19 10 40 00-1.799731398933e-04-2.458477865730e-12 0.000000000000e+00
     1.150000000000e+02-1.778125000000e+01 3.430857194688e-09-1.407700847865e+00
    -8.456408977509e-07 2.918585669249e-04 5.109235644341e-06 5.440601255417e+03
     2.976000000000e+05-3.539025783539e-08-1.048559610339e+00 2.235174179077e-08
     9.635487429413e-01 2.276875000000e+02-8.638290169173e-02-5.719881113150e-09
     2.710827202548e-10 2.580000000000e+02 2.358000000000e+03 0.000000000000e+00
     3.120000000000e+00 0.000000000000e+00 2.561137080193e-09 0.000000000000e+00
     9.999000000000e+08                                                         
> EPH S22 SBAS
S22 2025 03 19 10 56 16 0.000000000000e+00 0.000000000000e+00 9.999000000000e+08
    -3.389392800000e+04 0.000000000000e+00 0.000000000000e+00 4.700000000000e+01
     2.508018800000e+04 0.000000000000e+00 0.000000000000e+00 8.192000000000e+03
     0.000000000000e+00 0.000000000000e+00 0.000000000000e+00 1.500000000000e+01
> EPH E08 INAV
E08 2025 03 19 10 40 00-4.347430658527e-04-6.295408638834e-12 0.000000000000e+00
     1.150000000000e+02-1.071875000000e+01 3.405498995560e-09-1.890103596779e+00
    -7.152557373047e-07 3.079996677116e-04 4.995614290237e-06 5.440603193283e+03
     2.976000000000e+05 9.313225746155e-09-1.047388901369e+00 0.000000000000e+00
     9.693732591101e-01 2.370000000000e+02-3.810415000679e-01-5.674522080907e-09
     2.535819912792e-10 5.170000000000e+02 2.358000000000e+03 0.000000000000e+00
     3.120000000000e+00 0.000000000000e+00-6.053596735001e-09-6.752088665962e-09
     9.999000000000e+08                                                         
> EPH S37 SBAS
S37 2025 03 19 10 56 32-1.303851604462e-08 0.000000000000e+00 9.999000000000e+08
    -2.535071016000e+04-2.343750000000e-04 0.000000000000e+00 4.700000000000e+01
     3.369317152000e+04 5.625000000000e-04 0.000000000000e+00 8.192000000000e+03
    -6.213760000000e+01-1.096000000000e-03 0.000000000000e+00 1.500000000000e+01
> EPH S36 SBAS
S36 2025 03 19 10 57 04 0.000000000000e+00 0.000000000000e+00 9.999000000000e+08
     4.200368800000e+04 0.000000000000e+00 0.000000000000e+00 4.700000000000e+01
     3.674846960000e+03 0.000000000000e+00 0.000000000000e+00 8.192000000000e+03
     0.000000000000e+00 0.000000000000e+00 0.000000000000e+00 3.600000000000e+01
> EPH E08 FNAV
E08 2025 03 19 10 40 00-4.347426001914e-04-6.295408638834e-12 0.000000000000e+00
     1.150000000000e+02-1.071875000000e+01 3.405498995560e-09-1.890103596779e+00
    -7.152557373047e-07 3.079996677116e-04 4.995614290237e-06 5.440603193283e+03
     2.976000000000e+05 9.313225746155e-09-1.047388901369e+00 0.000000000000e+00
     9.693732591101e-01 2.370000000000e+02-3.810415000679e-01-5.674522080907e-09
     2.535819912792e-10 2.580000000000e+02 2.358000000000e+03 0.000000000000e+00
     3.120000000000e+00 0.000000000000e+00-6.053596735001e-09 0.000000000000e+00
     9.999000000000e+08                                                         
> EPH S37 SBAS
S37 2025 03 19 10 57 36-1.303851604462e-08 0.000000000000e+00 9.999000000000e+08
    -2.535072504000e+04-2.293750000000e-04 0.000000000000e+00 4.700000000000e+01
     3.369320760000e+04 5.650000000000e-04 0.000000000000e+00 8.192000000000e+03
    -6.220720000000e+01-1.072000000000e-03 0.000000000000e+00 1.500000000000e+01
> EPH S22 SBAS
S22 2025 03 19 10 57 52 0.000000000000e+00 0.000000000000e+00 9.999000000000e+08
    -3.389392800000e+04 0.000000000000e+00 0.000000000000e+00 4.700000000000e+01
     2.508018800000e+04 0.000000000000e+00 0.000000000000e+00 8.192000000000e+03
     0.000000000000e+00 0.000000000000e+00 0.000000000000e+00 1.500000000000e+01
> EPH S23 SBAS
S23 2025 03 19 10 58 40 0.000000000000e+00 0.000000000000e+00 9.999000000000e+08
     3.866796400000e+04 0.000000000000e+00 0.000000000000e+00 4.700000000000e+01
     1.681330800000e+04 0.000000000000e+00 0.000000000000e+00 8.192000000000e+03
     0.000000000000e+00 0.000000000000e+00 0.000000000000e+00 1.500000000000e+01
> EPH S37 SBAS
S37 2025 03 19 10 58 40-1.303851604462e-08 0.000000000000e+00 9.999000000000e+08
    -2.535073960000e+04-2.243750000000e-04 0.000000000000e+00 4.700000000000e+01
     3.369324384000e+04 5.675000000000e-04 0.000000000000e+00 8.192000000000e+03
    -6.227520000000e+01-1.052000000000e-03 0.000000000000e+00 1.500000000000e+01
> EPH E04 INAV
E04 2025 03 19 10 40 00-1.853114808910e-04-9.720224625198e-12 0.000000000000e+00
     1.150000000000e+02-2.421875000000e+01 3.466215810373e-09 2.034442271555e+00
    -1.356005668640e-06 3.575765294954e-04 5.068257451057e-06 5.440597404480e+03
     2.976000000000e+05 6.891787052155e-08-1.048433607742e+00-5.587935447693e-09
     9.635880383838e-01 2.332500000000e+02-1.189083648690e+00-5.691665652149e-09
     2.721541934574e-10 5.170000000000e+02 2.358000000000e+03 0.000000000000e+00
     3.120000000000e+00 0.000000000000e+00-5.355104804039e-09-6.053596735001e-09
     9.999000000000e+08                                                         
> EPH S22 SBAS
S22 2025 03 19 10 59 12 0.000000000000e+00 0.000000000000e+00 9.999000000000e+08
    -3.389392800000e+04 0.000000000000e+00 0.000000000000e+00 4.700000000000e+01
     2.508018800000e+04 0.000000000000e+00 0.000000000000e+00 8.192000000000e+03
     0.000000000000e+00 0.000000000000e+00 0.000000000000e+00 1.500000000000e+01
> EPH E30 INAV
E30 2025 03 19 10 40 00-1.357401080895e-03-4.051514679304e-11 0.000000000000e+00
     1.150000000000e+02 1.205312500000e+02 3.046555472693e-09 7.605122313471e-01
     5.612149834633e-06 5.268723471090e-04 8.774921298027e-06 5.440625080109e+03
     2.976000000000e+05-1.490116119385e-08 1.053885806871e+00 1.862645149231e-08
     9.616665847247e-01 1.535937500000e+02 1.133303255270e+00-5.466299121871e-09
     7.143154683922e-13 5.170000000000e+02 2.358000000000e+03 0.000000000000e+00
     3.120000000000e+00 0.000000000000e+00-4.656612873077e-10-6.984919309616e-10
     9.999000000000e+08                                                         
> EPH S36 SBAS
S36 2025 03 19 10 59 44 0.000000000000e+00 0.000000000000e+00 9.999000000000e+08
     4.200368800000e+04 0.000000000000e+00 0.000000000000e+00 4.700000000000e+01
     3.674846960000e+03 0.000000000000e+00 0.000000000000e+00 8.192000000000e+03
     0.000000000000e+00 0.000000000000e+00 0.000000000000e+00 3.700000000000e+01
> EPH S37 SBAS
S37 2025 03 19 10 59 28-1.303851604462e-08 0.000000000000e+00 9.999000000000e+08
    -2.535075024000e+04-2.206250000000e-04 0.000000000000e+00 4.700000000000e+01
     3.369327112000e+04 5.693750000000e-04 0.000000000000e+00 8.192000000000e+03
    -6.232520000000e+01-1.036000000000e-03 0.000000000000e+00 1.500000000000e+01
> EPH E04 FNAV
E04 2025 03 19 10 40 00-1.853113644756e-04-9.720224625198e-12 0.000000000000e+00
     1.150000000000e+02-2.421875000000e+01 3.466215810373e-09 2.034442271555e+00
    -1.356005668640e-06 3.575765294954e-04 5.068257451057e-06 5.440597404480e+03
     2.976000000000e+05 6.891787052155e-08-1.048433607742e+00-5.587935447693e-09
     9.635880383838e-01 2.332500000000e+02-1.189083648690e+00-5.691665652149e-09
     2.721541934574e-10 2.580000000000e+02 2.358000000000e+03 0.000000000000e+00
     3.120000000000e+00 0.000000000000e+00-5.355104804039e-09 0.000000000000e+00
     9.999000000000e+08                                                         
> EPH S31 SBAS
S31 2025 03 19 11 00 16-3.119930624962e-08 7.275957614183e-12 9.999000000000e+08
    -1.913524864000e+04-8.437500000000e-05-1.250000000000e-08 0.000000000000e+00
    -3.757303904000e+04-8.187500000000e-05 0.000000000000e+00 2.000000000000e+00
    -2.744000000000e+00 8.800000000000e-05 0.000000000000e+00 2.210000000000e+02
> EPH S32 SBAS
S32 2025 03 19 11 00 16 0.000000000000e+00 0.000000000000e+00 9.999000000000e+08
    -2.578153040000e+03-1.073750000000e-03 8.750000000000e-08 4.700000000000e+01
     4.207918552000e+04 5.050000000000e-04 5.000000000000e-08 8.192000000000e+03
    -7.764800000000e+00-2.308000000000e-03 6.250000000000e-08 1.500000000000e+01
> EPH S33 SBAS
S33 2025 03 19 11 00 16 2.933666110039e-08 5.456968210638e-12 9.999000000000e+08
    -2.663612424000e+04-1.950000000000e-04 0.000000000000e+00 0.000000000000e+00
    -3.268869552000e+04 1.787500000000e-04 0.000000000000e+00 2.000000000000e+00
     1.599000000000e+01-4.760000000000e-04-6.250000000000e-08 4.800000000000e+01
> EPH S35 SBAS
S35 2025 03 19 11 00 16-3.227032721043e-07-2.455635694787e-11 9.999000000000e+08
    -2.419340856000e+04-7.925000000000e-04 2.500000000000e-08 0.000000000000e+00
    -3.454201968000e+04 6.868750000000e-04 1.250000000000e-08 2.000000000000e+00
     2.508400000000e+00 1.244000000000e-03 0.000000000000e+00 1.850000000000e+02
> EPH S27 SBAS
S27 2025 03 19 11 00 16 1.676380634308e-08 2.728484105319e-11 9.999000000000e+08
     2.408840264000e+04 1.573125000000e-03 3.000000000000e-07 0.000000000000e+00
     3.460551384000e+04 1.905625000000e-03-1.875000000000e-07 4.096000000000e+03
    -5.464600000000e+02 3.162400000000e-02 2.875000000000e-06 1.400000000000e+01
> EPH S28 SBAS
S28 2025 03 19 11 00 16 0.000000000000e+00 0.000000000000e+00 9.999000000000e+08
     5.128395760000e+03 1.228750000000e-03 1.125000000000e-07 4.700000000000e+01
     4.186261152000e+04 6.187500000000e-04 0.000000000000e+00 8.192000000000e+03
    -7.441600000000e+00-1.908000000000e-03 6.250000000000e-08 1.500000000000e+01
> EPH G28 LNAV
G28 2025 03 19 12 59 44-5.816780030727e-04-7.162270776462e-12 0.000000000000e+00
     2.330000000000e+02-2.315625000000e+01 4.701981570691e-09 2.797197015878e+00
    -1.186504960060e-06 2.921336563304e-04 8.285045623779e-06 5.153574476242e+03
     3.059840000000e+05-5.215406417847e-08-1.288967420495e-01-1.490116119385e-08
     9.618744141817e-01 2.222500000000e+02 8.284478004276e-01-7.959974422028e-09
    -2.982267080537e-10 1.000000000000e+00 2.358000000000e+03 0.000000000000e+00
     2.000000000000e+00 0.000000000000e+00-9.313225746155e-09 7.450000000000e+02
     9.999000000000e+08                                                         
> EPH G14 LNAV
G14 2025 03 19 12 59 44 6.168340332806e-04 6.252776074689e-12 0.000000000000e+00
     1.260000000000e+02 8.856250000000e+01 4.806985944545e-09 2.534353702416e+00
     4.565343260765e-06 5.476986756548e-03 9.879469871521e-06 5.153718193054e+03
     3.059840000000e+05-1.583248376846e-07 9.677458827062e-01-5.215406417847e-08
     9.440264010717e-01 1.806875000000e+02-2.846232186618e+00-8.037120492614e-09
    -4.821629411647e-11 1.000000000000e+00 2.358000000000e+03 0.000000000000e+00
     2.000000000000e+00 0.000000000000e+00-7.916241884232e-09 3.820000000000e+02
     9.999000000000e+08                                                         
> EPH J02 LNAV
J02 2025 03 19 12 00 00-2.332963049412e-06-3.410605131648e-13 0.000000000000e+00
     1.090000000000e+02 3.952187500000e+02 2.812617156794e-09-3.899933825269e-01
     1.431629061699e-05 7.448840257712e-02 6.984919309616e-06 6.493673542023e+03
     3.024000000000e+05-7.450580596924e-08 1.326120693061e+00 2.775341272354e-07
     7.002065188235e-01-2.756250000000e+01-1.562254784080e+00-3.049769892300e-09
     1.714357124141e-10 2.000000000000e+00 2.358000000000e+03 0.000000000000e+00
     4.000000000000e+00 1.000000000000e+00 1.862645149231e-09 8.770000000000e+02
     9.999000000000e+08                                                         
> EPH J03 LNAV
J03 2025 03 19 12 00 00-1.019332557917e-06-2.273736754432e-13 0.000000000000e+00
     1.090000000000e+02-4.846875000000e+02 1.437202722405e-09-2.127670212290e+00
    -1.506507396698e-05 7.434868591372e-02-1.028180122375e-06 6.493326324463e+03
     3.024000000000e+05-1.732259988785e-07 3.063709289847e+00-8.381903171539e-07
     7.049306806781e-01 1.514375000000e+02-1.573053018372e+00-1.718643016952e-09
     7.250302004181e-11 2.000000000000e+00 2.358000000000e+03 0.000000000000e+00
     4.000000000000e+00 1.000000000000e+00 9.313225746155e-10 8.770000000000e+02
     9.999000000000e+08                                                         
> EPH J04 LNAV
J04 2025 03 19 12 00 00-4.079192876816e-07-1.136868377216e-13 0.000000000000e+00
     1.090000000000e+02 9.809375000000e+01 2.733328139803e-09 2.389818999542e+00
     3.073364496231e-06 7.522142725065e-02 3.993511199951e-06 6.493139938354e+03
     3.024000000000e+05-4.544854164124e-07-1.525428021663e+00-1.247972249985e-07
     6.367455904383e-01-1.309375000000e+01-1.571735237859e+00-2.427243961597e-09
     4.060883437809e-10 2.000000000000e+00 2.358000000000e+03 0.000000000000e+00
     4.000000000000e+00 1.000000000000e+00-2.793967723846e-09 8.770000000000e+02
     9.999000000000e+08                                                         
> EPH J07 LNAV
J07 2025 03 19 12 00 00-1.676380634308e-08-2.273736754432e-13 0.000000000000e+00
     1.090000000000e+02-4.075000000000e+01 0.000000000000e+00 2.109468329537e+00
    -1.287087798119e-06 1.887072576210e-04 1.315958797932e-05 6.493278772354e+03
     3.024000000000e+05-1.929700374603e-06 6.641045182074e-01 7.711350917816e-07
     1.513818850917e-03-3.976562500000e+02 2.643706340226e+00 1.175406103239e-09
     0.000000000000e+00 2.000000000000e+00 2.358000000000e+03 0.000000000000e+00
     4.000000000000e+00 6.300000000000e+01-3.259629011154e-09 8.770000000000e+02
     9.999000000000e+08                                                         
> EPH R22 FDMA
R22 2025 03 19 11 15 00-6.500724703074e-05-9.094947017729e-13 2.988000000000e+05
     1.609387353516e+04-2.547809600830e+00 9.313225746155e-10 0.000000000000e+00
     4.993420410156e+03 6.146402359009e-01 2.793967723846e-09-3.000000000000e+00
     1.916792187500e+04 1.982905387878e+00 0.000000000000e+00 0.000000000000e+00
     1.830000000000e+02 3.725290298462e-09 3.000000000000e+00 3.000000000000e+00
> EPH R11 FDMA
R11 2025 03 19 11 15 00-2.146419137716e-05-4.547473508865e-12 2.988000000000e+05
     1.843305468750e+04-7.517814636230e-02 1.862645149231e-09 0.000000000000e+00
     1.752599755859e+04-2.856340408325e-01 1.862645149231e-09 0.000000000000e+00
    -1.787286132813e+03-3.562105178833e+00 1.862645149231e-09 0.000000000000e+00
     2.470000000000e+02 2.793967723846e-09 3.000000000000e+00 3.000000000000e+00
> EPH R23 FDMA
R23 2025 03 19 11 15 00-1.498851925135e-04-9.094947017729e-13 2.988000000000e+05
     2.428778759766e+04-9.499969482422e-01 9.313225746155e-10 0.000000000000e+00
    -3.877192382813e+03 4.548835754395e-02 2.793967723846e-09 3.000000000000e+00
     6.734002929688e+03 3.448346138000e+00 0.000000000000e+00 0.000000000000e+00
     2.470000000000e+02 8.381903171539e-09 3.000000000000e+00 3.000000000000e+00
> EPH R21 FDMA
R21 2025 03 19 11 15 00-1.859776675701e-04-3.637978807092e-12 2.988000000000e+05
    -3.256616210938e+03-2.928322792053e+00 9.313225746155e-10 0.000000000000e+00
     1.167633691406e+04 9.453029632568e-01 1.862645149231e-09 4.000000000000e+00
     2.243733056641e+04-9.186515808105e-01-9.313225746155e-10 0.000000000000e+00
     2.470000000000e+02 9.313225746155e-10 3.000000000000e+00 3.000000000000e+00
> EPH R13 FDMA
R13 2025 03 19 11 15 00-5.738437175751e-05 0.000000000000e+00 2.988000000000e+05
     8.749973144531e+03 2.368873596191e+00 0.000000000000e+00 0.000000000000e+00
    -6.968872558594e+03 2.061760902405e+00 1.862645149231e-09-2.000000000000e+00
     2.290794628906e+04-2.769880294800e-01-1.862645149231e-09 0.000000000000e+00
     1.830000000000e+02 5.587935447693e-09 4.000000000000e+00 3.000000000000e+00
> EPH R12 FDMA
R12 2025 03 19 11 15 00 5.204323679209e-05 9.094947017729e-13 2.988000000000e+05
     1.848664111328e+04 1.755917549133e+00 1.862645149231e-09 0.000000000000e+00
     5.917351562500e+03 1.433963775635e+00 2.793967723846e-09-1.000000000000e+00
     1.657636474609e+04-2.472078323364e+00 0.000000000000e+00 0.000000000000e+00
     2.470000000000e+02 7.450580596924e-09 1.000000000000e+00 3.000000000000e+00
> EPH R05 FDMA
R05 2025 03 19 11 15 00 1.469235867262e-04 9.094947017729e-13 2.988000000000e+05
    -1.152658398438e+04 7.476224899292e-01 0.000000000000e+00 0.000000000000e+00
     4.087909667969e+03-2.973052978516e+00 9.313225746155e-10 1.000000000000e+00
     2.240554248047e+04 9.259796142578e-01-1.862645149231e-09 0.000000000000e+00
     2.470000000000e+02 2.793967723846e-09 3.000000000000e+00 3.000000000000e+00
> EPH R04 FDMA
R04 2025 03 19 11 15 00 2.823295071721e-04 1.818989403546e-12 2.988000000000e+05
    -6.570184082031e+03 5.332574844360e-01-9.313225746155e-10 0.000000000000e+00
    -1.365112988281e+04-2.758549690247e+00 0.000000000000e+00 6.000000000000e+00
     2.055423535156e+04-1.665526390076e+00-2.793967723846e-09 0.000000000000e+00
     1.830000000000e+02-2.793967723846e-09 4.000000000000e+00 3.000000000000e+00
> EPH R01 FDMA
R01 2025 03 19 11 15 00 1.184735447168e-04 9.094947017729e-13 2.988000000000e+05
     1.165392382813e+04-5.994949340820e-01-9.313225746155e-10 0.000000000000e+00
    -6.845670410156e+03 2.902853012085e+00 0.000000000000e+00 1.000000000000e+00
    -2.162872216797e+04-1.239715576172e+00 9.313225746155e-10 0.000000000000e+00
     1.510000000000e+02 9.313225746155e-09 2.000000000000e+00 0.000000000000e+00
> EPH R02 FDMA
R02 2025 03 19 11 15 00-3.588572144508e-05 0.000000000000e+00 2.988000000000e+05
     9.660508300781e+03-4.796342849731e-01-1.862645149231e-09 0.000000000000e+00
    -2.128000488281e+04 1.320162773132e+00-9.313225746155e-10-4.000000000000e+00
    -1.009347851563e+04-3.231322288513e+00 0.000000000000e+00 0.000000000000e+00
     2.150000000000e+02 5.587935447693e-09 2.000000000000e+00 0.000000000000e+00
> EPH R03 FDMA
R03 2025 03 19 11 15 00 1.188991591334e-04 0.000000000000e+00 2.988000000000e+05
     1.492195800781e+03 5.590724945068e-02-1.862645149231e-09 0.000000000000e+00
    -2.420508837891e+04-1.084300041199e+00 0.000000000000e+00 5.000000000000e+00
     7.872663574219e+03-3.372445106506e+00-1.862645149231e-09 0.000000000000e+00
     1.830000000000e+02-2.793967723846e-09 3.000000000000e+00 3.000000000000e+00
> EPH R06 FDMA
R06 2025 03 19 11 15 00-2.062832936645e-04-9.094947017729e-13 2.988000000000e+05
    -8.167461914063e+03 3.644113540649e-01 1.862645149231e-09 0.000000000000e+00
     2.266981689453e+04-1.100950241089e+00 9.313225746155e-10-4.000000000000e+00
     8.383476074219e+03 3.329004287720e+00 0.000000000000e+00 0.000000000000e+00
     2.470000000000e+02 2.793967723846e-09 3.000000000000e+00 3.000000000000e+00
> EPH R08 FDMA
R08 2025 03 19 11 15 00-5.734153091908e-06 0.000000000000e+00 2.988000000000e+05
     6.866333496094e+03-5.194749832153e-01 9.313225746155e-10 0.000000000000e+00
     1.340286865234e+04 2.781585693359e+00 0.000000000000e+00 6.000000000000e+00
    -2.053041210938e+04 1.633650779724e+00 2.793967723846e-09 0.000000000000e+00
     1.510000000000e+02-3.725290298462e-09 2.000000000000e+00 0.000000000000e+00
> EPH R09 FDMA
R09 2025 03 19 11 15 00 2.441788092256e-04 1.818989403546e-12 2.988000000000e+05
    -6.735790039063e+03-2.392999649048e+00 0.000000000000e+00 0.000000000000e+00
     9.121876464844e+03-2.015207290649e+00-1.862645149231e-09-2.000000000000e+00
    -2.283001123047e+04-1.069831848145e-01 1.862645149231e-09 0.000000000000e+00
     2.150000000000e+02-3.725290298462e-09 4.000000000000e+00 0.000000000000e+00
> EPH R10 FDMA
R10 2025 03 19 11 15 00-2.998234704137e-04-4.547473508865e-12 2.988000000000e+05
     7.223317382813e+03-1.702451705933e+00 9.313225746155e-10 0.000000000000e+00
     1.738923828125e+04-1.633554458618e+00 0.000000000000e+00-7.000000000000e+00
    -1.726228466797e+04-2.352012634277e+00 2.793967723846e-09 0.000000000000e+00
     2.470000000000e+02 1.024454832077e-08 5.000000000000e+00 3.000000000000e+00
> EPH R14 FDMA
R14 2025 03 19 11 15 00 2.790614962578e-05 0.000000000000e+00 2.988000000000e+05
    -8.564377441406e+03 1.581385612488e+00-9.313225746155e-10 0.000000000000e+00
    -1.791365673828e+04 1.521000862122e+00 0.000000000000e+00-7.000000000000e+00
     1.603492138672e+04 2.543025970459e+00-2.793967723846e-09 0.000000000000e+00
     1.820000000000e+02 5.587935447693e-09 2.000000000000e+00 3.000000000000e+00
> EPH R15 FDMA
R15 2025 03 19 11 15 00 7.010437548161e-05 0.000000000000e+00 2.988000000000e+05
    -1.900919531250e+04-1.100826263428e-01-1.862645149231e-09 0.000000000000e+00
    -1.701649218750e+04 9.901428222656e-02-1.862645149231e-09 0.000000000000e+00
    -9.931738281250e+01 3.561729431152e+00-1.862645149231e-09 0.000000000000e+00
     2.150000000000e+02 2.793967723846e-09 1.000000000000e+00 0.000000000000e+00
> EPH R16 FDMA
R16 2025 03 19 11 15 00 3.425776958466e-05 0.000000000000e+00 2.988000000000e+05
    -1.848210156250e+04-1.767909049988e+00-9.313225746155e-10 0.000000000000e+00
    -6.080729980469e+03-1.414760589600e+00-2.793967723846e-09-1.000000000000e+00
    -1.651102880859e+04 2.495627403259e+00 0.000000000000e+00 0.000000000000e+00
     2.150000000000e+02 3.725290298462e-09 3.000000000000e+00 0.000000000000e+00
> EPH R17 FDMA
R17 2025 03 19 11 15 00 1.752795651555e-04 2.728484105319e-12 2.988000000000e+05
     1.497392578125e+03 2.962677955627e+00-1.862645149231e-09 0.000000000000e+00
    -1.144378271484e+04-9.721717834473e-01-1.862645149231e-09 4.000000000000e+00
    -2.274612158203e+04 6.807365417480e-01 9.313225746155e-10 0.000000000000e+00
     2.150000000000e+02 0.000000000000e+00 3.000000000000e+00 0.000000000000e+00
> EPH R18 FDMA
R18 2025 03 19 11 15 00 1.923739910126e-04 1.818989403546e-12 2.988000000000e+05
    -1.503829882813e+04 2.660611152649e+00-9.313225746155e-10 0.000000000000e+00
    -4.992197265625e+03-6.740350723267e-01-2.793967723846e-09-3.000000000000e+00
    -1.999586523438e+04-1.826444625854e+00 9.313225746155e-10 0.000000000000e+00
     2.150000000000e+02 5.587935447693e-09 2.000000000000e+00 0.000000000000e+00
> EPH R24 FDMA
R24 2025 03 19 11 15 00-9.691342711449e-05-1.818989403546e-12 2.988000000000e+05
     1.857158203125e+04 1.599462509155e+00-9.313225746155e-10 0.000000000000e+00
    -1.215742382813e+04-6.545963287354e-01 0.000000000000e+00 2.000000000000e+00
    -1.256393066406e+04 2.993223190308e+00 0.000000000000e+00 0.000000000000e+00
     2.150000000000e+02 3.725290298462e-09 3.000000000000e+00 0.000000000000e+00
> EPH R26 FDMA
R26 2025 03 19 11 15 00-1.292750239372e-04 9.094947017729e-13 2.988000000000e+05
     6.032484863281e+03-4.560298919678e-01 9.313225746155e-10 1.000000000000e+00
     1.528348193359e+04 2.638010978699e+00 0.000000000000e+00-6.000000000000e+00
    -1.947575634766e+04 1.928384780884e+00 2.793967723846e-09 0.000000000000e+00
     2.300000000000e+01 1.024454832077e-08 3.000000000000e+00 4.000000000000e+00
> EPH C44 D1  
C44 2025 03 19 11 00 00 7.717241533101e-04 1.088196199817e-11 0.000000000000e+00
     1.000000000000e+00-1.343750000000e+01 4.107313943255e-09 1.288190017051e+00
    -7.119961082935e-07 8.609535871074e-04 2.413522452116e-06 5.282621250153e+03
     2.988000000000e+05 1.350417733192e-08 2.477938986254e+00-4.097819328308e-08
     9.483293624787e-01 3.093750000000e+02 7.423334173493e-01-7.154583731416e-09
    -2.489389407347e-10                    1.002000000000e+03                   
     2.000000000000e+00 0.000000000000e+00-1.200000000000e-09-1.200000000000e-09
     2.988000000000e+05 1.000000000000e+00                                      
> EPH C23 D1  
C23 2025 03 19 11 00 00-8.592393714935e-04 2.021938172447e-11 0.000000000000e+00
     1.000000000000e+00 2.873437500000e+01 4.158030341511e-09 1.714847441616e+00
     1.524575054646e-06 9.315379429609e-05 1.019332557917e-05 5.282650608063e+03
     2.988000000000e+05 4.936009645462e-08 4.177590849084e-01 5.448237061501e-08
     9.447543769034e-01 1.473281250000e+02 7.358105918646e-02-6.774210744497e-09
    -2.825117677491e-10                    1.002000000000e+03                   
     2.000000000000e+00 0.000000000000e+00 2.260000000000e-08 2.260000000000e-08
     2.988000000000e+05 1.000000000000e+00                                      
> EPH C37 D1  
C37 2025 03 19 11 00 00-9.336568182334e-04-7.543299318513e-12 0.000000000000e+00
     1.000000000000e+00 2.839062500000e+01 4.056954702733e-09 1.219907595945e+00
     1.484993845224e-06 5.254857242107e-04 1.055048778653e-05 5.282642564774e+03
     2.988000000000e+05 6.193295121193e-08 4.168959252058e-01-5.820766091347e-08
     9.462211497718e-01 1.385000000000e+02-1.979734457487e-01-6.753138438180e-09
    -3.585863651329e-10                    1.002000000000e+03                   
     2.000000000000e+00 0.000000000000e+00-1.610000000000e-08-1.610000000000e-08
     2.988000000000e+05 1.000000000000e+00                                      
> EPH C08 D1  
C08 2025 03 19 11 00 00-1.310877269134e-04-5.784883683191e-11 0.000000000000e+00
     1.000000000000e+00-2.438281250000e+02 1.778645516297e-10-2.363703552141e+00
    -8.058734238148e-06 3.046257304959e-03 1.643225550652e-05 6.493092264175e+03
     2.988000000000e+05-1.033768057823e-07-2.258296695511e+00 8.800998330116e-08
     1.077897842863e+00-2.160000000000e+02-3.128258401068e+00-1.431845356392e-09
     5.214502919263e-10                    1.002000000000e+03                   
     2.000000000000e+00 0.000000000000e+00 1.130000000000e-08-7.000000000000e-10
     2.988000000000e+05 0.000000000000e+00                                      
> EPH C34 D1  
C34 2025 03 19 11 00 00 6.522815674543e-04 8.130385253935e-12 0.000000000000e+00
     1.000000000000e+00-1.504687500000e+01 4.031953661340e-09 3.896803312242e-01
    -7.539056241512e-07 6.710941670462e-04 2.356246113777e-06 5.282621540070e+03
     2.988000000000e+05-3.492459654808e-08 2.479745767616e+00 2.980232238770e-08
     9.509245411155e-01 3.086093750000e+02 8.343146241872e-01-7.127082585883e-09
    -2.060800126311e-10                    1.002000000000e+03                   
     2.000000000000e+00 0.000000000000e+00-5.900000000000e-09-5.900000000000e-09
     2.988000000000e+05 1.000000000000e+00                                      
> EPH C11 D1  
C11 2025 03 19 11 00 00 4.338228609413e-04 1.738076349511e-11 2.168404344971e-19
     2.100000000000e+01-2.693750000000e+01 3.516575050895e-09 2.313975786242e+00
    -1.341570168734e-06 1.927934004925e-03 2.561602741480e-06 5.282609010696e+03
     2.988000000000e+05 4.190951585770e-08 2.554334157082e+00 4.004687070847e-08
     9.797123463231e-01 3.178281250000e+02-1.501127337305e+00-6.835284717045e-09
    -2.139374827835e-10                    1.002000000000e+03                   
     2.000000000000e+00 0.000000000000e+00 4.100000000000e-09 1.500000000000e-09
     2.988000000000e+05 2.000000000000e+01                                      
> EPH C13 D1  
C13 2025 03 19 11 00 00 3.212760202587e-05-7.784883848672e-12 0.000000000000e+00
     1.000000000000e+00-2.198906250000e+02 2.785830326729e-10 2.887659990241e+00
    -7.159076631069e-06 5.213347263634e-03 1.662271097302e-05 6.493688508987e+03
     2.988000000000e+05-2.887099981308e-08-2.291239950244e+00 8.987262845039e-08
     1.039920572912e+00-2.364218750000e+02-2.283087511553e+00-1.524349209549e-09
     5.057353516217e-10                    1.002000000000e+03                   
     2.000000000000e+00 0.000000000000e+00-9.500000000000e-09 2.800000000000e-09
     2.988000000000e+05 0.000000000000e+00                                      
> EPH C12 D1  
C12 2025 03 19 11 00 00-1.637549139559e-04 1.151878592509e-11 0.000000000000e+00
     1.000000000000e+00-2.287500000000e+01 3.483716539349e-09 2.969652617723e+00
    -1.111067831516e-06 1.035302761011e-03 2.988614141941e-06 5.282624778748e+03
     2.988000000000e+05-2.002343535423e-08 2.541255471959e+00-2.654269337654e-08
     9.780281340889e-01 3.109531250000e+02-1.352182531830e+00-6.823855669550e-09
    -2.367955777720e-10                    1.002000000000e+03                   
     2.000000000000e+00 0.000000000000e+00 3.300000000000e-09 0.000000000000e+00
     2.988000000000e+05 0.000000000000e+00                                      
> EPH C19 D1  
C19 2025 03 19 11 00 00-9.622561046854e-04-8.215650382226e-13 0.000000000000e+00
     1.000000000000e+00-1.226562500000e+01 3.477287700133e-09 2.319976886864e+00
    -7.664784789085e-07 1.080004032701e-03 7.454771548510e-06 5.282629156113e+03
     2.988000000000e+05 8.521601557732e-08-1.670708229052e+00 3.911554813385e-08
     9.821043373420e-01 2.196406250000e+02-8.494369488128e-01-6.583131356702e-09
     5.125213485714e-10                    1.002000000000e+03                   
     2.000000000000e+00 0.000000000000e+00 1.030000000000e-08 1.030000000000e-08
     2.988000000000e+05 1.000000000000e+00                                      
> EPH C38 D1  
C38 2025 03 19 11 00 00 2.147762570530e-04 2.190247982981e-12 0.000000000000e+00
     1.000000000000e+00-2.632968750000e+02 4.871631494435e-10-2.889944995135e+00
    -8.744187653065e-06 2.102778176777e-03 1.535844057798e-05 6.493439493179e+03
     2.988000000000e+05-1.317821443081e-07-2.295212121003e+00 3.864988684654e-08
     1.013127285344e+00-2.025000000000e+02-2.354784557543e+00-1.563636560310e-09
     4.860916762409e-10                    1.002000000000e+03                   
     2.000000000000e+00 0.000000000000e+00 3.000000000000e-09 3.000000000000e-09
     2.988000000000e+05 1.000000000000e+00                                      
> EPH C49 D1  
C49 2025 03 19 11 00 00-1.621129922569e-05-5.600853114629e-12 0.000000000000e+00
     1.100000000000e+01-3.053125000000e+01 4.067312277025e-09-7.554721713512e-01
    -1.557637006044e-06 3.971343394369e-04 2.071727067232e-06 5.282637456894e+03
     2.988000000000e+05 2.887099981308e-08 2.516392744716e+00-3.725290298462e-08
     9.574696424538e-01 3.159843750000e+02 7.783760454352e-01-7.173870249063e-09
    -2.232235838726e-10                    1.002000000000e+03                   
     2.000000000000e+00 1.000000000000e+00-3.200000000000e-09-3.200000000000e-09
     2.988000000000e+05 1.100000000000e+01                                      
> EPH C43 D1  
C43 2025 03 19 11 00 00 1.045224489644e-04 1.119992987242e-12 0.000000000000e+00
     1.000000000000e+00-2.367187500000e+01 4.221604418198e-09-2.559807354937e-01
    -1.167412847281e-06 6.536856526509e-04 1.848675310612e-06 5.282660438538e+03
     2.988000000000e+05 4.656612873077e-08 2.477419445527e+00 2.188608050346e-08
     9.478651288330e-01 3.160000000000e+02 7.485974306821e-01-7.223872331850e-09
    -1.975082270104e-10                    1.002000000000e+03                   
     2.000000000000e+00 0.000000000000e+00-3.200000000000e-09-3.200000000000e-09
     2.988000000000e+05 1.000000000000e+00                                      
> EPH C25 D1  
C25 2025 03 19 11 00 00 6.771143525839e-04 1.109423664047e-11 0.000000000000e+00
     1.000000000000e+00 2.423437500000e+01 4.085170163735e-09 1.760984954926e+00
     1.203734427691e-06 5.751681746915e-04 1.015467569232e-05 5.282665153503e+03
     2.988000000000e+05-8.381903171539e-09 3.943893943013e-01 9.778887033463e-09
     9.463261960674e-01 1.484531250000e+02 8.095136554931e-01-6.713136771950e-09
    -2.664396697103e-10                    1.002000000000e+03                   
     2.000000000000e+00 0.000000000000e+00 8.000000000000e-10 8.000000000000e-10
     2.988000000000e+05 1.000000000000e+00                                      
> EPH C24 D1  
C24 2025 03 19 11 00 00 6.061686435714e-04-1.721733866589e-11 0.000000000000e+00
     1.000000000000e+00 2.614062500000e+01 4.090527529748e-09 2.474588201651e+00
     1.250300556421e-06 7.086278637871e-04 1.022405922413e-05 5.282644495010e+03
     2.988000000000e+05-4.516914486885e-08 4.175727866798e-01-1.676380634308e-08
     9.447486627454e-01 1.450625000000e+02 9.011353955634e-01-6.773139271295e-09
    -2.853690296227e-10                    1.002000000000e+03                   
     2.000000000000e+00 0.000000000000e+00 4.200000000000e-09 4.200000000000e-09
     2.988000000000e+05 1.000000000000e+00                                      
> EPH C10 D1  
C10 2025 03 19 11 00 00-5.128284683451e-04-2.223021766667e-11 0.000000000000e+00
     1.000000000000e+00 4.108750000000e+02 1.841862435249e-09-1.009843868119e+00
     1.337844878435e-05 1.002584246453e-02-2.465210855007e-06 6.493489992142e+03
     2.988000000000e+05 3.771856427193e-08 1.803540981453e+00-2.468004822731e-08
     8.459564677453e-01 2.750625000000e+02-2.458346301431e+00-2.601179778150e-09
     2.107230631757e-11                    1.002000000000e+03                   
     2.000000000000e+00 0.000000000000e+00 6.100000000000e-09 3.000000000000e-09
     2.988000000000e+05 0.000000000000e+00                                      
> EPH C06 D1  
C06 2025 03 19 11 00 00 3.444403409958e-05 4.996980607075e-11 5.963111948670e-19
     1.000000000000e+00-1.639531250000e+02 1.470418391685e-09 1.222543543183e+00
    -5.161855369806e-06 4.494461580180e-03 1.339754089713e-05 6.493861335754e+03
     2.988000000000e+05 7.078051567078e-08-1.175358943332e-01 1.136213541031e-07
     9.479707939429e-01-1.778906250000e+02-2.629284171119e+00-1.969367746357e-09
    -5.857386840816e-10                    1.002000000000e+03                   
     2.000000000000e+00 0.000000000000e+00 8.600000000000e-09-1.500000000000e-09
     2.988000000000e+05 0.000000000000e+00                                      
> EPH C07 D1  
C07 2025 03 19 11 00 00 3.411308862269e-04 2.928413067593e-11 0.000000000000e+00
     1.000000000000e+00 4.134375000000e+02 1.947223966837e-09-6.540914378996e-01
     1.334724947810e-05 3.827403183095e-03-1.845881342888e-06 6.493589536667e+03
     2.988000000000e+05-2.095475792885e-08 1.808764052500e+00-4.377216100693e-08
     8.435723252819e-01 2.470312500000e+02-2.616820038864e+00-2.639752813443e-09
     1.607209803882e-11                    1.002000000000e+03                   
     2.000000000000e+00 0.000000000000e+00 1.510000000000e-08 9.000000000000e-10
     2.988000000000e+05 0.000000000000e+00                                      
> EPH C09 D1  
C09 2025 03 19 11 00 00-7.022711215541e-04 3.779376811508e-11 9.486769009248e-20
     1.000000000000e+00-1.490625000000e+02 1.415773258353e-09 6.092550044307e-01
    -4.708301275969e-06 1.356144039892e-02 1.395959407091e-05 6.493863620758e+03
     2.988000000000e+05 6.705522537231e-08-7.106913668052e-02 3.539025783539e-08
     9.533136472599e-01-1.876406250000e+02-2.283731907949e+00-1.948295440040e-09
    -6.400266596794e-10                    1.002000000000e+03                   
     2.000000000000e+00 0.000000000000e+00 6.900000000000e-09 3.800000000000e-09
     2.988000000000e+05 0.000000000000e+00                                      
> EPH C14 D1  
C14 2025 03 19 11 00 00 8.608447387815e-05-1.902948909560e-10-2.303929616532e-19
     1.800000000000e+01 1.312500000000e+00 3.535147253073e-09-9.913230458182e-01
    -5.587935447693e-08 1.359659363516e-03 7.526017725468e-06 5.282629749298e+03
     2.988000000000e+05-2.281740307808e-08-1.673016061320e+00-4.749745130539e-08
     9.795008888294e-01 2.141093750000e+02-2.783199246620e-01-6.607418082628e-09
     5.089497712294e-10                    1.002000000000e+03                   
     2.000000000000e+00 0.000000000000e+00 7.200000000000e-09 2.000000000000e-09
     2.988000000000e+05 1.700000000000e+01                                      
> EPH C27 D1  
C27 2025 03 19 11 00 00 4.516881890595e-04 5.122124946411e-12 0.000000000000e+00
     1.000000000000e+00-2.878125000000e+01 4.021953244782e-09-2.376665911869e+00
    -1.377426087856e-06 6.865839241073e-04 1.807697117329e-06 5.282617572784e+03
     2.988000000000e+05-1.350417733192e-08 2.518871665253e+00-5.448237061501e-08
     9.550150063569e-01 3.240156250000e+02 1.259894208748e+00-7.184942138823e-09
    -2.575107263554e-10                    1.002000000000e+03                   
     2.000000000000e+00 0.000000000000e+00-4.300000000000e-09-4.300000000000e-09
     2.988000000000e+05 1.000000000000e+00                                      
> EPH C28 D1  
C28 2025 03 19 11 00 00 3.555134171620e-04 4.427569422205e-12 0.000000000000e+00
     1.000000000000e+00-3.056250000000e+01 4.077669851317e-09 2.274788634763e-01
    -1.594424247742e-06 1.141140237451e-04 1.851003617048e-06 5.282632101059e+03
     2.988000000000e+05-4.656612873077e-10 2.518595235178e+00-4.144385457039e-08
     9.548902589436e-01 3.214531250000e+02-6.751468433074e-01-7.216014861698e-09
    -2.514390448740e-10                    1.002000000000e+03                   
     2.000000000000e+00 0.000000000000e+00-3.900000000000e-09-3.900000000000e-09
     2.988000000000e+05 1.000000000000e+00                                      
> EPH C30 D1  
C30 2025 03 19 11 00 00 1.329155638814e-04 9.547029833357e-12 0.000000000000e+00
     1.000000000000e+00-1.493750000000e+01 4.097670684432e-09-2.502627869090e+00
    -7.003545761108e-07 6.163556827232e-04 1.531094312668e-06 5.282648950577e+03
     2.988000000000e+05-7.823109626770e-08 2.478869242694e+00 1.396983861923e-08
     9.527606832439e-01 3.282187500000e+02 6.466869541131e-01-7.205657287406e-09
    -1.803646557690e-10                    1.002000000000e+03                   
     2.000000000000e+00 0.000000000000e+00-9.500000000000e-09-9.500000000000e-09
     2.988000000000e+05 1.000000000000e+00                                      
> EPH C32 D1  
C32 2025 03 19 11 00 00-9.613829897717e-04 2.798650200475e-12 0.000000000000e+00
     1.000000000000e+00-8.406250000000e+00 3.459429813423e-09-2.408024845340e+00
    -3.110617399216e-07 7.333228131756e-04 8.214265108109e-06 5.282628339767e+03
     2.988000000000e+05-1.350417733192e-08-1.677642628984e+00 4.610046744347e-08
     9.809044080459e-01 2.044218750000e+02-8.340781478685e-01-6.546701267814e-09
     5.896674191577e-10                    1.002000000000e+03                   
     2.000000000000e+00 0.000000000000e+00-6.900000000000e-09-6.900000000000e-09
     2.988000000000e+05 1.000000000000e+00                                      
> EPH C33 D1  
C33 2025 03 19 11 00 00-9.624533122405e-04-4.687805699177e-12 0.000000000000e+00
     1.000000000000e+00-6.718750000000e-01 3.506574634337e-09-1.332178199415e+00
    -2.072192728519e-07 5.591794615611e-04 7.757451385260e-06 5.282628921509e+03
     2.988000000000e+05-5.913898348808e-08-1.677755223937e+00-2.142041921616e-08
     9.809368833643e-01 2.127187500000e+02-3.351225072204e-01-6.566344943195e-09
     5.264505002050e-10                    1.002000000000e+03                   
     2.000000000000e+00 0.000000000000e+00-4.440000000000e-08-4.440000000000e-08
     2.988000000000e+05 1.000000000000e+00                                      
> EPH C36 D1  
C36 2025 03 19 11 00 00 2.765586832538e-04 3.645972412869e-12 0.000000000000e+00
     1.000000000000e+00 2.729687500000e+01 4.092670476153e-09 5.205121891248e-01
     1.371838152409e-06 5.328103434294e-04 1.067435368896e-05 5.282656448364e+03
     2.988000000000e+05-2.328306436539e-08 4.170389883535e-01-9.546056389809e-08
     9.462075080607e-01 1.389531250000e+02-1.101133950032e+00-6.735994866938e-09
    -2.914407111040e-10                    1.002000000000e+03                   
     2.000000000000e+00 0.000000000000e+00-2.060000000000e-08-2.060000000000e-08
     2.988000000000e+05 1.000000000000e+00                                      
> EPH C41 D1  
C41 2025 03 19 11 00 00-8.874940685928e-04-1.968203378055e-12 0.000000000000e+00
     1.000000000000e+00-1.250000000000e+00 3.508360423008e-09-1.176973252952e+00
    -1.005828380585e-07 1.817786833271e-03 8.149538189173e-06 5.282626720428e+03
     2.988000000000e+05-5.075708031654e-08-1.674918008429e+00 4.470348358154e-08
     9.797543364608e-01 2.075000000000e+02-1.244513892668e+00-6.590631669120e-09
     5.807384758028e-10                    1.002000000000e+03                   
     2.000000000000e+00 0.000000000000e+00-2.330000000000e-08-2.330000000000e-08
     2.988000000000e+05 1.000000000000e+00                                      
> EPH C45 D1  
C45 2025 03 19 11 00 00-2.621071180329e-04-1.048761077982e-11 0.000000000000e+00
     1.000000000000e+00 2.193750000000e+01 4.053740283126e-09-1.799885254503e+00
     1.187901943922e-06 5.118367262185e-04 1.059425994754e-05 5.282649559021e+03
     2.988000000000e+05-1.862645149231e-09 4.224404988338e-01 7.916241884232e-09
     9.501530054351e-01 1.431406250000e+02 4.732475193788e-01-6.770996324889e-09
    -2.925121843066e-10                    1.002000000000e+03                   
     2.000000000000e+00 0.000000000000e+00 1.910000000000e-08 1.910000000000e-08
     2.988000000000e+05 1.000000000000e+00                                      
> EPH C47 D1  
C47 2025 03 19 11 00 00-1.774925040081e-04-2.086242290034e-11 0.000000000000e+00
     3.000000000000e+00-1.600000000000e+01 4.010881355022e-09-1.944575483123e+00
    -7.725320756435e-07 3.061810275540e-04 1.931563019753e-06 5.282641498566e+03
     2.988000000000e+05-2.514570951462e-08 2.516660703031e+00 5.355104804039e-08
     9.575487526748e-01 3.221718750000e+02-3.861595145795e-01-7.193513924443e-09
    -1.703642392115e-10                    1.002000000000e+03                   
     2.000000000000e+00 1.000000000000e+00-3.200000000000e-09-3.200000000000e-09
     2.988000000000e+05 3.000000000000e+00                                      
> EPH R07 FDMA
R07 2025 03 19 11 15 00 1.027490943670e-04 0.000000000000e+00 2.988000000000e+05
    -1.522576660156e+03-5.527305603027e-02 1.862645149231e-09 0.000000000000e+00
     2.422036621094e+04 1.100135803223e+00 0.000000000000e+00 5.000000000000e+00
    -7.885931152344e+03 3.364493370056e+00 1.862645149231e-09 0.000000000000e+00
     1.830000000000e+02 1.862645149231e-09 1.000000000000e+00 3.000000000000e+00
> EPH R19 FDMA
R19 2025 03 19 11 15 00-4.457216709852e-05-9.094947017729e-13 2.988000000000e+05
    -2.378304589844e+04 1.247444152832e+00 0.000000000000e+00 0.000000000000e+00
     2.111910644531e+03-9.905242919922e-02-2.793967723846e-09 3.000000000000e+00
    -8.981918457031e+03-3.326811790466e+00 0.000000000000e+00 0.000000000000e+00
     1.830000000000e+02 3.725290298462e-09 5.000000000000e+00 3.000000000000e+00
> EPH R20 FDMA
R20 2025 03 19 11 15 00-1.274142414331e-04 0.000000000000e+00 2.988000000000e+05
    -1.957348486328e+04-1.576859474182e+00 0.000000000000e+00 0.000000000000e+00
     1.083291113281e+04 6.288547515869e-01 0.000000000000e+00 2.000000000000e+00
     1.230491162109e+04-3.059082031250e+00 0.000000000000e+00 0.000000000000e+00
     2.470000000000e+02 4.656612873077e-09 3.000000000000e+00 3.000000000000e+00
> EPH C16 D1  
C16 2025 03 19 11 00 00-2.377864439040e-04-3.339994947282e-11-1.761828530289e-19
     4.000000000000e+00-1.587343750000e+02 1.376843065326e-09 9.303350546350e-01
    -4.909001290798e-06 8.499812916853e-03 1.349160447717e-05 6.493146850586e+03
     2.988000000000e+05-1.443549990654e-08-1.188360320549e-01 1.238659024239e-07
     9.635163656384e-01-1.717500000000e+02-2.188362582840e+00-1.911865351152e-09
    -5.882387882210e-10                    1.002000000000e+03                   
     2.000000000000e+00 0.000000000000e+00-2.800000000000e-09 4.600000000000e-09
     2.988000000000e+05 3.000000000000e+00                                      
> EPH C20 D1  
C20 2025 03 19 11 00 00-8.501684060320e-04 2.867039938792e-12 0.000000000000e+00
     1.000000000000e+00-1.500000000000e+01 3.407999099699e-09 2.638225826318e+00
    -7.334165275097e-07 8.847200078890e-04 7.615424692631e-06 5.282634061813e+03
     2.988000000000e+05-7.916241884232e-09-1.670080169063e+00 6.658956408501e-08
     9.820908214419e-01 2.137500000000e+02-4.386738600014e-01-6.556344526638e-09
     5.807384758028e-10                    1.002000000000e+03                   
     2.000000000000e+00 0.000000000000e+00 1.280000000000e-08 1.280000000000e-08
     2.988000000000e+05 1.000000000000e+00                                      
> EPH C21 D1  
C21 2025 03 19 11 00 00-9.046718478203e-04-1.328714915871e-12 0.000000000000e+00
     1.000000000000e+00-1.060937500000e+01 3.414427938915e-09 5.160886291401e-01
    -4.386529326439e-07 8.717225864530e-04 7.273163646460e-06 5.282630714417e+03
     2.988000000000e+05 2.095475792885e-08-1.669244794563e+00-5.122274160385e-08
     9.813764112495e-01 2.235625000000e+02-6.209747337473e-01-6.575631044284e-09
     4.814486256963e-10                    1.002000000000e+03                   
     2.000000000000e+00 0.000000000000e+00 1.150000000000e-08 1.150000000000e-08
     2.988000000000e+05 1.000000000000e+00                                      
> EPH C22 D1  
C22 2025 03 19 11 00 00 2.814846811816e-04 8.496314762851e-12 0.000000000000e+00
     1.500000000000e+01-1.439062500000e+01 3.492645482704e-09 6.555442881766e-01
    -7.082708179951e-07 6.704297848046e-04 7.346272468567e-06 5.282629140854e+03
     2.988000000000e+05 3.306195139885e-08-1.669317792712e+00-1.816079020500e-08
     9.813858148870e-01 2.244062500000e+02 1.904902057674e-02-6.573488097879e-09
     4.603763193788e-10                    1.002000000000e+03                   
     2.000000000000e+00 0.000000000000e+00 1.400000000000e-08 1.400000000000e-08
     2.988000000000e+05 1.500000000000e+01                                      
> EPH C26 D1  
C26 2025 03 19 11 00 00-4.353504627943e-04-5.311306949807e-12 0.000000000000e+00
     1.000000000000e+00 1.668750000000e+01 4.090527529748e-09-2.935864652147e+00
     8.768402040005e-07 9.213882731274e-04 1.025525853038e-05 5.282659339905e+03
     2.988000000000e+05-3.725290298462e-09 3.950091098064e-01-4.284083843231e-08
     9.463740466548e-01 1.440937500000e+02 7.892384520923e-01-6.787782738397e-09
    -3.003696544589e-10                    1.002000000000e+03                   
     2.000000000000e+00 0.000000000000e+00-5.000000000000e-09-5.000000000000e-09
     2.988000000000e+05 1.000000000000e+00                                      
> EPH C29 D1  
C29 2025 03 19 11 00 00 4.170860629529e-04 5.210054609961e-12 0.000000000000e+00
     1.000000000000e+00-5.921875000000e+00 4.122671725825e-09 2.485535796954e+00
    -3.203749656677e-07 2.469933824614e-04 1.749023795128e-06 5.282617948532e+03
     2.988000000000e+05-3.725290298462e-09 2.478390698783e+00 2.887099981308e-08
     9.528048736103e-01 3.227656250000e+02 1.133441740947e+00-7.263516840346e-09
    -1.742929742877e-10                    1.002000000000e+03                   
     2.000000000000e+00 0.000000000000e+00 3.000000000000e-10 3.000000000000e-10
     2.988000000000e+05 1.000000000000e+00                                      
> EPH C39 D1  
C39 2025 03 19 11 00 00-1.093733590096e-05-1.332267629550e-13 0.000000000000e+00
     1.000000000000e+00-1.675625000000e+02 1.437917037873e-09 1.594760585345e+00
    -5.239620804787e-06 3.460452775471e-03 1.220265403390e-05 6.492822708130e+03
     2.988000000000e+05-3.958120942116e-08-1.911603904833e-01 1.457519829273e-07
     9.641754731386e-01-1.349218750000e+02-2.717973369015e+00-1.922937240912e-09
    -5.243075537999e-10                    1.002000000000e+03                   
     2.000000000000e+00 0.000000000000e+00 6.600000000000e-09 6.600000000000e-09
     2.988000000000e+05 1.000000000000e+00                                      
> EPH C40 D1  
C40 2025 03 19 11 00 00-1.279884018004e-04-2.424727085781e-12 0.000000000000e+00
     1.000000000000e+00 3.250468750000e+02 1.431131040924e-09-5.472105055140e-02
     1.041684299707e-05 4.158029798418e-03-1.992564648390e-06 6.493401731491e+03
     2.988000000000e+05-4.190951585770e-08 1.954676595989e+00-6.053596735001e-08
     9.693462258469e-01 2.905781250000e+02 3.137967681567e+00-2.450102056585e-09
     1.678641350722e-11                    1.002000000000e+03                   
     2.000000000000e+00 0.000000000000e+00 9.000000000000e-10 9.000000000000e-10
     2.988000000000e+05 1.000000000000e+00                                      
> EPH C42 D1  
C42 2025 03 19 11 00 00-6.355079822242e-04-1.382449710263e-11 0.000000000000e+00
     1.000000000000e+00-3.593750000000e+00 3.501217268324e-09 1.551300757789e-01
    -1.527369022369e-07 1.600527670234e-03 7.562339305878e-06 5.282626066208e+03
     2.988000000000e+05-2.281740307808e-08-1.674326963193e+00-4.051253199577e-08
     9.797829994147e-01 2.133125000000e+02-1.011417653445e+00-6.630276177616e-09
     4.910918845196e-10                    1.002000000000e+03                   
     2.000000000000e+00 0.000000000000e+00-3.190000000000e-08-3.190000000000e-08
     2.988000000000e+05 1.000000000000e+00                                      
> EPH C50 D1  
C50 2025 03 19 11 00 00-6.594684673473e-04 8.936851259023e-12 0.000000000000e+00
     7.000000000000e+00-7.812500000000e+00 3.718726328450e-09 3.732305093831e-01
    -2.821907401085e-07 3.240481019020e-04 7.310882210732e-06 5.282621067047e+03
     2.988000000000e+05-1.257285475731e-08-1.677977547986e+00-4.237517714500e-08
     9.655749517753e-01 2.130625000000e+02-8.281539543135e-01-6.741709390685e-09
     4.910918845196e-10                    1.002000000000e+03                   
     2.000000000000e+00 1.000000000000e+00 3.190000000000e-08 3.190000000000e-08
     2.988000000000e+05 2.000000000000e+01                                      
> EPH E30 FNAV
E30 2025 03 19 10 40 00-1.357401197311e-03-4.052935764776e-11 0.000000000000e+00
     1.150000000000e+02 1.205312500000e+02 3.046555472693e-09 7.605122313471e-01
     5.612149834633e-06 5.268723471090e-04 8.774921298027e-06 5.440625080109e+03
     2.976000000000e+05-1.490116119385e-08 1.053885806871e+00 1.862645149231e-08
     9.616665847247e-01 1.535937500000e+02 1.133303255270e+00-5.466299121871e-09
     7.143154683922e-13 2.580000000000e+02 2.358000000000e+03 0.000000000000e+00
     3.120000000000e+00 0.000000000000e+00-4.656612873077e-10 0.000000000000e+00
     9.999000000000e+08                                                         
> EPH C60 D2  
C60 2025 03 19 11 00 00 4.082685336471e-07-3.552713678801e-14 0.000000000000e+00
     1.000000000000e+00-1.129062500000e+02 8.093194256883e-09 1.093918033460e+00
    -3.620516508818e-06 3.019551513717e-04-1.340731978416e-05 6.493441457748e+03
     2.988000000000e+05 2.374872565269e-08-7.737229141050e-01 1.676380634308e-07
     7.262058909903e-02 4.061406250000e+02-2.268796400888e+00-7.106010279565e-09
     3.893019302737e-11                    1.002000000000e+03                   
     2.000000000000e+00 0.000000000000e+00 4.800000000000e-08 4.800000000000e-08
     2.988000000000e+05 1.000000000000e+00                                      
> EPH C05 D2  
C05 2025 03 19 11 00 00-1.744254259393e-04 2.700684120782e-11 0.000000000000e+00
     1.000000000000e+00-2.149062500000e+02 7.333162598514e-09 1.308025348780e+00
    -6.941612809896e-06 1.274276524782e-03-1.126062124968e-05 6.493372615814e+03
     2.988000000000e+05 1.606531441212e-07-6.570600629490e-01 7.729977369308e-08
     9.662069206822e-02 3.399062500000e+02-2.971649909055e+00-6.374908397666e-09
    -4.214461263514e-11                    1.002000000000e+03                   
     2.000000000000e+00 0.000000000000e+00 2.000000000000e-10-9.500000000000e-09
     2.988000000000e+05 0.000000000000e+00                                      
> EPH C35 D1  
C35 2025 03 19 11 00 00 9.460397996008e-05-1.097255619698e-11 0.000000000000e+00
     1.000000000000e+00-1.123437500000e+01 4.160173287916e-09 2.111105096412e+00
    -7.115304470062e-07 9.465222246945e-04 2.303160727024e-06 5.282618240356e+03
     2.988000000000e+05 3.026798367500e-08 2.479713627306e+00 3.585591912270e-08
     9.509983131484e-01 3.118125000000e+02 6.252783022654e-01-7.209228864748e-09
    -2.485817830005e-10                    1.002000000000e+03                   
     2.000000000000e+00 0.000000000000e+00-2.300000000000e-09-2.300000000000e-09
     2.988000000000e+05 0.000000000000e+00                                      
> EPH C01 D2  
C01 2025 03 19 11 00 00-3.327056765556e-04 4.147793220000e-12 0.000000000000e+00
     1.500000000000e+01-2.867500000000e+02 7.456739174546e-09 2.779036897973e+00
    -9.500887244940e-06 5.679540336132e-04-1.030135899782e-05 6.493365491867e+03
     2.988000000000e+05-8.381903171539e-09-4.811873785172e-01 1.750886440277e-07
     9.221193242569e-02 3.125468750000e+02-3.120466805751e+00-6.324549157144e-09
    -5.678807973718e-11                    1.002000000000e+03                   
     2.000000000000e+00 0.000000000000e+00-5.200000000000e-09-9.700000000000e-09
     2.988000000000e+05 1.500000000000e+01                                      
> EPH C02 D2  
C02 2025 03 19 11 00 00 5.388644058257e-04-2.431210788245e-11 0.000000000000e+00
     1.500000000000e+01-1.298437500000e+02 7.122439535338e-09 7.807927158821e-01
    -4.172790795565e-06 1.044004806317e-03-1.276331022382e-05 6.493392843246e+03
     2.988000000000e+05 4.377216100693e-08-7.466895572915e-01 1.871958374977e-07
     1.091575372039e-01 3.877187500000e+02-1.913939077576e+00-6.119897775450e-09
     2.285809498855e-11                    1.002000000000e+03                   
     2.000000000000e+00 0.000000000000e+00 1.700000000000e-09-1.380000000000e-08
     2.988000000000e+05 1.500000000000e+01                                      
> EPH C03 D2  
C03 2025 03 19 11 00 00 7.940900977701e-04 1.080291411881e-11 0.000000000000e+00
     1.500000000000e+01-2.535468750000e+02 7.452810439470e-09 8.608734791330e-01
    -8.424278348684e-06 1.115162041970e-03-9.946990758181e-06 6.493545795441e+03
     2.988000000000e+05 4.470348358154e-08-5.057305239920e-01 1.555308699608e-07
     8.949959160580e-02 3.028437500000e+02-1.772701752555e+00-6.327763576752e-09
    -2.357241045694e-11                    1.002000000000e+03                   
     2.000000000000e+00 0.000000000000e+00 2.300000000000e-09-8.100000000000e-09
     2.988000000000e+05 1.500000000000e+01                                      
> EPH C48 D1  
C48 2025 03 19 11 00 00 8.144372841343e-04-4.530598118890e-12 0.000000000000e+00
     1.000000000000e+00-1.335937500000e+01 3.741227265704e-09-3.127292974614e+00
    -7.525086402893e-07 3.606852842495e-04 7.499475032091e-06 5.282626419067e+03
     2.988000000000e+05 3.259629011154e-08-1.678223783431e+00 6.938353180885e-08
     9.656097823919e-01 2.081718750000e+02-1.266646661169e+00-6.740995075217e-09
     5.614519581562e-10                    1.002000000000e+03                   
     2.000000000000e+00 1.000000000000e+00 1.700000000000e-09 1.700000000000e-09
     2.988000000000e+05 1.000000000000e+00                                      
> EPH S22 SBAS
S22 2025 03 19 11 00 32 0.000000000000e+00 0.000000000000e+00 9.999000000000e+08
    -3.389392800000e+04 0.000000000000e+00 0.000000000000e+00 4.700000000000e+01
     2.508018800000e+04 0.000000000000e+00 0.000000000000e+00 8.192000000000e+03
     0.000000000000e+00 0.000000000000e+00 0.000000000000e+00 1.500000000000e+01
> EPH S37 SBAS
S37 2025 03 19 11 00 32-1.303851604462e-08 0.000000000000e+00 9.999000000000e+08
    -2.535076416000e+04-2.150000000000e-04 0.000000000000e+00 4.700000000000e+01
     3.369330768000e+04 5.718750000000e-04 0.000000000000e+00 8.192000000000e+03
    -6.239080000000e+01-1.016000000000e-03 0.000000000000e+00 1.500000000000e+01
> EPH C04 D2  
C04 2025 03 19 11 00 00-5.658974405378e-04-6.287415033057e-12 0.000000000000e+00
     1.500000000000e+01-1.382031250000e+02 8.220699567991e-09-2.361944159083e+00
    -4.490371793509e-06 6.576137384400e-04-1.389672979712e-05 6.493423601151e+03
     2.988000000000e+05-2.295710146427e-07-6.725238867822e-01 9.313225746155e-09
     9.664611612152e-02 4.189687500000e+02 2.481447189619e+00-7.112796276515e-09
     2.857261873569e-12                    1.002000000000e+03                   
     2.000000000000e+00 0.000000000000e+00 5.500000000000e-09-8.300000000000e-09
     2.988000000000e+05 1.500000000000e+01                                      
> EPH C59 D2  
C59 2025 03 19 11 00 00 6.660120561719e-07 1.882938249764e-13 0.000000000000e+00
     1.500000000000e+01-2.127343750000e+02 6.878500802882e-09 4.830411034580e-01
    -7.044989615679e-06 2.816508058459e-04-1.121731474996e-05 6.493293483734e+03
     2.988000000000e+05-2.747401595116e-08-5.799308071430e-01 1.573935151100e-07
     1.197537673794e-01 3.397187500000e+02-8.067540624192e-01-5.738453315328e-09
    -2.892977646988e-11                    1.002000000000e+03                   
     2.000000000000e+00 1.000000000000e+00 4.200000000000e-08 4.200000000000e-08
     2.988000000000e+05 1.500000000000e+01                                      
> EPH C62 D2  
C62 2025 03 19 11 00 00-2.932501956820e-07-5.417888360171e-14 0.000000000000e+00
     1.500000000000e+01-4.664531250000e+02 7.117796484794e-09 1.046249444717e-01
    -1.541618257761e-05 2.042448613793e-04 3.402121365070e-06 6.493438230515e+03
     2.988000000000e+05 1.862645149231e-07 6.742124219393e-02 8.987262845039e-08
     7.471097761210e-02-1.019531250000e+02-7.222192519708e-01-6.038108654319e-09
    -2.103659054415e-10                    1.002000000000e+03                   
     2.000000000000e+00 1.000000000000e+00 5.000000000000e-09 5.000000000000e-09
     2.988000000000e+05 1.500000000000e+01                                      
> EPH E02 INAV
E02 2025 03 19 10 50 00 2.057175152004e-04 2.813749233610e-12 0.000000000000e+00
     1.160000000000e+02 1.192187500000e+02 3.001910755918e-09 1.926260987862e+00
     5.455687642097e-06 4.425215302035e-04 9.203329682350e-06 5.440621601105e+03
     2.982000000000e+05-2.793967723846e-08 1.054601227940e+00 9.313225746155e-09
     9.642678856736e-01 1.424687500000e+02 8.369869483460e-01-5.445583973288e-09
    -3.500145795122e-11 5.170000000000e+02 2.358000000000e+03 0.000000000000e+00
     3.120000000000e+00 0.000000000000e+00-3.492459654808e-09-4.423782229424e-09
     9.999000000000e+08                                                         
> EPH E30 INAV
E30 2025 03 19 10 50 00-1.357425353490e-03-4.051514679304e-11 0.000000000000e+00
     1.160000000000e+02 1.199062500000e+02 3.045126841756e-09 8.347264312378e-01
     5.576759576797e-06 5.268788663670e-04 8.752569556236e-06 5.440625259399e+03
     2.982000000000e+05-1.490116119385e-08 1.053882512380e+00 1.676380634308e-08
     9.616665891135e-01 1.539687500000e+02 1.133473967569e+00-5.464870490934e-09
     1.428630936784e-12 5.170000000000e+02 2.358000000000e+03 0.000000000000e+00
     3.120000000000e+00 0.000000000000e+00-4.656612873077e-10-6.984919309616e-10
     9.999000000000e+08                                                         
> EPH E34 INAV
E34 2025 03 19 10 50 00-1.699786516838e-04-2.302158463863e-12 0.000000000000e+00
     1.160000000000e+02-9.487500000000e+01 2.304738858767e-09-3.225055146549e-01
    -4.401430487633e-06 6.751262117177e-05 5.997717380524e-06 5.440612817764e+03
     2.982000000000e+05-6.332993507385e-08-3.138236975527e+00 1.862645149231e-08
     9.999389091607e-01 2.304062500000e+02 9.920766768443e-01-5.305220983749e-09
    -2.010798043524e-10 5.170000000000e+02 2.358000000000e+03 0.000000000000e+00
     3.120000000000e+00 0.000000000000e+00 4.423782229424e-09 5.355104804039e-09
     9.999000000000e+08                                                         
> EPH E27 INAV
E27 2025 03 19 10 50 00-6.113197887316e-04-1.013233941194e-11 0.000000000000e+00
     1.160000000000e+02 1.310625000000e+02 3.096914713214e-09 4.398140407973e-01
     6.241723895073e-06 2.445231657475e-04 8.666887879372e-06 5.440612867355e+03
     2.982000000000e+05 4.656612873077e-08 1.051392824766e+00 3.352761268616e-08
     9.638472455237e-01 1.567500000000e+02 7.536298366906e-01-5.478442484834e-09
    -7.857470152314e-12 5.170000000000e+02 2.358000000000e+03 0.000000000000e+00
     3.120000000000e+00 0.000000000000e+00 4.656612873077e-10 4.656612873077e-10
     9.999000000000e+08                                                         
> EPH E03 INAV
E03 2025 03 19 10 50 00-1.799739548005e-04-2.444267011015e-12 0.000000000000e+00
     1.160000000000e+02-1.896875000000e+01 3.419428147193e-09-1.333008522458e+00
    -8.717179298401e-07 2.919657854363e-04 5.107372999191e-06 5.440601528168e+03
     2.982000000000e+05-4.284083843231e-08-1.048563096473e+00 1.676380634308e-08
     9.635489038623e-01 2.276875000000e+02-8.668900852231e-02-5.715238062606e-09
     2.750114553310e-10 5.170000000000e+02 2.358000000000e+03 0.000000000000e+00
     3.120000000000e+00 0.000000000000e+00 2.561137080193e-09 2.793967723846e-09
     9.999000000000e+08                                                         
> EPH E07 INAV
E07 2025 03 19 10 50 00-1.747740898281e-04-2.046363078989e-12 0.000000000000e+00
     1.160000000000e+02-1.503125000000e+01 3.505146003400e-09-2.213153720724e+00
    -7.208436727524e-07 3.738813102245e-04 4.919245839119e-06 5.440601224899e+03
     2.982000000000e+05-2.235174179077e-08-1.048490557680e+00 3.725290298462e-09
     9.635899343257e-01 2.393125000000e+02-7.712268437794e-01-5.699165964567e-09
     2.639395655709e-10 5.170000000000e+02 2.358000000000e+03 0.000000000000e+00
     3.120000000000e+00 0.000000000000e+00 2.328306436539e-09 2.793967723846e-09
     9.999000000000e+08                                                         
> EPH E08 INAV
E08 2025 03 19 10 50 00-4.347468493506e-04-6.295408638834e-12 0.000000000000e+00
     1.160000000000e+02-1.071875000000e+01 3.396212894471e-09-1.815352881923e+00
    -7.152557373047e-07 3.080449532717e-04 5.012378096581e-06 5.440603429794e+03
     2.982000000000e+05 9.313225746155e-09-1.047392321671e+00 3.725290298462e-09
     9.693733966244e-01 2.359687500000e+02-3.814061265475e-01-5.674522080907e-09
     2.564392531528e-10 5.170000000000e+02 2.358000000000e+03 0.000000000000e+00
     3.120000000000e+00 0.000000000000e+00-6.053596735001e-09-6.752088665962e-09
     9.999000000000e+08                                                         
> EPH E13 INAV
E13 2025 03 19 10 50 00-3.184640081599e-05-5.968558980385e-13 0.000000000000e+00
     1.160000000000e+02-1.073750000000e+02 2.479388990789e-09-5.436546095567e-01
    -5.092471837997e-06 3.377668326721e-04 6.269663572311e-06 5.440609777451e+03
     2.982000000000e+05-3.725290298462e-08-3.136361167837e+00 7.450580596924e-09
     1.000113458694e+00 2.231875000000e+02-3.679707893118e-01-5.424511666970e-09
    -2.760829285336e-10 5.170000000000e+02 2.358000000000e+03 0.000000000000e+00
     3.120000000000e+00 0.000000000000e+00 3.725290298462e-09 3.958120942116e-09
     9.999000000000e+08                                                         
> EPH E16 INAV
E16 2025 03 19 10 50 00-2.715294249356e-05-2.259525899717e-12 0.000000000000e+00
     1.160000000000e+02 1.273750000000e+02 2.991553181626e-09 1.404142361080e+00
     6.100162863731e-06 3.051012754440e-04 9.870156645775e-06 5.440624536514e+03
     2.982000000000e+05 2.607703208923e-08 1.047417214686e+00-5.587935447693e-09
     9.657928651266e-01 1.282812500000e+02 2.529856730276e+00-5.489157216860e-09
    -5.321650239522e-11 5.170000000000e+02 2.358000000000e+03 0.000000000000e+00
     3.120000000000e+00 0.000000000000e+00-2.793967723846e-09-1.629814505577e-09
     9.999000000000e+08                                                         
> EPH E18 INAV
E18 2025 03 19 10 50 00 1.233005896211e-03 4.261835329089e-11 0.000000000000e+00
     1.160000000000e+02 1.285625000000e+02 4.082670059595e-09 2.869958962362e+00
     6.694346666336e-06 1.620636720909e-01-1.678243279457e-06 5.289393915176e+03
     2.982000000000e+05-1.441687345505e-06 2.063165648388e+00 8.661299943924e-07
     8.612875317628e-01 4.036562500000e+02 2.823448232318e+00-5.844529162385e-09
     6.785996949726e-12 5.170000000000e+02 2.358000000000e+03 0.000000000000e+00
     3.120000000000e+00 1.300000000000e+02-2.328306436539e-09-3.026798367500e-09
     9.999000000000e+08                                                         
> EPH E21 INAV
E21 2025 03 19 10 50 00-6.530079990625e-04-2.330580173293e-12 0.000000000000e+00
     1.160000000000e+02 1.386250000000e+02 3.005125175526e-09-1.010873951163e+00
     6.519258022308e-06 2.172719687223e-04 9.225681424141e-06 5.440617273331e+03
     2.982000000000e+05 1.862645149231e-08 1.051423143743e+00-6.519258022308e-08
     9.638758865339e-01 1.408437500000e+02 1.406281009797e+00-5.463441859998e-09
    -6.035965707914e-11 5.170000000000e+02 2.358000000000e+03 0.000000000000e+00
     3.120000000000e+00 0.000000000000e+00 4.656612873077e-10 2.328306436539e-10
     9.999000000000e+08                                                         
> EPH E31 INAV
E31 2025 03 19 10 50 00-5.910929758102e-05-1.563194018672e-12 0.000000000000e+00
     1.160000000000e+02 1.485000000000e+02 3.023697377704e-09-1.549004058328e+00
     6.863847374916e-06 8.203892502934e-05 1.017935574055e-05 5.440616828918e+03
     2.982000000000e+05-5.774199962616e-08 1.051350881441e+00-9.313225746155e-09
     9.638516723138e-01 1.238750000000e+02 3.851398972512e-01-5.449869866098e-09
    -2.535819912792e-11 5.170000000000e+02 2.358000000000e+03 0.000000000000e+00
     3.120000000000e+00 0.000000000000e+00 3.958120942116e-09 4.423782229424e-09
     9.999000000000e+08                                                         
> EPH E33 INAV
E33 2025 03 19 10 50 00 1.607870217413e-05-1.278976924368e-13 0.000000000000e+00
     1.160000000000e+02-1.250937500000e+02 2.374741774670e-09-1.556546561121e+00
    -5.725771188736e-06 1.580538228154e-04 5.781650543213e-06 5.440614593506e+03
     2.982000000000e+05-7.823109626770e-08-3.136396068674e+00 9.685754776001e-08
     1.000131806613e+00 2.362187500000e+02-9.008364701977e-01-5.384510000740e-09
    -2.600108304947e-10 5.170000000000e+02 2.358000000000e+03 0.000000000000e+00
     3.120000000000e+00 0.000000000000e+00-3.725290298462e-09-4.423782229424e-09
     9.999000000000e+08                                                         
> EPH S23 SBAS
S23 2025 03 19 11 01 04 0.000000000000e+00 0.000000000000e+00 9.999000000000e+08
     3.866796400000e+04 0.000000000000e+00 0.000000000000e+00 4.700000000000e+01
     1.681330800000e+04 0.000000000000e+00 0.000000000000e+00 8.192000000000e+03
     0.000000000000e+00 0.000000000000e+00 0.000000000000e+00 1.500000000000e+01
> EPH E04 INAV
E04 2025 03 19 10 50 00-1.853173598647e-04-9.720224625198e-12 0.000000000000e+00
     1.160000000000e+02-2.421875000000e+01 3.459429813423e-09 2.108834125292e+00
    -1.356005668640e-06 3.575802547857e-04 5.032867193222e-06 5.440597393036e+03
     2.982000000000e+05 7.078051567078e-08-1.048437052914e+00 3.725290298462e-09
     9.635881744352e-01 2.332500000000e+02-1.189089229722e+00-5.691665652149e-09
     2.775115594704e-10 5.170000000000e+02 2.358000000000e+03 0.000000000000e+00
     3.120000000000e+00 0.000000000000e+00-5.355104804039e-09-6.053596735001e-09
     9.999000000000e+08                                                         
> EPH E05 INAV
E05 2025 03 19 10 50 00 4.836691543460e-03 3.154809746775e-12 0.000000000000e+00
     1.160000000000e+02-2.412500000000e+01 3.404427522357e-09 4.210028204802e-01
    -1.024454832077e-06 2.648840891197e-04 5.088746547699e-06 5.440601343155e+03
     2.982000000000e+05-5.587935447693e-09-1.048556602580e+00-5.215406417847e-08
     9.635630473543e-01 2.329687500000e+02-1.059877654536e+00-5.665235979818e-09
     2.707255625206e-10 5.170000000000e+02 2.358000000000e+03 0.000000000000e+00
     3.120000000000e+00 0.000000000000e+00 2.561137080193e-09 3.026798367500e-09
     9.999000000000e+08                                                         
> EPH E12 INAV
E12 2025 03 19 10 50 00-7.857523742132e-04-1.908375679704e-10 0.000000000000e+00
     1.160000000000e+02-1.171875000000e+02 2.485817830005e-09 2.842310142746e+00
    -5.397945642471e-06 5.085548618808e-04 5.450099706650e-06 5.440608331680e+03
     2.982000000000e+05 7.450580596924e-08-3.135847796236e+00 2.980232238770e-08
     9.970265611068e-01 2.419687500000e+02 1.574026853679e-01-5.509515207709e-09
    -2.128660095809e-10 5.170000000000e+02 2.358000000000e+03 0.000000000000e+00
     3.120000000000e+00 0.000000000000e+00-1.164153218269e-08-1.164153218269e-08
     9.999000000000e+08                                                         
> EPH S37 SBAS
S37 2025 03 19 11 01 36-1.303851604462e-08 0.000000000000e+00 9.999000000000e+08
    -2.535077776000e+04-2.100000000000e-04 0.000000000000e+00 4.700000000000e+01
     3.369334432000e+04 5.743750000000e-04 0.000000000000e+00 8.192000000000e+03
    -6.245520000000e+01-9.920000000000e-04 0.000000000000e+00 1.500000000000e+01
> EPH E10 INAV
E10 2025 03 19 10 50 00-6.971881375648e-04-2.529532139306e-12 0.000000000000e+00
     1.160000000000e+02-1.085000000000e+02 2.416886387305e-09 1.741158886394e+00
    -5.079433321953e-06 1.384516945109e-04 5.016103386879e-06 5.440615642548e+03
     2.982000000000e+05 3.166496753693e-08-3.138260728927e+00 3.539025783539e-08
     9.999514712382e-01 2.542500000000e+02 8.926516307977e-01-5.504514999430e-09
    -2.503675716715e-10 5.170000000000e+02 2.358000000000e+03 0.000000000000e+00
     3.120000000000e+00 0.000000000000e+00-6.984919309616e-10 0.000000000000e+00
     9.999000000000e+08                                                         
> EPH S22 SBAS
S22 2025 03 19 11 02 08 0.000000000000e+00 0.000000000000e+00 9.999000000000e+08
    -3.389392800000e+04 0.000000000000e+00 0.000000000000e+00 4.700000000000e+01
     2.508018800000e+04 0.000000000000e+00 0.000000000000e+00 8.192000000000e+03
     0.000000000000e+00 0.000000000000e+00 0.000000000000e+00 1.500000000000e+01
> EPH E27 FNAV
E27 2025 03 19 10 50 00-6.113200797699e-04-1.013233941194e-11 0.000000000000e+00
     1.160000000000e+02 1.310625000000e+02 3.096914713214e-09 4.398140407973e-01
     6.241723895073e-06 2.445231657475e-04 8.666887879372e-06 5.440612867355e+03
     2.982000000000e+05 4.656612873077e-08 1.051392824766e+00 3.352761268616e-08
     9.638472455237e-01 1.567500000000e+02 7.536298366906e-01-5.478442484834e-09
    -7.857470152314e-12 2.580000000000e+02 2.358000000000e+03 0.000000000000e+00
     3.120000000000e+00 0.000000000000e+00 4.656612873077e-10 0.000000000000e+00
     9.999000000000e+08                                                         
> EPH E02 FNAV
E02 2025 03 19 10 50 00 2.057181554846e-04 2.799538378895e-12 0.000000000000e+00
     1.160000000000e+02 1.192187500000e+02 3.001910755918e-09 1.926260987862e+00
     5.455687642097e-06 4.425215302035e-04 9.203329682350e-06 5.440621601105e+03
     2.982000000000e+05-2.793967723846e-08 1.054601227940e+00 9.313225746155e-09
     9.642678856736e-01 1.424687500000e+02 8.369869483460e-01-5.445583973288e-09
    -3.500145795122e-11 2.580000000000e+02 2.358000000000e+03 0.000000000000e+00
     3.120000000000e+00 0.000000000000e+00-3.492459654808e-09 0.000000000000e+00
     9.999000000000e+08                                                         
> EPH S36 SBAS
S36 2025 03 19 11 02 08 0.000000000000e+00 0.000000000000e+00 9.999000000000e+08
     4.200368800000e+04 0.000000000000e+00 0.000000000000e+00 4.700000000000e+01
     3.674846960000e+03 0.000000000000e+00 0.000000000000e+00 8.192000000000e+03
     0.000000000000e+00 0.000000000000e+00 0.000000000000e+00 3.800000000000e+01
> EPH E34 FNAV
E34 2025 03 19 10 50 00-1.699798158370e-04-2.287947609148e-12 0.000000000000e+00
     1.160000000000e+02-9.487500000000e+01 2.304738858767e-09-3.225055146549e-01
    -4.401430487633e-06 6.751262117177e-05 5.997717380524e-06 5.440612817764e+03
     2.982000000000e+05-6.332993507385e-08-3.138236975527e+00 1.862645149231e-08
     9.999389091607e-01 2.304062500000e+02 9.920766768443e-01-5.305220983749e-09
    -2.010798043524e-10 2.580000000000e+02 2.358000000000e+03 0.000000000000e+00
     3.120000000000e+00 0.000000000000e+00 4.423782229424e-09 0.000000000000e+00
     9.999000000000e+08                                                         
> EPH E30 FNAV
E30 2025 03 19 10 50 00-1.357425528113e-03-4.052935764776e-11 0.000000000000e+00
     1.160000000000e+02 1.199062500000e+02 3.045126841756e-09 8.347264312378e-01
     5.576759576797e-06 5.268788663670e-04 8.752569556236e-06 5.440625259399e+03
     2.982000000000e+05-1.490116119385e-08 1.053882512380e+00 1.676380634308e-08
     9.616665891135e-01 1.539687500000e+02 1.133473967569e+00-5.464870490934e-09
     1.428630936784e-12 2.580000000000e+02 2.358000000000e+03 0.000000000000e+00
     3.120000000000e+00 0.000000000000e+00-4.656612873077e-10 0.000000000000e+00
     9.999000000000e+08                                                         
> EPH E03 FNAV
E03 2025 03 19 10 50 00-1.799744786695e-04-2.444267011015e-12 0.000000000000e+00
     1.160000000000e+02-1.896875000000e+01 3.419428147193e-09-1.333008522458e+00
    -8.717179298401e-07 2.919657854363e-04 5.107372999191e-06 5.440601528168e+03
     2.982000000000e+05-4.284083843231e-08-1.048563096473e+00 1.676380634308e-08
     9.635489038623e-01 2.276875000000e+02-8.668900852231e-02-5.715238062606e-09
     2.750114553310e-10 2.580000000000e+02 2.358000000000e+03 0.000000000000e+00
     3.120000000000e+00 0.000000000000e+00 2.561137080193e-09 0.000000000000e+00
     9.999000000000e+08                                                         
> EPH E04 FNAV
E04 2025 03 19 10 50 00-1.853171852417e-04-9.720224625198e-12 0.000000000000e+00
     1.160000000000e+02-2.421875000000e+01 3.459429813423e-09 2.108834125292e+00
    -1.356005668640e-06 3.575802547857e-04 5.032867193222e-06 5.440597393036e+03
     2.982000000000e+05 7.078051567078e-08-1.048437052914e+00 3.725290298462e-09
     9.635881744352e-01 2.332500000000e+02-1.189089229722e+00-5.691665652149e-09
     2.775115594704e-10 2.580000000000e+02 2.358000000000e+03 0.000000000000e+00
     3.120000000000e+00 0.000000000000e+00-5.355104804039e-09 0.000000000000e+00
     9.999000000000e+08                                                         
> EPH E05 FNAV
E05 2025 03 19 10 50 00 4.836691077799e-03 3.169020601490e-12 0.000000000000e+00
     1.160000000000e+02-2.412500000000e+01 3.404427522357e-09 4.210028204802e-01
    -1.024454832077e-06 2.648840891197e-04 5.088746547699e-06 5.440601343155e+03
     2.982000000000e+05-5.587935447693e-09-1.048556602580e+00-5.215406417847e-08
     9.635630473543e-01 2.329687500000e+02-1.059877654536e+00-5.665235979818e-09
     2.707255625206e-10 2.580000000000e+02 2.358000000000e+03 0.000000000000e+00
     3.120000000000e+00 0.000000000000e+00 2.561137080193e-09 0.000000000000e+00
     9.999000000000e+08                                                         
> EPH E07 FNAV
E07 2025 03 19 10 50 00-1.747748465277e-04-2.046363078989e-12 0.000000000000e+00
     1.160000000000e+02-1.503125000000e+01 3.505146003400e-09-2.213153720724e+00
    -7.208436727524e-07 3.738813102245e-04 4.919245839119e-06 5.440601224899e+03
     2.982000000000e+05-2.235174179077e-08-1.048490557680e+00 3.725290298462e-09
     9.635899343257e-01 2.393125000000e+02-7.712268437794e-01-5.699165964567e-09
     2.639395655709e-10 2.580000000000e+02 2.358000000000e+03 0.000000000000e+00
     3.120000000000e+00 0.000000000000e+00 2.328306436539e-09 0.000000000000e+00
     9.999000000000e+08                                                         
> EPH E08 FNAV
E08 2025 03 19 10 50 00-4.347463836893e-04-6.295408638834e-12 0.000000000000e+00
     1.160000000000e+02-1.071875000000e+01 3.396212894471e-09-1.815352881923e+00
    -7.152557373047e-07 3.080449532717e-04 5.012378096581e-06 5.440603429794e+03
     2.982000000000e+05 9.313225746155e-09-1.047392321671e+00 3.725290298462e-09
     9.693733966244e-01 2.359687500000e+02-3.814061265475e-01-5.674522080907e-09
     2.564392531528e-10 2.580000000000e+02 2.358000000000e+03 0.000000000000e+00
     3.120000000000e+00 0.000000000000e+00-6.053596735001e-09 0.000000000000e+00
     9.999000000000e+08                                                         
> EPH E10 FNAV
E10 2025 03 19 10 50 00-6.971889524721e-04-2.529532139306e-12 0.000000000000e+00
     1.160000000000e+02-1.085000000000e+02 2.416886387305e-09 1.741158886394e+00
    -5.079433321953e-06 1.384516945109e-04 5.016103386879e-06 5.440615642548e+03
     2.982000000000e+05 3.166496753693e-08-3.138260728927e+00 3.539025783539e-08
     9.999514712382e-01 2.542500000000e+02 8.926516307977e-01-5.504514999430e-09
    -2.503675716715e-10 2.580000000000e+02 2.358000000000e+03 0.000000000000e+00
     3.120000000000e+00 0.000000000000e+00-6.984919309616e-10 0.000000000000e+00
     9.999000000000e+08                                                         
> EPH E13 FNAV
E13 2025 03 19 10 50 00-3.184675006196e-05-5.968558980385e-13 0.000000000000e+00
     1.160000000000e+02-1.073750000000e+02 2.479388990789e-09-5.436546095567e-01
    -5.092471837997e-06 3.377668326721e-04 6.269663572311e-06 5.440609777451e+03
     2.982000000000e+05-3.725290298462e-08-3.136361167837e+00 7.450580596924e-09
     1.000113458694e+00 2.231875000000e+02-3.679707893118e-01-5.424511666970e-09
    -2.760829285336e-10 2.580000000000e+02 2.358000000000e+03 0.000000000000e+00
     3.120000000000e+00 0.000000000000e+00 3.725290298462e-09 0.000000000000e+00
     9.999000000000e+08                                                         
> EPH E16 FNAV
E16 2025 03 19 10 50 00-2.715433947742e-05-2.259525899717e-12 0.000000000000e+00
     1.160000000000e+02 1.273750000000e+02 2.991553181626e-09 1.404142361080e+00
     6.100162863731e-06 3.051012754440e-04 9.870156645775e-06 5.440624536514e+03
     2.982000000000e+05 2.607703208923e-08 1.047417214686e+00-5.587935447693e-09
     9.657928651266e-01 1.282812500000e+02 2.529856730276e+00-5.489157216860e-09
    -5.321650239522e-11 2.580000000000e+02 2.358000000000e+03 0.000000000000e+00
     3.120000000000e+00 0.000000000000e+00-2.793967723846e-09 0.000000000000e+00
     9.999000000000e+08                                                         
> EPH E18 FNAV
E18 2025 03 19 10 50 00 1.233006361872e-03 4.260414243618e-11 0.000000000000e+00
     1.160000000000e+02 1.285625000000e+02 4.082670059595e-09 2.869958962362e+00
     6.694346666336e-06 1.620636720909e-01-1.678243279457e-06 5.289393915176e+03
     2.982000000000e+05-1.441687345505e-06 2.063165648388e+00 8.661299943924e-07
     8.612875317628e-01 4.036562500000e+02 2.823448232318e+00-5.844529162385e-09
     6.785996949726e-12 2.580000000000e+02 2.358000000000e+03 0.000000000000e+00
     3.120000000000e+00 1.600000000000e+01-2.328306436539e-09 0.000000000000e+00
     9.999000000000e+08                                                         
> EPH E21 FNAV
E21 2025 03 19 10 50 00-6.530082901008e-04-2.330580173293e-12 0.000000000000e+00
     1.160000000000e+02 1.386250000000e+02 3.005125175526e-09-1.010873951163e+00
     6.519258022308e-06 2.172719687223e-04 9.225681424141e-06 5.440617273331e+03
     2.982000000000e+05 1.862645149231e-08 1.051423143743e+00-6.519258022308e-08
     9.638758865339e-01 1.408437500000e+02 1.406281009797e+00-5.463441859998e-09
    -6.035965707914e-11 2.580000000000e+02 2.358000000000e+03 0.000000000000e+00
     3.120000000000e+00 0.000000000000e+00 4.656612873077e-10 0.000000000000e+00
     9.999000000000e+08                                                         
> EPH E31 FNAV
E31 2025 03 19 10 50 00-5.911005428061e-05-1.577404873387e-12 0.000000000000e+00
     1.160000000000e+02 1.485000000000e+02 3.023697377704e-09-1.549004058328e+00
     6.863847374916e-06 8.203892502934e-05 1.017935574055e-05 5.440616828918e+03
     2.982000000000e+05-5.774199962616e-08 1.051350881441e+00-9.313225746155e-09
     9.638516723138e-01 1.238750000000e+02 3.851398972512e-01-5.449869866098e-09
    -2.535819912792e-11 2.580000000000e+02 2.358000000000e+03 0.000000000000e+00
     3.120000000000e+00 0.000000000000e+00 3.958120942116e-09 0.000000000000e+00
     9.999000000000e+08                                                         
> EPH E33 FNAV
E33 2025 03 19 10 50 00 1.607905142009e-05-1.278976924368e-13 0.000000000000e+00
     1.160000000000e+02-1.250937500000e+02 2.374741774670e-09-1.556546561121e+00
    -5.725771188736e-06 1.580538228154e-04 5.781650543213e-06 5.440614593506e+03
     2.982000000000e+05-7.823109626770e-08-3.136396068674e+00 9.685754776001e-08
     1.000131806613e+00 2.362187500000e+02-9.008364701977e-01-5.384510000740e-09
    -2.600108304947e-10 2.580000000000e+02 2.358000000000e+03 0.000000000000e+00
     3.120000000000e+00 0.000000000000e+00-3.725290298462e-09 0.000000000000e+00
     9.999000000000e+08                                                         
> EPH E12 FNAV
E12 2025 03 19 10 50 00-7.857531309128e-04-1.908944113893e-10 0.000000000000e+00
     1.160000000000e+02-1.171875000000e+02 2.485817830005e-09 2.842310142746e+00
    -5.397945642471e-06 5.085548618808e-04 5.450099706650e-06 5.440608331680e+03
     2.982000000000e+05 7.450580596924e-08-3.135847796236e+00 2.980232238770e-08
     9.970265611068e-01 2.419687500000e+02 1.574026853679e-01-5.509515207709e-09
    -2.128660095809e-10 2.580000000000e+02 2.358000000000e+03 0.000000000000e+00
     3.120000000000e+00 0.000000000000e+00-1.164153218269e-08 0.000000000000e+00
     9.999000000000e+08                                                         
> EPH S37 SBAS
S37 2025 03 19 11 02 40-1.303851604462e-08 0.000000000000e+00 9.999000000000e+08
    -2.535079096000e+04-2.050000000000e-04 0.000000000000e+00 4.700000000000e+01
     3.369338152000e+04 5.762500000000e-04 0.000000000000e+00 8.192000000000e+03
    -6.251760000000e+01-9.720000000000e-04 0.000000000000e+00 1.500000000000e+01
> EPH E14 INAV
E14 2025 03 19 10 50 00 4.064599052072e-04-3.603446430134e-10-6.938893903907e-18
     1.160000000000e+02 8.937500000000e+00 7.196014028583e-09-1.470412520812e-01
    -5.271285772324e-07 1.620372964535e-01 7.320195436478e-07 5.289308607101e+03
     2.982000000000e+05 2.857297658920e-06 2.047113408182e+00-5.625188350677e-07
     8.615645250607e-01 2.817500000000e+02 2.837061593517e+00-1.035114545247e-08
    -2.796545058755e-10 5.170000000000e+02 2.358000000000e+03 0.000000000000e+00
     3.600000000000e+00 1.300000000000e+02-2.793967723846e-09-3.958120942116e-09
     9.999000000000e+08                                                         
> EPH E14 FNAV
E14 2025 03 19 10 50 00 4.064607201144e-04-3.603446430134e-10-6.938893903907e-18
     1.160000000000e+02 8.937500000000e+00 7.196014028583e-09-1.470412520812e-01
    -5.271285772324e-07 1.620372964535e-01 7.320195436478e-07 5.289308607101e+03
     2.982000000000e+05 2.857297658920e-06 2.047113408182e+00-5.625188350677e-07
     8.615645250607e-01 2.817500000000e+02 2.837061593517e+00-1.035114545247e-08
    -2.796545058755e-10 2.580000000000e+02 2.358000000000e+03 0.000000000000e+00
     3.600000000000e+00 1.600000000000e+01-2.793967723846e-09 0.000000000000e+00
     9.999000000000e+08                                                         
> EPH S22 SBAS
S22 2025 03 19 11 03 28 0.000000000000e+00 0.000000000000e+00 9.999000000000e+08
    -3.389392800000e+04 0.000000000000e+00 0.000000000000e+00 4.700000000000e+01
     2.508018800000e+04 0.000000000000e+00 0.000000000000e+00 8.192000000000e+03
     0.000000000000e+00 0.000000000000e+00 0.000000000000e+00 1.500000000000e+01
> EPH S23 SBAS
S23 2025 03 19 11 03 44 0.000000000000e+00 0.000000000000e+00 9.999000000000e+08
     3.866796400000e+04 0.000000000000e+00 0.000000000000e+00 4.700000000000e+01
     1.681330800000e+04 0.000000000000e+00 0.000000000000e+00 8.192000000000e+03
     0.000000000000e+00 0.000000000000e+00 0.000000000000e+00 1.500000000000e+01
> EPH S37 SBAS
S37 2025 03 19 11 03 44-1.303851604462e-08 0.000000000000e+00 9.999000000000e+08
    -2.535080392000e+04-2.000000000000e-04 0.000000000000e+00 4.700000000000e+01
     3.369341848000e+04 5.787500000000e-04 0.000000000000e+00 8.192000000000e+03
    -6.257920000000e+01-9.520000000000e-04 0.000000000000e+00 1.500000000000e+01
> EPH S27 SBAS
S27 2025 03 19 11 04 32 2.374872565269e-08 3.183231456205e-11 9.999000000000e+08
     2.408881520000e+04 1.558750000000e-03 3.000000000000e-07 0.000000000000e+00
     3.460599552000e+04 1.806250000000e-03-2.000000000000e-07 4.096000000000e+03
    -5.382700000000e+02 3.237200000000e-02 2.812500000000e-06 1.400000000000e+01
> EPH S28 SBAS
S28 2025 03 19 11 04 32 0.000000000000e+00 0.000000000000e+00 9.999000000000e+08
     5.128701920000e+03 1.250625000000e-03 1.125000000000e-07 4.700000000000e+01
     4.186273528000e+04 6.062500000000e-04 0.000000000000e+00 8.192000000000e+03
    -7.924800000000e+00-1.896000000000e-03 6.250000000000e-08 1.500000000000e+01
> EPH S31 SBAS
S31 2025 03 19 11 04 32-2.933666110039e-08 7.275957614183e-12 9.999000000000e+08
    -1.913527064000e+04-8.750000000000e-05-2.500000000000e-08 0.000000000000e+00
    -3.757306000000e+04-8.062500000000e-05 0.000000000000e+00 2.000000000000e+00
    -2.721600000000e+00 8.800000000000e-05 0.000000000000e+00 2.220000000000e+02
> EPH S32 SBAS
S32 2025 03 19 11 04 32 0.000000000000e+00 0.000000000000e+00 9.999000000000e+08
    -2.578429040000e+03-1.054375000000e-03 8.750000000000e-08 4.700000000000e+01
     4.207930328000e+04 5.143750000000e-04 5.000000000000e-08 8.192000000000e+03
    -8.351600000000e+00-2.296000000000e-03 6.250000000000e-08 1.500000000000e+01
> EPH S33 SBAS
S33 2025 03 19 11 04 32 3.073364496231e-08 2.728484105319e-12 9.999000000000e+08
    -2.663617416000e+04-1.943750000000e-04 0.000000000000e+00 0.000000000000e+00
    -3.268864976000e+04 1.781250000000e-04 0.000000000000e+00 2.000000000000e+00
     1.586600000000e+01-5.000000000000e-04-6.250000000000e-08 4.900000000000e+01
> EPH S35 SBAS
S35 2025 03 19 11 04 32-3.287568688393e-07-2.000888343900e-11 9.999000000000e+08
    -2.419361064000e+04-7.831250000000e-04 3.750000000000e-08 0.000000000000e+00
    -3.454184344000e+04 6.925000000000e-04 1.250000000000e-08 2.000000000000e+00
     2.826800000000e+00 1.240000000000e-03 0.000000000000e+00 1.860000000000e+02
> EPH E19 INAV
E19 2025 03 19 10 50 00 1.528492954094e-03 5.186961971049e-11 0.000000000000e+00
     1.160000000000e+02-2.056250000000e+01 3.361568594254e-09-3.135442664481e+00
    -9.350478649139e-07 3.668082645163e-04 4.803761839867e-06 5.440611688614e+03
     2.982000000000e+05 5.587935447693e-09-1.042313172505e+00 4.097819328308e-08
     9.690641094099e-01 2.374062500000e+02-1.364918485968e+00-5.630234521867e-09
     3.028697585983e-10 5.170000000000e+02 2.358000000000e+03 0.000000000000e+00
     3.120000000000e+00 0.000000000000e+00-6.053596735001e-09-6.286427378654e-09
     9.999000000000e+08                                                         
> EPH S36 SBAS
S36 2025 03 19 11 04 48 0.000000000000e+00 0.000000000000e+00 9.999000000000e+08
     4.200368800000e+04 0.000000000000e+00 0.000000000000e+00 4.700000000000e+01
     3.674846960000e+03 0.000000000000e+00 0.000000000000e+00 8.192000000000e+03
     0.000000000000e+00 0.000000000000e+00 0.000000000000e+00 3.900000000000e+01
> EPH S37 SBAS
S37 2025 03 19 11 04 48-1.350417733192e-08 0.000000000000e+00 9.999000000000e+08
    -2.535081656000e+04-1.943750000000e-04 0.000000000000e+00 4.700000000000e+01
     3.369345560000e+04 5.812500000000e-04 0.000000000000e+00 8.192000000000e+03
    -6.263960000000e+01-9.280000000000e-04 0.000000000000e+00 1.500000000000e+01
> EPH S22 SBAS
S22 2025 03 19 11 04 48 0.000000000000e+00 0.000000000000e+00 9.999000000000e+08
    -3.389392800000e+04 0.000000000000e+00 0.000000000000e+00 4.700000000000e+01
     2.508018800000e+04 0.000000000000e+00 0.000000000000e+00 8.192000000000e+03
     0.000000000000e+00 0.000000000000e+00 0.000000000000e+00 1.500000000000e+01
